timestamp,volume,conditions,current_price,open,high,low,close,Daily_Percentage_Change,Rolling_Mean_10D,Rolling_Std_10D,Rolling_Mean_20D,Rolling_Std_20D,MACD,RSI,Lag_1,Lag_5,Lag_10,EMA_10,EMA_20,Cumulative_Sum,Z_Score,Bollinger_Upper,Bollinger_Lower,Rate_Of_Change
2023-01-01 00:00:00,,,0.7014563106796114,0.7099879663056559,0.7191539365452411,0.7180451127819549,0.8542944785276072,,,,,,0.4093983497749226,,,,,0.7595500022817601,0.8720104975851015,0.0,0.7014563106796116,,,
2023-01-01 00:01:00,,,0.7172330097087383,0.7099879663056559,0.7191539365452411,0.7180451127819549,0.8542944785276072,0.504810908144367,,,,,0.4125618705483598,,0.7014563106796114,,,0.762863111243989,0.8741018461217034,0.0067482061317677,0.717233009708738,,,
2023-01-01 00:02:00,,,0.7196601941747576,,0.6944770857814337,0.7468671679197998,0.9064417177914108,0.4844494687577386,,,,,0.4154910564496904,,0.7172330097087383,,,0.7660835458296522,0.8763157645359083,0.0135029354207436,0.7196601941747575,,,
2023-01-01 00:03:00,,,0.6516990291262135,0.6221419975932609,0.6298472385428908,0.6478696741854639,0.9064417177914108,0.3779848227181457,,,,,0.4040890960130236,,0.7196601941747576,,,0.7544465928631445,0.869309947573508,0.020075016307893,0.6516990291262135,,,
2023-01-01 00:04:00,,,0.6516990291262135,0.6221419975932609,0.6321974148061107,0.6478696741854639,0.9064417177914108,0.4807748477896535,,,,,0.3952164404431211,,0.6516990291262135,,,0.7449254495269111,0.8629713512741937,0.0266470971950423,0.6516990291262135,,,
2023-01-01 00:05:00,,,0.6638349514563109,0.6221419975932609,0.6415981198589897,0.6478696741854639,0.9064417177914108,0.499640333603469,,,,,0.3908600243873715,,0.6516990291262135,0.7014563106796114,,0.7396839685164625,0.8588451604564491,0.0332517938682322,0.6638349514563108,,,0.2516192833839875
2023-01-01 00:06:00,,,0.7135922330097089,0.6221419975932609,0.7038777908343128,0.6478696741854639,0.9064417177914108,0.557741371765375,,,,,0.3976353986962432,,0.6638349514563109,0.7172330097087383,,0.7458445200111683,0.8617077317312893,0.0399902152641878,0.7135922330097089,,,0.2734063675015015
2023-01-01 00:07:00,,,0.6929611650485434,0.6221419975932609,0.7038777908343128,0.6478696741854639,0.9064417177914108,0.4494952148490799,,,,,0.3989408793351234,,0.7135922330097089,0.7196601941747576,,0.746552444129656,0.8615628367764128,0.0466731898238747,0.6929611650485435,,,0.2587414666800958
2023-01-01 00:08:00,,,0.6905339805825241,0.6221419975932609,0.7038777908343128,0.6478696741854639,0.9064417177914108,0.4770643593645842,,,,,0.3995961697501815,,0.6929611650485434,0.6516990291262135,,0.7466219457009426,0.8611099954123396,0.0533496412263535,0.6905339805825241,,,0.3011135434138791
2023-01-01 00:09:00,,,0.6504854368932038,0.6221419975932609,0.7038777908343128,0.6478696741854639,0.9064417177914108,0.4194919714247465,0.6994326428288689,0.0583782288998372,,,0.3921908038672984,,0.6905339805825241,0.6516990291262135,,0.7382686109495538,0.8553914739735444,0.0599184605348988,0.650485436893204,,,0.2749310617208091
2023-01-01 00:10:00,,,0.6128640776699028,0.6221419975932609,0.7038777908343128,0.6040100250626566,0.9064417177914108,0.422262803531462,0.6898007652724629,0.0784626902650028,,,0.3790411961136536,,0.6504854368932038,0.6638349514563109,0.7014563106796114,0.7235335737325412,0.8452305117291847,0.0663861709067188,0.6128640776699028,,,0.2425658705460082
2023-01-01 00:11:00,,,0.5728155339805825,0.6221419975932609,0.7038777908343128,0.585213032581454,0.9064417177914108,0.4175141075380326,0.6740994854202398,0.1049170000879606,,,0.3610542715360477,,0.6128640776699028,0.7135922330097089,0.7172330097087383,0.7030674345179988,0.8307284523510821,0.0727462491846053,0.5728155339805826,,,0.1859610088626975
2023-01-01 00:12:00,,,0.5691747572815531,0.6221419975932609,0.7038777908343128,0.5751879699248121,0.9064417177914108,0.4749265471873706,0.6577384879271666,0.114782515590215,,,0.3467828381214197,,0.5728155339805825,0.6929611650485434,0.7196601941747576,0.6855578479176132,0.8171249225921176,0.0790965427266796,0.5691747572815533,,,0.1961396696539087
2023-01-01 00:13:00,,,0.5703883495145632,0.6221419975932609,0.7038777908343128,0.5726817042606518,0.9064417177914108,0.4827272850734154,0.6488982715397802,0.1301490845505035,,,0.3365584304817445,0.2773546605058539,0.5691747572815531,0.6905339805825241,0.6516990291262135,0.6714866770528545,0.8049778400602658,0.085450097847358,0.5703883495145632,,,0.198404928569318
2023-01-01 00:14:00,,,0.2985436893203881,0.4235860409145608,0.4336075205640421,0.3007518796992481,0.5092024539877302,0.0436534064691356,0.6105027048423273,0.3112864137220686,,,0.2748680428421858,0.1307742995332774,0.5703883495145632,0.6504854368932038,0.6516990291262135,0.6028864849262137,0.7579520785161526,0.0910730593607305,0.2985436893203883,,,0.0455217502463473
2023-01-01 00:15:00,,,0.1978155339805825,0.1660649819494584,0.199764982373678,0.1804511278195493,0.2131901840490799,0.2977610325384046,0.5598363900250691,0.456939121593753,,,0.2078703635646353,0.0833794444292021,0.2985436893203881,0.6128640776699028,0.6638349514563109,0.5256061285532612,0.7020525048872397,0.0964253098499673,0.1978155339805826,,,0.0
2023-01-01 00:16:00,,,0.1929611650485438,0.1660649819494584,0.199764982373678,0.1804511278195493,0.2131901840490799,0.4715088017409424,0.5032326164401637,0.5238707900257111,,,0.1567025285218536,0.0788724274887932,0.1978155339805825,0.5728155339805825,0.7135922330097089,0.4613573279240754,0.6508332083179509,0.1017645140247879,0.1929611650485439,,,0.0191097027136707
2023-01-01 00:17:00,,,0.1941747572815533,0.1660649819494584,0.199764982373678,0.1804511278195493,0.2131901840490799,0.4830970196842676,0.4490038263623168,0.5513597372154146,,,0.1197368410834774,0.0932752701565148,0.1929611650485438,0.5691747572815531,0.6929611650485434,0.4090449819448434,0.6046528129577098,0.1071069797782126,0.1941747572815533,,,0.0219987774433925
2023-01-01 00:18:00,,,0.2087378640776698,0.1660649819494584,0.2009400705052881,0.1804511278195493,0.2131901840490799,0.5086238982767142,0.3966222456788488,0.5378316540782424,,,0.0969962790316432,0.1170464983139042,0.1941747572815533,0.5703883495145632,0.6905339805825241,0.3693022260248719,0.5648010260611684,0.1124885844748858,0.20873786407767,,,0.0311566962815131
2023-01-01 00:19:00,,,0.1783980582524271,0.1660649819494584,0.2209165687426557,0.1804511278195493,0.2131901840490799,0.4231779479186872,0.3452962132207415,0.515004343413828,0.5743177204721452,0.5117948769382827,0.076656043124659,0.0911961006622424,0.2087378640776698,0.2985436893203881,0.6504854368932038,0.3304140623378111,0.5247228233316377,0.1177886497064579,0.1783980582524273,0.6380114163794135,0.4819708982761412,0.1839187267334078
2023-01-01 00:20:00,,,0.1783980582524271,0.1660649819494584,0.2209165687426557,0.1804511278195493,0.2131901840490799,0.4807748477896535,0.2980604301359013,0.473751207234467,0.5419141417938502,0.5340836443983219,0.064511895979873,0.0052934661836721,0.1783980582524271,0.1978155339805825,0.6128640776699028,0.2985964738665796,0.4884615922906343,0.1230887149380299,0.1783980582524273,0.631364013431406,0.4394978437135417,0.2601367242450227
2023-01-01 00:21:00,,,0.0825242718446603,0.1660649819494584,0.2209165687426557,0.0563909774436091,0.2131901840490799,0.2959685487575188,0.2447552447552448,0.4425019797155552,0.5025937899406059,0.5640556478315899,0.039703108346321,0.0014545678577943,0.1783980582524271,0.1929611650485438,0.5728155339805825,0.2524303931720948,0.4429448476409989,0.1281311154598825,0.0825242718446603,0.6250470350544768,0.3857275677355272,0.1868525360896981
2023-01-01 00:22:00,,,0.046116504854369,0.1660649819494584,0.2209165687426557,0.0476190476190478,0.2131901840490799,0.4070090898695282,0.187887584113999,0.3736079121443946,0.4608676039395538,0.5885196333095574,0.0171786426483261,0.0,0.0825242718446603,0.1941747572815533,0.5691747572815531,0.2070125092644703,0.3969368421226136,0.1330756686236138,0.046116504854369,0.6139533969217597,0.3342663166335484,0.1566502209024761
2023-01-01 00:23:00,,,0.046116504854369,0.1660649819494584,0.2209165687426557,0.0025062656641603,0.2131901840490799,0.4807748477896535,0.1308879799445839,0.2010341435414395,0.4233516276971656,0.6103692907517735,0.0040010094903703,0.0017306078606821,0.046116504854369,0.2087378640776698,0.5703883495145632,0.1698524224309592,0.3553105514155028,0.138020221787345,0.046116504854369,0.6038918804010345,0.2881088092294874,0.145889173986148
2023-01-01 00:24:00,,,0.054611650485437,,,,0.2131901840490799,0.4983274650326525,0.1043673307824251,0.174860923757291,0.3863619276746113,0.6205946596973024,0.0,0.0184906350798551,0.046116504854369,0.1783980582524271,0.2985436893203881,0.1412326967706154,0.3187747800976428,0.1429876060013046,0.054611650485437,0.587203914444937,0.2512298569088029,0.1753741586042504
2023-01-01 00:25:00,,,0.0558252427184466,0.0481347773766545,0.0599294947121034,0.06140350877193,0.0659509202453985,0.483270839510917,0.0889299379865418,0.1773491396175163,0.348695586797985,0.6192343589497952,0.0017741619661852,0.0239711425030957,0.054611650485437,0.1783980582524271,0.1978155339805825,0.1180714121295265,0.2858794790125043,0.1479582517938682,0.0558252427184467,0.5631710521061517,0.2226542856047546,0.1763579851890809
2023-01-01 00:26:00,,,0.0679611650485436,0.0481347773766545,0.0658049353701526,0.0563909774436091,0.0659509202453985,0.5057183871038519,0.0753397545850373,0.170303535997035,0.3086985940906701,0.5963350528559134,0.0102429423102412,0.0463051903863337,0.0558252427184466,0.0825242718446603,0.1929611650485438,0.1016698155060149,0.2577257933885382,0.1529615133724722,0.0679611650485437,0.5248219685109425,0.2086722417874187,0.2633152733590356
2023-01-01 00:27:00,,,0.0813106796116505,0.0481347773766545,0.0799059929494712,0.0563909774436091,0.0659509202453985,0.5080338760206321,0.0630690064652326,0.1534673471692025,0.2708067062626869,0.5642127820398685,0.0241036314674631,0.0674044355867948,0.0679611650485436,0.046116504854369,0.1941747572815533,0.0910537272506224,0.2340230137652246,0.1580006523157208,0.0813106796116505,0.4822556043983808,0.2033787403868663,0.3063068105011168
2023-01-01 00:28:00,,,0.08373786407767,0.0481347773766545,0.1128084606345476,0.0563909774436091,0.0659509202453985,0.485695747972804,0.0494788230637286,0.117841545281543,0.2332155477031801,0.5192495414606474,0.039840664268693,0.155292985864062,0.0813106796116505,0.046116504854369,0.2087378640776698,0.0828775459309589,0.2128993876537919,0.1630463144161774,0.08373786407767,0.4321962240616865,0.2081143245885983,0.3084159374145069
2023-01-01 00:29:00,,,0.0,0.0481347773766545,0.1128084606345476,0.0037593984962405,0.0659509202453985,0.3112232757066662,0.0300831244227468,0.1056912884145327,0.1929178257273891,0.4799503645305961,0.0395907370933356,0.1654933427100428,0.08373786407767,0.054611650485437,0.1783980582524271,0.0586029800796819,0.182687300917308,0.1678669275929549,0.0,0.3838552699041904,0.2064025592407528,0.2284872286182683
2023-01-01 00:30:00,,,0.0024271844660195,,0.0,0.006265664160401,0.0,0.4859188199026225,0.0109513128381049,0.0637266051255136,0.1551011202165253,0.4339733939435452,0.0440959524758681,0.1758909447602514,0.0,0.0558252427184466,0.1783980582524271,0.0392516807270215,0.1556743017034829,0.1726940639269406,0.0024271844660196,0.3330506797475541,0.2117339012560635,0.2295672518741663
2023-01-01 00:31:00,,,0.1419902912621358,0.1263537906137182,0.1492361927144536,0.1315789473684212,0.0,0.7761535437495419,0.0174165457184323,0.0929620118237196,0.128411397639276,0.3720471478010324,0.0797736613673629,0.4578909819649245,0.0024271844660195,0.0679611650485436,0.0825242718446603,0.0527270710274327,0.1497343599821605,0.1778962818003913,0.1419902912621359,0.2795682826738668,0.2379762614071392,0.3392980101665613
2023-01-01 00:32:00,,,0.1310679611650484,0.1263537906137182,0.1492361927144536,0.1315789473684212,0.0,0.4593249678377076,0.0266525926903284,0.1086142279658114,0.1012705811593113,0.290948673293727,0.1092925592330217,0.425222504748521,0.1419902912621358,0.0813106796116505,0.046116504854369,0.0614586995441279,0.1429122703170158,0.1830691454664056,0.1310679611650486,0.2143435604945303,0.2784849128589581,0.3181500017872751
2023-01-01 00:33:00,,,0.0,0.1263537906137182,0.1492361927144536,0.0,0.0,0.221915640803368,0.0216387386198706,0.1205293696621097,0.0659348921133751,0.1758221922956513,0.1095583526799769,0.3403850111793398,0.1310679611650484,0.08373786407767,0.046116504854369,0.0410784693995474,0.1193656233268916,0.1878897586431832,0.0,0.1237196745010604,0.3385009322994694,0.2044177114824821
2023-01-01 00:34:00,,,0.016990291262136,0.0,0.0164512338425382,0.0037593984962405,0.0,0.5167826525804335,0.0175484892466022,0.1259045709744934,0.0484925945417642,0.1503459262132975,0.1165904439581872,0.3628540437538971,0.0,0.0,0.054611650485437,0.0279716991426757,0.1003137356463064,0.1927560339204174,0.016990291262136,0.0977335344070708,0.3442164102502101,0.2908679444145365
2023-01-01 00:35:00,,,0.0206310679611649,0.0,0.0223266745005876,0.0037593984962405,0.0,0.4884184042068459,0.0137221269296741,0.1295576479306943,0.0375159762423882,0.1452053899844299,0.1261668026687938,0.4494094899887487,0.016990291262136,0.0024271844660195,0.0558252427184466,0.0180125416300858,0.0835589323521723,0.1976320939334637,0.020631067961165,0.0878931455700409,0.3395069136271171,0.2919276952605055
2023-01-01 00:36:00,,,0.0109223300970873,0.0,0.0223266745005876,0.0037593984962405,0.0,0.460432932651279,0.0075207811056865,0.1334768614202403,0.0262386286745361,0.139165748532473,0.1349505757365403,0.478640340321799,0.0206310679611649,0.1419902912621358,0.0679611650485436,0.0078253037444264,0.0671128408950285,0.2024820613176777,0.0109223300970874,0.0773297418633889,0.3352466530987936,0.1674727049668341
2023-01-01 00:37:00,,,0.0133495145631068,0.0,0.0329024676850764,0.0037593984962405,0.0,0.485887686244911,0.0001319435281699,0.1327940466184082,0.0150364634238031,0.1289219825256765,0.1454467546868242,0.4819378366726414,0.0109223300970873,0.1310679611650484,0.0813106796116505,0.0,0.0525547897910825,0.2073385518590997,0.0133495145631069,0.0642987812049269,0.3342516086351224,0.1779466231990122
2023-01-01 00:38:00,,,0.0825242718446603,0.0,0.0846063454759107,0.0037593984962405,0.0,0.6262950205999798,0.0,0.1325180247987318,0.0072175024434253,0.1071669252997145,0.1705490739517816,0.5539452083242442,0.0133495145631068,0.0,0.08373786407767,0.0081241872812571,0.0485529787128333,0.2123809523809523,0.0825242718446603,0.0464700953863563,0.3446950384342615,0.3492784875937501
2023-01-01 00:39:00,,,0.0873786407766989,0.0,0.0846063454759107,0.0037593984962405,0.0,0.4906102821790037,0.0094999340282362,0.1312196979047237,0.0015788286594995,0.0909696729167412,0.1939114532813743,0.5577125505222482,0.0825242718446603,0.016990291262136,0.0,0.0157906677445103,0.0455757843565947,0.217436399217221,0.0873786407766991,0.0333088012936919,0.352614152310394,0.3378730330051367
2023-01-01 00:40:00,,,0.1529126213592233,,0.1774383078730903,0.1553884711779449,0.0,0.6132105582026364,0.0258609315213085,0.1467538622097553,0.0,0.0834844326502221,0.2278117814559702,0.6072966963073333,0.0873786407766989,0.0206310679611649,0.0024271844660195,0.0358253875890186,0.0515692723951137,0.2226679712981082,0.1529126213592233,0.027859647803677,0.3570812116843254,0.3922865330249254
2023-01-01 00:41:00,,,0.2172330097087378,0.1660649819494584,0.2150411280846063,0.1265664160401003,0.0,0.606382052121724,0.0340414302678453,0.184470203451313,0.0083452372002108,0.1134361533365979,0.269338661080124,0.6464862020760179,0.1529126213592233,0.0109223300970873,0.1419902912621358,0.0657247214826353,0.0655182191597734,0.2280724070450097,0.217233009708738,0.0509140434909651,0.3408006763076159,0.4584965577212727
2023-01-01 00:42:00,,,0.2220873786407768,0.1660649819494584,0.2373678025851939,0.1265664160401003,0.0,0.4899514208529821,0.0439371948805906,0.2187468000068025,0.0192466731824678,0.1373000212755616,0.3044434784446624,0.6481888006002121,0.2172330097087378,0.0133495145631068,0.1310679611650484,0.0912072309923641,0.0787821866614053,0.2334898891063274,0.2220873786407767,0.0719039111443868,0.3311724610091544,0.460398432956847
2023-01-01 00:43:00,,,0.2427184466019418,0.1660649819494584,0.2397179788484136,0.1265664160401003,0.0,0.51968136293428,0.0703259005145795,0.2407798930773728,0.0314262085557475,0.1609212923022957,0.3372802314235124,0.7678875227335826,0.2220873786407768,0.0825242718446603,0.0,0.1163890840593233,0.0935177595568999,0.2389628180039138,0.242718446601942,0.0935366009781746,0.3227340832547705,0.4122256361341585
2023-01-01 00:44:00,,,0.3422330097087382,0.1660649819494584,0.3325499412455934,0.1265664160401003,0.0,0.6665402960028066,0.1056867660641247,0.2949160826730719,0.0492444177129542,0.2085977833256577,0.3837834067368426,0.8140687920038066,0.2427184466019418,0.0873786407766989,0.016990291262136,0.1578904903024351,0.1200415276346129,0.2447031963470319,0.3422330097087381,0.1330293442863652,0.3003840251627756,0.4923250006269062
2023-01-01 00:45:00,,,0.2912621359223302,0.1660649819494584,0.3384253819036427,0.1265664160401003,0.0,0.3900597304928812,0.1351101728460213,0.2972439757252165,0.0638297872340429,0.2303637149803946,0.4102888210566167,0.6713489646032177,0.3422330097087382,0.1529126213592233,0.0206310679611649,0.1811422958261705,0.1372825580591996,0.2503065883887801,0.2912621359223302,0.155035692231775,0.2952519941313409,0.3893490805062472
2023-01-01 00:46:00,,,0.2839805825242718,0.2683513838748497,0.2820211515863688,0.2894736842105261,0.0,0.4674987288438433,0.1647974666842591,0.2726701258961094,0.0772122396812271,0.2465697600147589,0.4295849369754606,0.6759674699229267,0.2912621359223302,0.2172330097087378,0.0109223300970873,0.1986373731322537,0.1519163478000833,0.2558904109589041,0.283980582524272,0.1729759044662853,0.2934142665225001,0.3287899506548064
2023-01-01 00:47:00,,,0.2694174757281555,0.2683513838748497,0.2820211515863688,0.2781954887218045,0.0,0.4541295529895333,0.1926375511281171,0.2198329213991388,0.0888654988346742,0.257621303748524,0.4415527569135984,0.8646295419771701,0.2839805825242718,0.2220873786407768,0.0133495145631068,0.209893272865103,0.1632259677076821,0.2614350945857794,0.2694174757281554,0.186767962135868,0.2941479375454197,0.3132621041002099
2023-01-01 00:48:00,,,0.2621359223300972,0.2683513838748497,0.2820211515863688,0.274436090225564,0.0,0.4673581581726523,0.2121651932972688,0.1814152288219246,0.0999172994511696,0.2653915473023013,0.4491027355151269,0.8409660826916213,0.2694174757281555,0.2427184466019418,0.0825242718446603,0.2175735181604619,0.1724932431712909,0.2669602087410306,0.2621359223300973,0.1982271600176086,0.2969111001556601,0.2909685055403913
2023-01-01 00:49:00,,,0.2584951456310682,0.2683513838748497,0.2820211515863688,0.2631578947368425,0.0,0.4740427426099301,0.2307692307692306,0.1197232369179966,0.1159311329975185,0.2604219405495815,0.453835446027409,0.8315253117879509,0.2621359223300972,0.3422330097087382,0.0873786407766989,0.2230927916136322,0.1803953020786362,0.2724755381604696,0.258495145631068,0.2051272727125863,0.3132909101534735,0.2130474499023482
2023-01-01 00:50:00,,,0.1783980582524271,0.2683513838748497,0.2820211515863688,0.1516290726817044,0.0,0.3324057786956677,0.2335400448607993,0.1051056737293359,0.126832568979776,0.2465840389230138,0.4409760528296964,0.7093969077939055,0.2584951456310682,0.2912621359223302,0.1529126213592233,0.2107881614558882,0.176927168299823,0.2777756033920417,0.1783980582524273,0.2035729467317211,0.3324144498818751,0.189181517618714
2023-01-01 00:51:00,,,0.1844660194174758,0.2683513838748497,0.2820211515863688,0.1516290726817044,0.0,0.4924714489942195,0.2299775696002111,0.116598813968663,0.1294639500789416,0.2466293250764936,0.431757908564237,0.7120570649023356,0.1783980582524271,0.2839805825242718,0.2172330097087378,0.20199500945915,0.1745936977979054,0.283091976516634,0.1844660194174759,0.2052221437304253,0.3344486831996733,0.1991503508476952
2023-01-01 00:52:00,,,0.1310679611650484,,,,0.0,0.3781604936637107,0.2200818049874653,0.1526184557472375,0.1294639500789416,0.2466293250764936,0.4135736048975653,0.5784746987217392,0.1844660194174758,0.2694174757281555,0.2220873786407768,0.1835870128064418,0.165404052150309,0.2882648401826483,0.1310679611650486,0.2052221437304253,0.3344486831996733,0.1685163085864611
2023-01-01 00:53:00,,,0.1553398058252426,,0.1762632197414808,0.1528822055137846,0.0,0.5287117379722986,0.2105818709592293,0.1693575376812315,0.1390872866701755,0.2292262979188448,0.4041460171164567,0.5976191908155394,0.1310679611650484,0.2621359223300972,0.2427184466019418,0.1736230153471658,0.1603070701371822,0.2935029354207435,0.1553398058252426,0.2007481254631793,0.3552861934588427,0.1926741741349061
2023-01-01 00:54:00,,,0.1614077669902911,,0.1739130434782609,0.1704260651629074,0.0,0.4926098272151946,0.1909222852619077,0.147805008896221,0.148033982407338,0.2127606156995347,0.3980363247952116,0.5336883886214833,0.1553398058252426,0.2584951456310682,0.3422330097087382,0.166744926467357,0.1564998798042185,0.298757338551859,0.1614077669902913,0.1964174870927988,0.3748769057104713,0.2000902561659119
2023-01-01 00:55:00,,,0.1638349514563106,,0.1739130434782609,0.1679197994987471,0.0,0.4854941468479818,0.1770682148040638,0.1369792550565729,0.1569054958273819,0.1944004709761594,0.3938657060867843,0.4459570122062157,0.1614077669902911,0.1783980582524271,0.2912621359223302,0.1616271082731715,0.1533770249554833,0.3040182648401826,0.1638349514563106,0.1909076875191946,0.3958532467556139,0.2639185512389964
2023-01-01 00:56:00,,,0.1893203883495147,,0.1950646298472387,0.1679197994987471,0.0,0.530266046314861,0.1667766196068079,0.1171040667431238,0.1679572964438764,0.1692076590889227,0.3958854402989608,0.4782046984011531,0.1638349514563106,0.1844660194174758,0.2839805825242718,0.1627917477246065,0.1539299171056805,0.309347684279191,0.1893203883495146,0.1826562587326481,0.4237543725410202,0.2796477051044462
2023-01-01 00:57:00,,,0.1844660194174758,,0.1950646298472387,0.1679197994987471,0.0,0.4714691063172334,0.1575405726349121,0.0968632671110452,0.1785580031576574,0.1384287388191799,0.3966484554064287,0.4400005109149927,0.1893203883495147,0.1310679611650484,0.2694174757281555,0.162725216406284,0.1537866610032048,0.3146640574037833,0.1844660194174759,0.1707864768223768,0.4555608755905682,0.3200773080976825
2023-01-01 00:58:00,,,0.2196601941747571,,0.2267920094007052,0.1679197994987471,0.0,0.5484070357362972,0.152922549148964,0.0781214811408534,0.1870536049921058,0.1228573038490538,0.4044486420093602,0.3132329267682277,0.1844660194174758,0.1553398058252426,0.2621359223300972,0.1700615632224189,0.1583223643053259,0.320075016307893,0.2196601941747573,0.1667124862596189,0.4741149796304194,0.3284841618002553
2023-01-01 00:59:00,,,0.1941747572815533,0.1588447653429603,0.236192714453584,0.1666666666666665,0.0,0.4326559187835295,0.145929542155957,0.0473062950019759,0.1936696488985796,0.1054175597821739,0.4055060034575925,0.3425656034547005,0.2196601941747571,0.1614077669902911,0.2584951456310682,0.1707120835525786,0.1590477636129539,0.3254174820613176,0.1941747572815533,0.1603626639776894,0.4926161831496998,0.3025186300393578
2023-01-01 01:00:00,,,0.1237864077669903,0.1588447653429603,0.236192714453584,0.1253132832080201,0.0,0.3461711037688607,0.1399920833883097,0.0612160659826542,0.1918652732877226,0.1106754357147798,0.3922646081650868,0.2775391741207894,0.1941747572815533,0.1638349514563106,0.1783980582524271,0.1564627643968199,0.1503734453397043,0.3305707762557077,0.1237864077669905,0.1623943602999633,0.4871878887357472,0.2430166583465249
2023-01-01 01:01:00,,,0.0946601941747573,,0.0893066980023502,0.0952380952380953,0.0,0.4230321329823051,0.1302282623037338,0.0831881851608763,0.1842718592587027,0.1255536194954135,0.376245205885353,0.2656512255013031,0.1237864077669903,0.1893203883495147,0.1844660194174758,0.1386877216887612,0.1386643014717927,0.3356457925636006,0.0946601941747574,0.1666099682002766,0.4698717573716249,0.1994086687714868
2023-01-01 01:02:00,,,0.08373786407767,,0.0893066980023502,0.0902255639097746,0.0,0.4587873423119195,0.1250824647051061,0.1016862992881951,0.1757010751071352,0.1399211496159847,0.3618820759727789,0.2628225817783384,0.0946601941747573,0.1844660194174758,0.1310679611650484,0.121850814107618,0.1266224574835441,0.3406914546640573,0.08373786407767,0.1699177242117513,0.4521766557959883,0.1943173471716771
2023-01-01 01:03:00,,,0.0898058252427185,,0.0893066980023502,0.0902255639097746,0.0,0.4930611935927685,0.117957514183929,0.1151380560795083,0.1662281031501398,0.1488027156068456,0.352387146268119,0.2785615642576528,0.08373786407767,0.2196601941747571,0.1553398058252426,0.1093494351280996,0.1165318206016601,0.3457534246575341,0.0898058252427185,0.1693889321630715,0.4379559143386353,0.1726124464851691
2023-01-01 01:04:00,,,0.0970873786407766,,0.0916568742655699,0.0902255639097746,0.0,0.4954709639938434,0.1109645071909224,0.1222027871393181,0.1510412750920986,0.1333235905832794,0.3470578856143948,0.3772861647113673,0.0898058252427185,0.1941747572815533,0.1614077669902911,0.1006501613581933,0.1083674345422704,0.3508349641226352,0.0970873786407768,0.1507710806194635,0.4378207008552,0.1976429952704141
2023-01-01 01:05:00,,,0.1019417475728154,,0.0975323149236193,0.0902255639097746,0.0,0.4905345278704845,0.1042353872542551,0.1251411479736156,0.1393128336215325,0.1252970581752786,0.3445663625955882,0.3745220684139961,0.0970873786407766,0.1237864077669903,0.1638349514563106,0.0945519918704946,0.1016241009173808,0.3559295499021525,0.1019417475728155,0.1387415159946285,0.4347210175742926,0.2575112249365242
2023-01-01 01:06:00,,,0.1067961165048543,,0.1022326674500588,0.0902255639097746,0.0,0.4905095350917889,0.0952632273386993,0.118088299503385,0.1283362153221565,0.1142385047816223,0.3443265317183142,0.4711728676723939,0.1019417475728154,0.0946601941747573,0.1893203883495147,0.0905819986136928,0.096166481399897,0.361037181996086,0.1067961165048545,0.1253623827848144,0.4345246613615194,0.2859990088196206
2023-01-01 01:07:00,,,0.1274271844660195,,0.1210340775558167,0.0902255639097746,0.0,0.5220415921416487,0.0890618815147112,0.1074930273304473,0.1195398842192316,0.1009092008077432,0.3490171009946208,0.4625221657971344,0.1067961165048543,0.08373786407767,0.1844660194174758,0.0916663494171268,0.093963475563811,0.3662002609262881,0.1274271844660195,0.111969469266504,0.4377741256500038,0.3129279965740827
2023-01-01 01:08:00,,,0.1165048543689322,,0.1210340775558167,0.0902255639097746,0.0,0.4591623660945468,0.0778466816202663,0.06748759169859,0.1105180061649502,0.0865192146447064,0.3511900240663024,0.4274632719687453,0.1274271844660195,0.0898058252427185,0.2196601941747571,0.0902598547090227,0.0905224231281658,0.3713339856490539,0.1165048543689321,0.097803270347726,0.4416551539657032,0.2983867127876913
2023-01-01 01:09:00,,,0.104368932038835,,0.1210340775558167,0.0902255639097746,0.0,0.456623669953035,0.0680828605356909,0.0195003762140577,0.1009698518908357,0.069380416670602,0.3511223218974109,0.4010233106859046,0.1165048543689322,0.0970873786407766,0.1941747572815533,0.0865605409559218,0.0858003603285659,0.3764350945857794,0.1043689320388351,0.0816689652188662,0.4472187004788648,0.2818812797576671
2023-01-01 01:10:00,,,0.1080097087378642,0.0746089049338145,0.1233842538190364,0.0889724310776944,0.0,0.4880665269293285,0.066367594669481,0.0151957326828851,0.096609277497933,0.068339575872783,0.3524634364208103,0.3413648270537247,0.104368932038835,0.1019417475728154,0.1237864077669903,0.0842983933100529,0.0820106366886563,0.3815459882583169,0.1080097087378642,0.0783585021969102,0.444584210541401,0.2808420061095542
2023-01-01 01:11:00,,,0.1116504854368931,0.0746089049338145,0.1233842538190364,0.0889724310776944,0.0,0.4880525671096603,0.0682148040638599,0.0148978726028228,0.0920983384707918,0.0652054103106762,0.3548930413495842,0.3595490819239433,0.1080097087378642,0.1067961165048543,0.0946601941747573,0.0832121088428285,0.0790644580027528,0.3866666666666665,0.1116504854368932,0.0737036198469045,0.4434278961049975,0.2798080416499372
2023-01-01 01:12:00,,,0.112864077669903,0.0746089049338145,0.1233842538190364,0.0889724310776944,0.0,0.4831961187396437,0.0713814487399389,0.008813344086771,0.0909706037140067,0.0658668635869484,0.3576610688424536,0.2446059681751142,0.1116504854368931,0.1274271844660195,0.08373786407767,0.0825781851779283,0.0765597407274798,0.3917906066536202,0.1128640776699031,0.073403949937773,0.4420368497857951,0.2636053177590505
2023-01-01 01:13:00,,,0.1929611650485438,0.0746089049338145,0.1844888366627499,0.0889724310776944,0.0,0.6404770093669481,0.0825966486343843,0.0562173146637693,0.0933012555446963,0.0708855092497252,0.3764803016132046,0.5206121305966135,0.112864077669903,0.1165048543689322,0.0898058252427185,0.0988799197078944,0.0849111836019771,0.3971298108284408,0.1929611650485439,0.0778416378545951,0.4400419175388328,0.3397138264335978
2023-01-01 01:14:00,,,0.2220873786407768,0.0746089049338145,0.230317273795535,0.0889724310776944,0.0,0.5365069732603992,0.0961868320358887,0.0952465836219593,0.0970603714006466,0.0812243174145891,0.3974401952479358,0.7642491876005365,0.1929611650485438,0.104368932038835,0.0970873786407766,0.1183342113584853,0.0963282021091136,0.4025472928897585,0.2220873786407767,0.0863411544266194,0.4351128209906902,0.3748777090254468
2023-01-01 01:15:00,,,0.2827669902912622,,,,0.0,0.595205774685613,0.1158464177332099,0.1515695774076555,0.1044282384783099,0.1071238015807768,0.4261654271903829,0.9276779974371788,0.2220873786407768,0.1080097087378642,0.1019417475728154,0.1469940858504097,0.1147015337380317,0.4081278538812783,0.2827669902912622,0.1063699692513195,0.4211541627095052,0.4226392251072113
2023-01-01 01:16:00,,,0.2827669902912622,,0.2714453584018803,0.2957393483709274,0.3542944785276072,0.4807748477896535,0.1349782293178518,0.1814291355748999,0.1102172768964746,0.1260555156577327,0.4484798729867109,0.9702392129864305,0.2827669902912622,0.1116504854368931,0.1067961165048543,0.1704430740710756,0.1313250242594339,0.4137084148727982,0.2827669902912622,0.1212590576503358,0.4112679357531565,0.4193036207342181
2023-01-01 01:17:00,,,0.1929611650485438,0.1985559566787,0.2079905992949471,0.1917293233082708,0.3542944785276072,0.3163661634122138,0.1421031798390284,0.1788764626355329,0.1107435531163076,0.1267815547944012,0.4475095937725117,0.6958592275719893,0.2827669902912622,0.112864077669903,0.1274271844660195,0.1707693742568325,0.1344607258451735,0.4190476190476188,0.1929611650485439,0.1220176243779127,0.4111280046830243,0.3428889522576452
2023-01-01 01:18:00,,,0.179611650485437,0.1985559566787,0.2079905992949471,0.1867167919799497,0.3542944785276072,0.4552309569488952,0.148964243303866,0.1712770764470022,0.10826253665138,0.1223210932664357,0.4436382620642328,0.6588093725985867,0.1929611650485438,0.1929611650485438,0.1165048543689322,0.1682329472449715,0.1355281865767592,0.4243509458577949,0.1796116504854372,0.117821016453979,0.4125790446290054,0.2649817089839966
2023-01-01 01:19:00,,,0.1589805825242718,0.1985559566787,0.2079905992949471,0.1666666666666665,0.3542944785276072,0.4410308615318277,0.1549017020715137,0.1587881728448468,0.1060822494549285,0.1199368370931371,0.4360780572096976,0.6126888955814261,0.179611650485437,0.2220873786407768,0.104368932038835,0.1618251616762678,0.1337591439875085,0.4295988258317023,0.1589805825242719,0.1150512835526269,0.4126831798822916,0.2256742917992996
2023-01-01 01:20:00,,,0.1553398058252426,0.1985559566787,0.2079905992949471,0.1604010025062661,0.3542944785276072,0.4736871000118713,0.1600474996701406,0.1459880422132126,0.1080369897000226,0.1195378544730448,0.4291207342826761,0.5996145228302039,0.1589805825242718,0.2827669902912622,0.1080097087378642,0.1558178644224779,0.1316759627517916,0.4348369210697975,0.1553398058252426,0.1160177091187484,0.4145242479382893,0.1776149372138847
2023-01-01 01:21:00,,,0.1723300970873786,0.1985559566787,0.2079905992949471,0.1604010025062661,0.3542944785276072,0.5139127901811686,0.1666446760786384,0.1296612348018653,0.1128486579956393,0.1170335153068983,0.4268519522581669,0.5946226922110608,0.1553398058252426,0.2827669902912622,0.1116504854368931,0.1544707665307991,0.1320434012299558,0.4401206784083493,0.1723300970873786,0.1174863695479828,0.4202169744855191,0.1906962082862951
2023-01-01 01:22:00,,,0.1699029126213591,0.1985559566787,0.2079905992949471,0.1604010025062661,0.3542944785276072,0.4760817670594267,0.1728460219026255,0.1101094477635109,0.1181866025110891,0.1120815122453336,0.4243888195275732,0.6102897883571025,0.1723300970873786,0.1929611650485438,0.112864077669903,0.1528588864574045,0.1320540996386343,0.4453979125896931,0.1699029126213593,0.1178158455775237,0.4281900683506789,0.2571687916945666
2023-01-01 01:23:00,,,0.1504854368932038,0.1985559566787,0.2079905992949471,0.1591478696741854,0.3542944785276072,0.4431837932385158,0.1682279984166774,0.1173892956266535,0.1219457183670407,0.1070017379922434,0.4183946190886878,0.5968135638049237,0.1699029126213591,0.179611650485437,0.1929611650485438,0.1474624029193658,0.1294898117215841,0.4506229615133721,0.1504854368932039,0.1170956488150751,0.4350193404322107,0.2521271536466364
2023-01-01 01:24:00,,,0.1565533980582525,0.1985559566787,0.2079905992949471,0.1478696741854637,0.3542944785276072,0.4926393777256209,0.1611030478955004,0.119042744103845,0.1256296519058723,0.1023827634952424,0.4148125253749132,0.6001494020415944,0.1504854368932038,0.1589805825242718,0.2220873786407768,0.1443213708842057,0.1279741065231663,0.4558643183300714,0.1565533980582525,0.1166046461882719,0.4414380942216318,0.2737372506170005
2023-01-01 01:25:00,,,0.1504854368932038,0.1985559566787,0.2079905992949471,0.1102756892230578,0.3542944785276072,0.4689472330059452,0.1467212033249765,0.0892657357699152,0.128636944590633,0.0980873418874154,0.4107276029301795,0.5843169773844424,0.1565533980582525,0.1553398058252426,0.2827669902912622,0.1404771629049306,0.1257983893790184,0.4610893672537505,0.1504854368932039,0.115889999656348,0.4470781340971343,0.2717426067442614
2023-01-01 01:26:00,,,0.1237864077669903,0.1985559566787,0.2079905992949471,0.1102756892230578,0.3542944785276072,0.4285709160713996,0.1294366011347139,0.0322462529233201,0.1296894970302986,0.0960006578095123,0.4021583663935849,0.539166940340641,0.1504854368932038,0.1723300970873786,0.2827669902912622,0.131725102048744,0.1202906781756678,0.4662426614481406,0.1237864077669905,0.1152910906925002,0.4494969683149885,0.236249946791541
2023-01-01 01:27:00,,,0.1092233009708738,0.1985559566787,0.2079905992949471,0.080200501253133,0.3542944785276072,0.4519034903859791,0.120332497690988,0.0395394027954615,0.1285617622735135,0.0980932463684076,0.3926069109957742,0.3741107058473876,0.1237864077669903,0.1699029126213591,0.1929611650485438,0.1215060705579182,0.113377035324198,0.4713568166992821,0.1092233009708739,0.1158471840883832,0.4470145235937885,0.2263203231509804
2023-01-01 01:28:00,,,0.075242718446602,0.1985559566787,0.2079905992949471,0.0563909774436091,0.3542944785276072,0.4128927872274434,0.1089853542683727,0.0641172918062964,0.1260055634914669,0.1048332086001364,0.3785011953718428,0.2658445254788561,0.1092233009708738,0.1504854368932038,0.179611650485437,0.1060091177971265,0.1026173916471466,0.4763796477495104,0.0752427184466021,0.1183016482619743,0.4398648981540192,0.2138514812297004
2023-01-01 01:29:00,,,0.0679611650485436,0.1985559566787,0.2079905992949471,0.0563909774436091,0.3542944785276072,0.465964216394262,0.0990895896556269,0.0839212749859808,0.1237500939778972,0.1111820682596735,0.3663417265847613,0.0697502394135199,0.075242718446602,0.1565533980582525,0.1589805825242718,0.0918006655976872,0.0919172381532145,0.4813829093281145,0.0679611650485437,0.1207076331631236,0.4332499622784393,0.203100681442078
2023-01-01 01:30:00,,,0.063106796116505,0.1985559566787,0.2079905992949471,0.0563909774436091,0.3542944785276072,0.4708624738874796,0.0890618815147112,0.0975053053523442,0.1209683482444932,0.1185142647215617,0.3563323600114912,0.0679724297357201,0.0679611650485436,0.1504854368932038,0.1553398058252426,0.0791561502013769,0.0815926550393837,0.4863731245923023,0.063106796116505,0.1233771917456767,0.4254713699010053,0.2038719668704646
2023-01-01 01:31:00,,,0.08373786407767,0.1985559566787,0.2079905992949471,0.0563909774436091,0.3542944785276072,0.5230125743616955,0.0794300039583058,0.0919215591311705,0.1192391549507561,0.1220628148636435,0.3532319160981348,0.2171758866861625,0.063106796116505,0.1237864077669903,0.1723300970873786,0.0731431647088487,0.0749862059494597,0.4914187866927589,0.08373786407767,0.1244331238640532,0.4214057325010427,0.2423335205028257
2023-01-01 01:32:00,,,0.0582524271844659,0.1985559566787,0.2079905992949471,0.0563909774436091,0.3542944785276072,0.4291721954165702,0.0672911993666709,0.0879640657314728,0.1158559506804,0.1299227215565005,0.3463325639043895,0.2029456118528958,0.08373786407767,0.1092233009708738,0.1699029126213591,0.0628715040591934,0.0656306102357131,0.4963959556425307,0.0582524271844661,0.1270474629193987,0.4127518414187856,0.2329016613190274
2023-01-01 01:33:00,,,0.1055825242718446,,,,0.3542944785276072,0.577927154649331,0.062409288824383,0.0782507607789796,0.1104428238478312,0.1300973496709001,0.3511363492737094,0.3982231255700224,0.0582524271844659,0.075242718446602,0.1504854368932038,0.0644067449597995,0.0634400692473677,0.5015003261578601,0.1055825242718448,0.1238149560355037,0.4083629148582783,0.3016776877951052
2023-01-01 01:34:00,,,0.1055825242718446,,0.099882491186839,0.1127819548872182,0.1303680981595092,0.4807748477896535,0.0568676606412454,0.0618873893277587,0.1032253214044063,0.1255557999311707,0.3555639532012531,0.4049112088058767,0.1055825242718446,0.0679611650485436,0.1565533980582525,0.0656628511512043,0.0614581512102931,0.5066046966731895,0.1055825242718448,0.1166500487622919,0.4061520093009907,0.3080323348011849
2023-01-01 01:35:00,,,0.0800970873786408,0.0938628158844763,0.1034077555816685,0.0864661654135339,0.1303680981595092,0.4297657083512126,0.0492149360073888,0.041565860370632,0.0906698744455307,0.1053215207808684,0.3545360682662969,0.3117425312599619,0.1055825242718446,0.063106796116505,0.1504854368932038,0.0613386291520394,0.0562866550205538,0.511640574037834,0.0800970873786408,0.0968109174080988,0.4117118939846269,0.2903532642470894
2023-01-01 01:36:00,,,0.0946601941747573,0.0938628158844763,0.1034077555816685,0.0864661654135339,0.1303680981595092,0.5103193715576624,0.0460482913313098,0.0313628427762217,0.0790166152920837,0.0740073967559337,0.3572761295184768,0.3589723656257229,0.0800970873786408,0.08373786407767,0.1237864077669903,0.060858883761214,0.053538157849704,0.5167155903457271,0.0946601941747574,0.0709026238461814,0.4264306739065155,0.2850253518362426
2023-01-01 01:37:00,,,0.0898058252427185,0.0938628158844763,0.1034077555816685,0.0864661654135339,0.1303680981595092,0.4710026231328828,0.0439371948805906,0.0259229052012542,0.0726261183369669,0.0669875714204559,0.3590434955636168,0.382639133344401,0.0946601941747573,0.0582524271844659,0.1092233009708738,0.0594469466628599,0.0504079304567572,0.5217775603392039,0.0898058252427185,0.0627656124385498,0.426759911205915,0.3029634435263526
2023-01-01 01:38:00,,,0.0898058252427185,0.0938628158844763,0.1034077555816685,0.0864661654135339,0.1303680981595092,0.4807748477896535,0.0455205172186301,0.025760165830966,0.0670626268701606,0.0610496226829561,0.3610020285529577,0.3645449108756989,0.0898058252427185,0.1055825242718446,0.075242718446602,0.0582917254005699,0.0475758199583769,0.5268395303326807,0.0898058252427185,0.0557853296103953,0.4269142828912604,0.2624443829697136
2023-01-01 01:39:00,,,0.095873786407767,0.0938628158844763,0.1034077555816685,0.0864661654135339,0.1303680981595092,0.4930216112931451,0.0485552183665387,0.0240080891827263,0.0631531463799719,0.0574500853892555,0.3643047555084294,0.3933779808258258,0.0898058252427185,0.1055825242718446,0.0679611650485436,0.0586208170455679,0.0458177990911359,0.5319178082191778,0.0958737864077671,0.0512229427886179,0.4265857271825537,0.2675521088494248
2023-01-01 01:40:00,,,0.095873786407767,0.0938628158844763,0.1034077555816685,0.0864661654135339,0.1303680981595092,0.4807748477896535,0.0521176936271274,0.0180792017268049,0.0594692128411402,0.053647376316949,0.3674062492116224,0.4481778747192025,0.095873786407767,0.0800970873786408,0.063106796116505,0.0588900738460207,0.0442272087826802,0.5369960861056748,0.0958737864077671,0.0466781057903564,0.4265894354072193,0.2891851804930667
2023-01-01 01:41:00,,,0.1031553398058253,0.0938628158844763,0.1057579318448882,0.0864661654135339,0.1303680981595092,0.4954237703001885,0.0542287900778466,0.0191606244297179,0.0551838207653565,0.0446533624449797,0.3717748233880559,0.5062338006306164,0.095873786407767,0.0946601941747573,0.08373786407767,0.0606395020779095,0.0437533410516297,0.5420939334637962,0.1031553398058254,0.0386583004378757,0.4300792242747837,0.2829166472508232
2023-01-01 01:42:00,,,0.0946601941747573,0.0938628158844763,0.1057579318448882,0.0864661654135339,0.1303680981595092,0.4637500443728995,0.0581870959229451,0.0017962631592497,0.0505225171039778,0.0342540501539962,0.3739228193364516,0.5851788109306824,0.1031553398058253,0.0898058252427185,0.0582524271844659,0.0602868707005623,0.0421984928302014,0.5471689497716892,0.0946601941747574,0.0295664501299985,0.4343451696591425,0.2798448779898224
2023-01-01 01:43:00,,,0.0995145631067961,0.0938628158844763,0.1057579318448882,0.0864661654135339,0.1303680981595092,0.4905470724464239,0.057527378282095,0.0,0.0473648597849782,0.0273776606681977,0.3769833927013916,0.6254018137244877,0.0946601941747573,0.0898058252427185,0.1055825242718446,0.0610177722613207,0.041435217249182,0.5522570123939984,0.0995145631067961,0.0235080951725215,0.4371066518003632,0.2839652857226821
2023-01-01 01:44:00,,,0.0800970873786408,0.0938628158844763,0.1057579318448882,0.0852130325814537,0.1303680981595092,0.4417861771077687,0.0547565641905263,0.0008296635487096,0.0426283738064805,0.0171181158578717,0.3758571150077389,0.5738502357636576,0.0995145631067961,0.095873786407767,0.1055825242718446,0.0575381100603165,0.0381706671509767,0.5572928897586429,0.0800970873786408,0.0144534741704271,0.4412069013888853,0.2623761487383083
2023-01-01 01:45:00,,,0.0788834951456309,0.0938628158844763,0.1057579318448882,0.0626566416040101,0.1303680981595092,0.4783128041423195,0.0546246206623564,0.0014490061591783,0.0381926170964588,0.0052681589913509,0.375113592251133,0.5069293945411772,0.0800970873786408,0.095873786407767,0.0800970873786408,0.0544362591784843,0.0350561536215798,0.5623255055446833,0.0788834951456311,0.0046332334129273,0.4467564462188056,0.261349354775335
2023-01-01 01:46:00,,,0.0849514563106796,0.0938628158844763,0.1057579318448882,0.0626566416040101,0.1303680981595092,0.4930930441327643,0.0535690724369966,0.0021773037652175,0.0357867829486506,0.0,0.3761385084233342,0.6240905955434226,0.0788834951456309,0.1031553398058253,0.0946601941747573,0.0531726538620382,0.0330426252500863,0.567374429223744,0.0849514563106798,0.0,0.4488825521960211,0.2603816852248168
2023-01-01 01:47:00,,,0.0351941747572817,0.0938628158844763,0.1057579318448882,0.0350877192982457,0.1303680981595092,0.3800918949144372,0.0476316136693493,0.0337712276022388,0.0312006616043909,0.0085024112227954,0.3673432771315016,0.2613130669886884,0.0849514563106796,0.0946601941747573,0.0898058252427185,0.0416897590089648,0.0246250699468881,0.5722896281800388,0.0351941747572817,0.0022569923137587,0.4387929576165359,0.2253792312999384
2023-01-01 01:48:00,,,0.0449029126213593,0.0938628158844763,0.1057579318448882,0.0250626566416038,0.1303680981595092,0.5009547835108679,0.0427497031270613,0.0441881535350675,0.0293211036764158,0.0135666221649022,0.36287846850581,0.31131462789085,0.0351941747572817,0.0995145631067961,0.0898058252427185,0.0343334995045347,0.0182961702921593,0.577230919765166,0.0449029126213594,0.0041265382766082,0.4334532464190901,0.2296075990930324
2023-01-01 01:49:00,,,0.0594660194174756,0.0938628158844763,0.1057579318448882,0.0250626566416038,0.1303680981595092,0.5108849102964559,0.0387913972819633,0.0450544057161813,0.0287948274565823,0.0146351698504408,0.3628307131884449,0.445754086404651,0.0449029126213593,0.0800970873786408,0.095873786407767,0.0313729961548561,0.0145004985577479,0.5822113502935418,0.0594660194174757,0.0044410647560504,0.4322246072263103,0.2581220030251343
2023-01-01 01:50:00,,,0.0716019417475728,0.0938628158844763,0.1057579318448882,0.0250626566416038,0.1303680981595092,0.5056693821150219,0.0361525267185645,0.0427178494089241,0.0293211036764158,0.0137768902140747,0.3657574608890102,0.4351980469887819,0.0594660194174756,0.0788834951456309,0.095873786407767,0.0314993114970438,0.0126750490130111,0.5872243966079579,0.0716019417475728,0.0042522704019243,0.4332928938544902,0.2695078084279946
2023-01-01 01:51:00,,,0.1007281553398058,0.0938628158844763,0.1175088131609871,0.0250626566416038,0.1303680981595092,0.5401330061472406,0.0358886396622242,0.0418349993183715,0.0303736561160818,0.0148291020580707,0.3743881749470911,0.5587843835469121,0.0716019417475728,0.0849514563106796,0.1031553398058253,0.0377191692667255,0.0148844029503636,0.5923157208088711,0.1007281553398058,0.005530299265575,0.4333179739424648,0.289150398296074
2023-01-01 01:52:00,,,0.0266990291262136,,,,0.1303680981595092,0.3322257645862516,0.0284998020847073,0.0512567455083774,0.0284189158709877,0.0226598567484481,0.3667048938970417,0.3799417702290665,0.1007281553398058,0.0351941747572817,0.0946601941747573,0.0272620171366342,0.007070091401423,0.5972080887149377,0.0266990291262137,0.0090077847022826,0.4258093605048394,0.2682984401292604
2023-01-01 01:53:00,,,0.0266990291262136,,0.0235017626321973,0.0313283208020052,0.0306748466257666,0.4807748477896535,0.0205831903945108,0.0525029341209958,0.023532065258252,0.0286189581035161,0.3611717643664092,0.3621495481413804,0.0266990291262136,0.0449029126213593,0.0995145631067961,0.0187061653938318,0.0,0.6021004566210042,0.0266990291262137,0.0095585916398281,0.4174228892965415,0.2598955771841944
2023-01-01 01:54:00,,,0.1432038834951456,0.1179302045728036,0.1398354876615746,0.1403508771929824,0.0306748466257666,0.724064152844616,0.027444253859348,0.0816345597216299,0.0258627170889407,0.0370628615680982,0.3807476662623036,0.596933509710844,0.0266990291262136,0.0594660194174756,0.0800970873786408,0.0361719584721971,0.0090470552147912,0.607305936073059,0.1432038834951458,0.0160444506642964,0.4128158204216108,0.3479651747914232
2023-01-01 01:55:00,,,0.1298543689320388,0.1179302045728036,0.1398354876615746,0.1365914786967419,0.0306748466257666,0.4545747542393265,0.0329858820424855,0.0953647769189558,0.0289451920908203,0.0424048355060245,0.3937345895834167,0.5640580658481632,0.1432038834951456,0.0716019417475728,0.0788834951456309,0.0476587529179242,0.0154628835155183,0.6124755381604693,0.1298543689320389,0.0211389385119407,0.4111653915830995,0.3256519091748416
2023-01-01 01:56:00,,,0.1237864077669903,0.1179302045728036,0.1398354876615746,0.1203007518796994,0.0306748466257666,0.4687830642203042,0.0372080749439238,0.1036305156294915,0.0307495677016764,0.0456473614922633,0.4028712951379983,0.5680828475236341,0.1298543689320388,0.1007281553398058,0.0849514563106796,0.05578276660483,0.0204633157277389,0.6176288323548593,0.1237864077669905,0.0241901523298555,0.4101111925645964,0.2951835643034983
2023-01-01 01:57:00,,,0.0946601941747573,0.1179302045728036,0.1398354876615746,0.1015037593984964,0.0306748466257666,0.4230321329823051,0.0436733078242512,0.0976915766992993,0.0310502969701529,0.0458164301530964,0.404263719026518,0.5161113607472886,0.1237864077669903,0.0266990291262136,0.0351941747572817,0.0563131780407699,0.0211265651562051,0.6227038486627523,0.0946601941747574,0.0244766336943063,0.4102186898179041,0.3354099497366804
2023-01-01 01:58:00,,,0.1055825242718446,0.1179302045728036,0.1398354876615746,0.1002506265664162,0.0306748466257666,0.5027623532673873,0.0502704842327481,0.0932728346471437,0.0320276670926999,0.0466849548674671,0.4076032935002553,0.5607976241258124,0.0946601941747573,0.0266990291262136,0.0449029126213593,0.0590408418538164,0.0231745046516218,0.6278082191780818,0.1055825242718448,0.025598478571734,0.4103247439036441,0.3450022589387779
2023-01-01 01:59:00,,,0.2572815533980581,0.1046931407942237,0.2632197414806112,0.1203007518796994,0.1150306748466256,0.7844006777803705,0.0717772793244486,0.1615999786104765,0.0420269152695285,0.0924182998884328,0.4406586946846609,0.7109565183368268,0.1055825242718446,0.1432038834951456,0.0594660194174756,0.0931293837362754,0.0451365228345821,0.6333202870189167,0.2572815533980582,0.0591092893579876,0.38330934950569,0.3698845647637673
2023-01-01 02:00:00,,,0.4186893203883495,0.1046931407942237,0.4159811985898944,0.1203007518796994,0.1150306748466256,0.7799379170602714,0.1095131283810528,0.3013548601872451,0.0620254116231864,0.1898374558896721,0.4985658087686637,0.7940493356962806,0.2572815533980581,0.1298543689320388,0.0716019417475728,0.1549156621417933,0.0864030244972937,0.6392661448140896,0.4186893203883496,0.1296902543442022,0.3247391492964728,0.5157843640633984
2023-01-01 02:01:00,,,0.7208737864077668,,,,0.1150306748466256,1.0,0.1769362712758939,0.5731875665274115,0.1002932110367642,0.379594077360184,0.6035120671645118,0.9288009473182048,0.4186893203883495,0.1237864077669903,0.1007281553398058,0.2689268510997755,0.163796751268654,0.6460241356816696,0.720873786407767,0.2667475677629325,0.2101146212730409,0.7735531756822754
2023-01-01 02:02:00,,,0.7208737864077668,,0.6956521739130437,0.7481203007518795,0.907975460122699,0.4807748477896535,0.252407969389101,0.6938439476546291,0.1390872866701755,0.4941278499227757,0.6835227970485571,0.927272225480728,0.7208737864077668,0.0946601941747573,0.0266990291262136,0.3622087329744881,0.2338196469189313,0.6527821265492495,0.720873786407767,0.3591489631750439,0.1532695608916543,0.8058906600901143
2023-01-01 02:03:00,,,0.9660194174757282,1.0,1.0000000000000002,1.0,0.907975460122699,0.8513742054536131,0.3545322601926373,0.86765716762321,0.1927674610931515,0.6590529048961441,0.7922415868700485,0.9566163552720208,0.7208737864077668,0.1055825242718446,0.0266990291262136,0.4900108888724932,0.3296700341639278,0.6601989562948464,0.966019417475728,0.4908589391749807,0.0696989149988902,1.0
2023-01-01 02:04:00,,,0.9417475728155338,1.0,1.0000000000000002,0.9548872180451128,0.907975460122699,0.4473412911363221,0.4413511017284597,0.9646408084764314,0.2461469062476506,0.7675051409854289,0.8681902849751013,0.9348684463271524,0.9660194174757282,0.2572815533980581,0.1432038834951456,0.5894791984415577,0.4131743538127974,0.6675505544683624,0.941747572815534,0.5886149783568639,0.0289585875619398,0.8092611951073558
2023-01-01 02:05:00,,,0.9502427184466018,1.0,1.0000000000000002,0.9323308270676692,0.907975460122699,0.492580423539603,0.5305449267713416,1.0,0.3001278099391027,0.8507152953769109,0.9241692868676044,0.9323604954243198,0.9417475728155338,0.4186893203883495,0.1298543689320388,0.6726463425651388,0.4898519918646329,0.6749249836921067,0.950242718446602,0.6716480029852032,0.0079409912513122,0.6598377844385956
2023-01-01 02:06:00,,,0.9672330097087378,1.0,1.0000000000000002,0.9323308270676692,0.907975460122699,0.5043128997493057,0.6222456788494519,0.9812016359078292,0.3547853544846253,0.9174758462199614,0.9655680122933216,1.0000000000000002,0.9502427184466018,0.7208737864077668,0.1237864077669903,0.7442601512549456,0.5614792192220119,0.6823450750163076,0.9672330097087378,0.7452619196582575,0.0,0.4323556452912123
2023-01-01 02:07:00,,,0.9162621359223296,1.0,1.0000000000000002,0.9323308270676692,0.907975460122699,0.4105952405622604,0.7115714474205037,0.8711119916571199,0.4093677167130294,0.9512637944555878,0.9814441897432388,0.9539396336192816,0.9672330097087378,0.7208737864077668,0.0946601941747573,0.7921493769623402,0.6195281413758202,0.6896281800391386,0.91626213592233,0.7991131546101491,0.0171451450048338,0.3999491952841261
2023-01-01 02:08:00,,,0.9538834951456312,1.0,1.0000000000000002,0.929824561403509,0.907975460122699,0.5335483619571401,0.8037999736112942,0.6828747928427599,0.4656792722351701,0.978488468814529,0.9949075297039828,0.945002223215704,0.9162621359223296,0.9660194174757282,0.1055825242718446,0.8392319613251749,0.6770356566480493,0.6970123939986951,0.9538834951456312,0.8501057697605667,0.0406549865596346,0.2686940472123296
2023-01-01 02:09:00,,,0.95995145631068,1.0,1.0000000000000002,0.929824561403509,0.907975460122699,0.4891701556330365,0.8801952764216916,0.4770810745106441,0.5214645515374783,0.9943355406647,1.0,0.9580999584841158,0.9538834951456312,0.9417475728155338,0.2572815533980581,0.8790283484816386,0.7298706305256459,0.7044129158512717,0.95995145631068,0.893970597058358,0.0724277503400747,0.2863636774465119
2023-01-01 02:10:00,,,0.9708737864077672,1.0,1.0000000000000002,0.929824561403509,0.907975460122699,0.4958531018766318,0.9402295817390158,0.2537053523005507,0.5771746485226674,1.0,0.9994494537847576,0.9649621082003604,0.95995145631068,0.9502427184466018,0.4186893203883495,0.9138827197023862,0.7791215588083715,0.7118427919112849,0.9708737864077672,0.9317002714085898,0.1119067708708247,0.2877449078535761
2023-01-01 02:11:00,,,0.9817961165048544,1.0,1.0000000000000002,0.929824561403509,0.907975460122699,0.4957935301967446,0.9685974402955536,0.1914083944407385,0.6317570107510715,0.9983870598678042,0.9944840148181314,0.9939691417425236,0.9708737864077672,0.9672330097087378,0.7208737864077668,0.9446936233393664,0.8251297791719279,0.7193020221787342,0.9817961165048544,0.9643831503022128,0.1560489953712451,0.2841572695555099
2023-01-01 02:12:00,,,1.0000000000000002,1.0,1.0000000000000002,0.929824561403509,0.907975460122699,0.5057074804403997,0.9989444517746396,0.0426593130927337,0.6920532290805204,0.9722902579151328,0.9875762870040192,0.9945257221599888,0.9817961165048544,0.9162621359223296,0.7208737864077668,0.9737253625302368,0.8691693587280747,0.7268101761252443,1.0,0.985947943514826,0.2233550473972227,0.3251250774330134
2023-01-01 02:13:00,,,0.9757281553398058,1.0,1.0000000000000002,0.929824561403509,0.907975460122699,0.4477479547272401,1.0000000000000002,0.043901663019686,0.7508458010675887,0.926010021613152,0.970708372145179,0.9543718862628678,1.0000000000000002,0.9538834951456312,0.9660194174757282,0.9923815129752822,0.9057972333251274,0.7342530984996736,0.9757281553398058,0.9945169026691916,0.3048710391481855,0.2884351273268797
2023-01-01 02:14:00,,,0.9393203883495144,1.0,1.0000000000000002,0.929824561403509,0.907975460122699,0.4308003246763695,0.99973611294366,0.0445755506779676,0.800165401097662,0.8843350370998339,0.9437956413698338,0.8849266300031466,0.9757281553398058,0.95995145631068,0.9417475728155338,1.0,0.934110549982317,0.7415981735159815,0.9393203883495148,0.9999999999999998,0.3754274503840107,0.2637464141062605
2023-01-01 02:15:00,,,0.8082524271844662,1.0,1.0000000000000002,0.8070175438596494,0.907975460122699,0.2984699178250674,0.9842987201477766,0.1290340404630076,0.8421923163671905,0.8180437822214703,0.8903386137204263,0.6005706194205644,0.9393203883495144,0.9708737864077672,0.9502427184466018,0.97870901772562,0.942353080140972,0.7485909980430526,0.8082524271844662,0.9862679407295988,0.4590230356192748,0.1816822231775754
2023-01-01 02:16:00,,,0.7645631067961165,1.0,1.0000000000000002,0.7568922305764412,0.907975460122699,0.4169454475595147,0.962264150943396,0.1959609977696763,0.8818885798060299,0.7339714948270044,0.834215007306894,0.5593049322760437,0.8082524271844662,0.9817961165048544,0.9672330097087378,0.9521143598574712,0.9440191807106304,0.755466405740378,0.7645631067961164,0.9604667819727688,0.5543462798300725,0.1505952363861381
2023-01-01 02:17:00,,,0.6419902912621358,1.0,1.0000000000000002,0.666666666666667,0.907975460122699,0.2986396796018633,0.9324449135769892,0.3099721030459453,0.915795804826705,0.6247641700827304,0.7608241823980275,0.1941782344723999,0.7645631067961165,1.0000000000000002,0.9162621359223296,0.9046147862378202,0.9292784356358056,0.7620123939986951,0.641990291262136,0.9160671884745392,0.6642864687632237,0.0708496357204175
2023-01-01 02:18:00,,,0.6067961165048545,1.0,1.0000000000000002,0.5751879699248121,0.907975460122699,0.4258468625614375,0.894709064520385,0.3907419433839803,0.9468461017968576,0.4935057321323226,0.6922623107569106,0.1898013316779574,0.6419902912621358,0.9757281553398058,0.9538834951456312,0.8583607171997065,0.911276255078032,0.768463796477495,0.6067961165048545,0.8567207295855088,0.7887969700736852,0.062748864250708
2023-01-01 02:19:00,,,0.6796116504854368,1.0,1.0000000000000002,0.5751879699248121,0.907975460122699,0.5960851225566027,0.8642301095131282,0.4083279025503229,0.9730095481542742,0.3818563745870171,0.6499230888416201,0.2818523460167693,0.6067961165048545,0.9393203883495144,0.95995145631068,0.835807751029161,0.9046409457679524,0.7751108936725374,0.6796116504854368,0.8060872348577865,0.8945113865611292,0.1238036466002971
2023-01-01 02:20:00,,,0.7087378640776703,1.0,1.0000000000000002,0.5751879699248121,0.907975460122699,0.5255410349317596,0.8357303074284206,0.3999574023796174,0.990978121945719,0.3066260085033499,0.6198506571556253,0.2971121935241308,0.6796116504854368,0.8082524271844662,0.9708737864077672,0.8234718330156978,0.9024985218223764,0.7818362687540769,0.70873786407767,0.7721791445018582,0.9660095699743236,0.2145794644600102
2023-01-01 02:21:00,,,0.7936893203883495,,,,0.907975460122699,0.6098231879467173,0.815279060562079,0.365825530173052,0.9954890609728596,0.2990216019675691,0.6109256609123894,0.4214414660935541,0.7087378640776703,0.7645631067961165,0.9817961165048544,0.8312186266754265,0.9118212457573488,0.7887899543378994,0.7936893203883497,0.7704127778887415,0.9753552293103108,0.2939261954981345
2023-01-01 02:22:00,,,0.7936893203883495,,0.7661574618096358,0.8233082706766917,1.0,0.4807748477896535,0.792848660773189,0.3096104101221593,1.0000000000000004,0.2909633339423467,0.6016365349538723,0.3822470747520555,0.7936893203883495,0.6419902912621358,1.0000000000000002,0.8375569123970226,0.9202560912223244,0.795743639921722,0.7936893203883497,0.768375019735678,0.9850470080595486,0.3752958579219839
2023-01-01 02:23:00,,,0.6941747572815535,0.7051744885679905,0.7132784958871918,0.7205513784461153,1.0,0.334567332732585,0.7622377622377619,0.2476020181159034,0.9831591609653408,0.2991571296951195,0.5722134655188369,0.3197442521032757,0.7936893203883495,0.6067961165048545,0.9757281553398058,0.8218447106172748,0.9146960349945608,0.802429876060013,0.6941747572815534,0.7628930384150829,0.96555821401486,0.3339184593495661
2023-01-01 02:24:00,,,0.6978155339805829,0.7051744885679905,0.7132784958871918,0.7130325814536342,1.0,0.4863378654357274,0.7359810001319433,0.1693667416486486,0.968047515224419,0.3057129341080566,0.5480358034819077,0.3120363047825377,0.6941747572815535,0.6796116504854368,0.9393203883495144,0.8097538364041492,0.9101481268244068,0.8091258969341162,0.6978155339805827,0.7574975649221372,0.9486780456892604,0.2874912872369646
2023-01-01 02:25:00,,,0.6905339805825241,0.7051744885679905,0.7132784958871918,0.7130325814536342,1.0,0.4696650707078691,0.7231824778994593,0.1491939318212756,0.9519584993609502,0.3091717361751598,0.5260531902617349,0.2968069451709487,0.6978155339805829,0.7087378640776703,0.8082524271844662,0.7983321757437096,0.905068114979573,0.8158023483365949,0.6905339805825241,0.7496477034957658,0.9333912831091448,0.2640946094396764
2023-01-01 02:26:00,,,0.7135922330097089,0.7051744885679905,0.7132784958871918,0.7105263157894739,1.0,0.5160589281209642,0.7176408497163214,0.1401776847625751,0.936245395083076,0.3042245728527111,0.5121245525388824,0.3020928736503904,0.6905339805825241,0.7936893203883495,0.7645631067961165,0.7938294168334616,0.903528500109354,0.8225407697325504,0.7135922330097089,0.7370031323963924,0.924810534127287,0.2262331938859155
2023-01-01 02:27:00,,,0.7111650485436896,0.7051744885679905,0.7179788484136311,0.7105263157894739,1.0,0.4770948909731154,0.7251616308220081,0.1292393666022768,0.9235395834899638,0.303339851130217,0.499554437705248,0.3125037488323824,0.7135922330097089,0.7936893203883495,0.6419902912621358,0.7896356322903282,0.9018137692980664,0.829272667971298,0.7111650485436894,0.7286415922931389,0.9154960330672022,0.224733458238308
2023-01-01 02:28:00,,,0.7075242718446602,0.7051744885679905,0.7179788484136311,0.7105263157894739,1.0,0.4752495637904039,0.7361129436601137,0.0922152995039192,0.9082775731148036,0.2951434235077135,0.4879485940767029,0.3294142311721927,0.7111650485436896,0.6941747572815535,0.6067961165048545,0.7854397904210959,0.8997797272900305,0.8359947814742335,0.7075242718446602,0.7143321646729002,0.9097478523836372,0.2843029581612774
2023-01-01 02:29:00,,,0.7038834951456308,0.7051744885679905,0.7179788484136311,0.7105263157894739,1.0,0.4752415211644951,0.7387518142235121,0.0868755843968636,0.8924141042026914,0.2826339618965692,0.4772304939122997,0.4149962003957376,0.7075242718446602,0.6978155339805829,0.6796116504854368,0.7812422652850559,0.8974567846754118,0.8427071102413567,0.703883495145631,0.6970729405260563,0.906815974040872,0.279618084967994
2023-01-01 02:30:00,,,0.7123786407766988,0.7051744885679905,0.7179788484136311,0.7105263157894739,1.0,0.4937047640872179,0.7391476448080223,0.086555458067305,0.8764002706563421,0.2628744493173006,0.469763540363636,0.4652280172394421,0.7038834951456308,0.6905339805825241,0.7087378640776703,0.7795919082862794,0.8964811854412349,0.8494422700587083,0.712378640776699,0.6753857750998604,0.9092948433373432,0.2897825687456252
2023-01-01 02:31:00,,,0.7075242718446602,0.7051744885679905,0.7179788484136311,0.7105263157894739,1.0,0.4734113700337529,0.7297796543079562,0.0608629309523452,0.8594090669874448,0.2347592594716107,0.4622520496748369,0.6184422710711414,0.7123786407766988,0.7135922330097089,0.7936893203883495,0.7772221980541469,0.8949550085624205,0.8561643835616438,0.7075242718446602,0.648099738416626,0.9173774376514434,0.2718553555416925
2023-01-01 02:32:00,,,0.7378640776699028,0.7051744885679905,0.7262044653349002,0.7105263157894739,1.0,0.5268859029993064,0.7237102520121381,0.016342319715705,0.843169686489738,0.1903802026354902,0.461848351051049,0.7162334731764647,0.7075242718446602,0.7111650485436896,0.7936893203883495,0.781654707616759,0.8975960059713914,0.8629680365296803,0.737864077669903,0.6115520032428858,0.9384541001120572,0.2927650712296809
2023-01-01 02:33:00,,,0.7584951456310682,0.7051744885679905,0.7908343125734432,0.7105263157894739,1.0,0.5117545801267702,0.7307032590051452,0.0347828667738765,0.8297120517254344,0.1413941834655711,0.4650712539238745,0.6582070082168007,0.7378640776699028,0.7075242718446602,0.6941747572815535,0.7896138334542595,0.9027203202116209,0.8698271363339857,0.7584951456310682,0.5739642936305305,0.9652310635344856,0.3083038804533152
2023-01-01 02:34:00,,,0.7269417475728155,0.7051744885679905,0.7908343125734432,0.7105263157894739,1.0,0.4337770921174811,0.7338699036812242,0.0333474571027122,0.8165551462296068,0.088620956331197,0.4606348296802223,0.5540656515591156,0.7584951456310682,0.7038834951456308,0.6978155339805829,0.7894996275786643,0.9031739074510052,0.8766014350945859,0.7269417475728155,0.5342973656465364,0.9951326212234288,0.2904842592786547
2023-01-01 02:35:00,,,0.7148058252427185,0.7051744885679905,0.7908343125734432,0.7105263157894739,1.0,0.4624725108061018,0.736508774244623,0.0270027170997092,0.8107661078114425,0.0762703868619909,0.4541416296931767,0.3501980209971343,0.7269417475728155,0.7123786407766988,0.6905339805825241,0.7868576410521624,0.9019755662621468,0.8833431180691456,0.7148058252427187,0.5233435460712947,1.0000000000000002,0.277272865608391
2023-01-01 02:36:00,,,0.6432038834951455,0.7051744885679905,0.7908343125734432,0.600250626566416,1.0,0.3722686416466712,0.7288560496107663,0.061658386689367,0.8032478760995412,0.078594310454927,0.4341869524618492,0.2664040780454561,0.7148058252427185,0.7075242718446602,0.7135922330097089,0.7696595981144876,0.8913998479086742,0.8898923679060666,0.6432038834951455,0.5200985402813738,0.992316983526597,0.2346123573901367
2023-01-01 02:37:00,,,0.5667475728155338,0.7051744885679905,0.7908343125734432,0.5588972431077694,1.0,0.3615079605070449,0.7131547697585432,0.1310850500686454,0.7985865724381633,0.0993351308219564,0.4029395465217375,0.2890186102371083,0.6432038834951455,0.7378640776699028,0.7111650485436896,0.739532636334538,0.8716963440726597,0.8962361382909328,0.566747572815534,0.5296272796309505,0.9728351452921806,0.1676615430041864
2023-01-01 02:38:00,,,0.6881067961165048,0.7051744885679905,0.7908343125734432,0.5588972431077694,1.0,0.6762193409250669,0.7110436733078236,0.1309927449793049,0.8036237876851366,0.0868612337356577,0.4028663404469853,0.5103195482514555,0.5667475728155338,0.7584951456310682,0.7075242718446602,0.7403687575247337,0.8699566608469027,0.9029060665362034,0.6881067961165048,0.5252735703568587,0.9863080817200258,0.2316323848455141
2023-01-01 02:39:00,,,0.7864077669902916,0.7051744885679905,0.7908343125734432,0.5588972431077694,1.0,0.6313435650073492,0.7200158332233804,0.1505277557409738,0.81023983159161,0.0934508270705261,0.4225945920089844,0.6269602544265658,0.6881067961165048,0.7269417475728155,0.7038834951456308,0.7616960740603926,0.881413371850559,0.9098401826484018,0.7864077669902916,0.5332923583956473,0.9864842668013244,0.3134409805203857
2023-01-01 02:40:00,,,0.7900485436893205,0.7051744885679905,0.7908343125734432,0.5588972431077694,1.0,0.4861389993298468,0.7284602190262566,0.1663772472812369,0.8152770468385837,0.1006460223158668,0.4386308580866535,0.6092181927998755,0.7864077669902916,0.7148058252427185,0.7123786407766988,0.7799102602871453,0.892261586413595,0.9167840834964124,0.7900485436893203,0.5407000022687716,0.9849573522715878,0.3236782817817201
2023-01-01 02:41:00,,,0.6213592233009708,,,,1.0,0.2325860458092656,0.7190922285261905,0.1825800693428676,0.8046011578076837,0.1028230594360142,0.417036412717431,0.447658904735638,0.7900485436893205,0.6432038834951455,0.7075242718446602,0.7593879958485545,0.8797152956397079,0.9232746249184606,0.6213592233009708,0.5354206229083509,0.9749038301225934,0.261393331010801
2023-01-01 02:42:00,,,0.6213592233009708,,0.5992949471210343,0.6453634085213031,0.7822085889570549,0.4807748477896535,0.706425649821876,0.1911311388244901,0.7939252687767833,0.1013235325209719,0.4000306442607181,0.4503138977254798,0.6213592233009708,0.5667475728155338,0.7378640776699028,0.7425970522169805,0.8683638897014294,0.9297651663405088,0.6213592233009708,0.5279428010749818,0.9676540933051234,0.3127128090825313
2023-01-01 02:43:00,,,0.9053398058252424,0.8531889290012034,0.9083431257344304,0.9060150375939848,0.7822085889570549,0.927773099853576,0.7223908167304389,0.2584839320747235,0.8070069919554923,0.1443709110106111,0.4437571648961482,0.6421608211012287,0.6213592233009708,0.6881067961165048,0.7584951456310682,0.7884949687476368,0.8957378437018217,0.9370189171559036,0.9053398058252426,0.5617477031622731,0.9451104595680404,0.4156611733682462
2023-01-01 02:44:00,,,0.8689320388349515,0.8531889290012034,0.9083431257344304,0.901002506265664,0.7822085889570549,0.4294970322570489,0.7378282095263222,0.2927568290741084,0.8176076986692733,0.1654696721369052,0.4703238489069017,0.6129394391540094,0.9053398058252424,0.7864077669902916,0.7269417475728155,0.8184021734787641,0.9156785655334612,0.9441748206131768,0.8689320388349517,0.5808987594823474,0.9373545122591802,0.3268593891768928
2023-01-01 02:45:00,,,0.9162621359223296,0.8531889290012034,0.9083431257344304,0.901002506265664,0.7822085889570549,0.5483475097166666,0.7597308352025334,0.335966763633278,0.8315916096534095,0.193746555542068,0.4999344571144751,0.6378028263521902,0.8689320388349515,0.7900485436893205,0.7148058252427185,0.8528110315091006,0.9399942166099886,0.9514579256360078,0.91626213592233,0.6064276339037147,0.9267843013527172,0.3538206153186612
2023-01-01 02:46:00,,,0.9356796116504856,0.8531889290012034,0.9189189189189192,0.901002506265664,0.7822085889570549,0.5080127905857753,0.7915292254914894,0.3588759311508124,0.8453499736861891,0.2215121263077885,0.5259954650969513,0.6329994965508811,0.9162621359223296,0.6213592233009708,0.6432038834951455,0.8850414061028191,0.9645680588231778,0.9587932159165036,0.9356796116504852,0.6315117245744906,0.9164266996367424,0.4837988490964309
2023-01-01 02:47:00,,,0.9356796116504856,0.8531889290012034,0.9189189189189192,0.901002506265664,0.7822085889570549,0.4807748477896535,0.8316400580551522,0.3268507547794455,0.8592587023532063,0.2434469942706699,0.5450848916892399,0.6236316691800499,0.9356796116504856,0.6213592233009708,0.5667475728155338,0.9114117125885892,0.9868015351113008,0.9661285061969992,0.9356796116504852,0.6532019739055712,0.9106338668772638,0.4837988490964309
2023-01-01 02:48:00,,,0.8834951456310678,0.8531889290012034,0.9189189189189192,0.901002506265664,0.7822085889570549,0.4080936553335386,0.8528829660905124,0.3118157465143639,0.8701601383354638,0.2516679682152615,0.548030756439273,0.6100812644509884,0.9356796116504856,0.9053398058252424,0.6881067961165048,0.9220286728662156,1.0,0.973323548597521,0.8834951456310678,0.6648379986154473,0.9129350825105692,0.262785204246939
2023-01-01 02:49:00,,,0.5449029126213591,0.8531889290012034,0.9189189189189192,0.5601503759398496,0.7822085889570549,0.0,0.8266262039846943,0.3933209691238983,0.8603112547928728,0.2758038880828027,0.4808648908931209,0.4521326620409546,0.8834951456310678,0.8689320388349515,0.7864077669902916,0.8596108613095783,0.9670579111778688,0.9796086105675144,0.5449029126213593,0.6731989865220342,0.8867856763598028,0.0811676063128702
2023-01-01 02:50:00,,,0.5606796116504855,0.8531889290012034,0.9189189189189192,0.5112781954887216,0.7822085889570549,0.5064199645977949,0.801688877160575,0.4443488665519338,0.8509134651529964,0.2940935297067353,0.4305911490179408,0.4871187270906029,0.5449029126213591,0.9162621359223296,0.7900485436893205,0.8118548517254678,0.9393445126849224,0.9859360730593606,0.5606796116504854,0.6783422044533183,0.8654493478989822,0.0659508774659068
2023-01-01 02:51:00,,,0.6747572815533982,0.8531889290012034,0.9189189189189192,0.5112781954887216,0.7822085889570549,0.664966170882167,0.8074943924000524,0.4311346152541598,0.8488835425907824,0.2959158340033413,0.4138360650018055,0.5688908811366157,0.5606796116504855,0.9356796116504856,0.6213592233009708,0.7967380793171048,0.9293925441262948,0.9925701239399868,0.6747572815533982,0.6781805237410545,0.8624637324911528,0.1228901380759221
2023-01-01 02:52:00,,,0.9708737864077672,0.8531889290012034,0.9447708578143365,0.5112781954887216,0.7822085889570549,0.9367927806913467,0.845494128512996,0.4271423241702793,0.863318547477633,0.3201635467025688,0.4600351416116581,0.6287365167528765,0.6747572815533982,0.9356796116504856,0.6213592233009708,0.8465543176586765,0.9596413853994346,1.0,0.9708737864077672,0.7015781879071443,0.8553208544838011,0.2963393336674287
