date,value,Monthly_Percentage_Change,Annual_Percentage_Change,Rolling_3M_Average,Rolling_6M_Average,Rolling_12M_Average,MACD,RSI,Consumer_Sentiment_Rolling_6M_Avg,Consumer_Sentiment_Rolling_12M_Avg
2000-01-01,1.0,,,,,,0.6341196071393573,,,
2000-02-01,0.9887096774193548,0.5673815805476164,,,,,0.6297660343809512,,,
2000-03-01,0.9209677419354838,0.4723141346249825,,1.0,,,0.6002832923674702,,,
2000-04-01,0.9548387096774194,0.6454559910457306,,0.9835969537199768,,,0.5906305952734023,,,
2000-05-01,0.979032258064516,0.6277275170198054,,0.9800820152314004,,,0.5928926266120984,,,
2000-06-01,0.9096774193548388,0.4689690563603626,,0.9759812536613944,0.9999999999999998,,0.5683913210114172,,0.9588709677419355,
2000-07-01,0.9403225806451612,0.6401699781480918,,0.9707088459285296,0.988502175264139,,0.5617610220517444,,0.9489247311827956,
2000-08-01,0.9241935483870968,0.5583729552982705,,0.9507908611599296,0.976072094468614,,0.5511715529850265,,0.9381720430107526,
2000-09-01,0.9161290322580644,0.5721828862607262,,0.9531341534856472,0.9751398384089496,,0.5407105425543742,,0.9373655913978495,
2000-10-01,0.8999999999999999,0.5579813866003223,,0.938488576449912,0.9645742697327532,,0.527359695320905,,0.9282258064516129,
2000-11-01,0.929032258064516,0.6376219000972456,,0.9402460456942004,0.9549409571162212,,0.5293111683750767,,0.9198924731182795,
2000-12-01,0.7806451612903227,0.328090850889547,,0.8910369068541303,0.9300807955251706,1.0,0.4748161135929144,,0.8983870967741935,0.9286290322580645
2001-01-01,0.7209677419354839,0.4727194037224267,0.3244838928647132,0.8260105448154659,0.8878185208203853,0.970452604611443,0.4109242405567794,,0.8618279569892473,0.9053763440860214
2001-02-01,0.6548387096774193,0.4555301616372055,0.2852587328736795,0.7264206209724665,0.8359229334990681,0.9350982066609737,0.3379105446282186,0.0477375830109317,0.8169354838709677,0.8775537634408602
2001-03-01,0.6693548387096775,0.616246393947789,0.3354427335832236,0.6859988283538371,0.7883778744561836,0.9084543125533732,0.2896791345474847,0.0771474370563212,0.7758064516129033,0.8565860215053762
2001-04-01,0.6193548387096774,0.4839570317494999,0.2796681168051196,0.6490919742237845,0.7343070229956494,0.8729291204099061,0.23653613236716,0.0566214756724072,0.7290322580645161,0.8286290322580644
2001-05-01,0.6774193548387097,0.7092134389187792,0.3064879232131542,0.6572934973637962,0.6858297078931013,0.840990606319385,0.2218205456645626,0.2022125971164485,0.6870967741935484,0.8034946236559138
2001-06-01,0.6870967741935483,0.605944193769124,0.3553032673537158,0.6637375512595197,0.6678060907395895,0.8174210076857387,0.2187214384394904,0.1598202986585672,0.671505376344086,0.7849462365591396
2001-07-01,0.6838709677419357,0.5797313278726793,0.334003949320769,0.6871704745166959,0.6606587942821627,0.7902647309991457,0.2197833673116641,0.1117885703529193,0.6653225806451614,0.7635752688172043
2001-08-01,0.6693548387096775,0.5568431930162341,0.3334609933552037,0.6842413591095492,0.6634555624611558,0.7632792485055506,0.2197396926882636,0.1505751166070071,0.6677419354838711,0.7423387096774193
2001-09-01,0.5129032258064516,0.2661663678908813,0.2254014513935585,0.6209724663151729,0.6333126165320075,0.7205807002561915,0.1640996732536379,0.0,0.6416666666666667,0.7087365591397851
2001-10-01,0.5274193548387098,0.6194731051547483,0.2449967857349408,0.5641476274165201,0.615599751398384,0.681127241673783,0.1314608686467805,0.0345062840694027,0.6263440860215054,0.6776881720430108
2001-11-01,0.5467741935483872,0.6300645532494638,0.2426027479297545,0.5196250732278852,0.5904288377874458,0.6406490179333904,0.119080727933716,0.0738602720914157,0.6045698924731183,0.6458333333333334
2001-12-01,0.6258064516129032,0.7625925247678825,0.3952984198816763,0.5606326889279439,0.5786202610316968,0.6242527754056364,0.1457255857346671,0.2103170567771528,0.5943548387096775,0.6329301075268817
2002-01-01,0.6935483870967742,0.7290607139564811,0.4943702071441153,0.6209724663151729,0.5804847731510254,0.62134927412468,0.1982883669599778,0.2633623724768855,0.595967741935484,0.6306451612903227
2002-02-01,0.6564516129032258,0.5115800411685183,0.5180838265633432,0.6608084358523726,0.5779987569919205,0.6215200683176776,0.2301321747357742,0.352793144592689,0.5938172043010753,0.6307795698924732
2002-03-01,0.7370967741935484,0.7527008586721644,0.5738335034106192,0.7012302284710018,0.6211932877563704,0.6286934244235696,0.2907818206396149,0.5154673771558738,0.6311827956989248,0.6364247311827957
2002-04-01,0.6935483870967742,0.5010666431308122,0.5814677859577924,0.7012302284710018,0.6532007458048479,0.6365499573014515,0.3254196787411506,0.5424376652371077,0.6588709677419355,0.6426075268817205
2002-05-01,0.7564516129032259,0.7128714123105745,0.5829918530101162,0.7375512595196253,0.6935985083903045,0.6449188727583262,0.3803311693111257,0.5918198828506346,0.6938172043010753,0.6491935483870969
2002-06-01,0.6838709677419357,0.4460341992022069,0.5140223954838508,0.7182190978324549,0.7047855811062773,0.6445772843723316,0.398257914890029,0.565113625253364,0.7034946236559141,0.6489247311827958
2002-07-01,0.614516129032258,0.4457408128404236,0.458796538020024,0.6895137668424139,0.6895587321317587,0.6372331340734416,0.3882475929444626,0.4321803014074732,0.6903225806451614,0.6431451612903226
2002-08-01,0.6064516129032258,0.5691166047809988,0.4636672060491143,0.6350322202694786,0.6799254195152269,0.6305721605465413,0.3800970135636071,0.4136318607109021,0.681989247311828,0.6379032258064516
2002-09-01,0.582258064516129,0.5345510957851493,0.582128647506978,0.598125366139426,0.6500932256059664,0.6379163108454315,0.3672769918863438,0.3948280724590519,0.6561827956989248,0.6436827956989248
2002-10-01,0.493548387096774,0.3933776394003182,0.4851093990865587,0.5541886350322202,0.6115599751398384,0.634329632792485,0.3260671137411746,0.335973885294749,0.6228494623655915,0.6408602150537634
2002-11-01,0.5516129032258066,0.7211128704342572,0.5211600753118039,0.5342706502636206,0.5720944686140459,0.6348420153714773,0.3196805446573008,0.5376217232527027,0.5887096774193549,0.641263440860215
2002-12-01,0.5919354838709678,0.675901416400107,0.4872801774430406,0.5377855887521968,0.5543816034804225,0.631255337318531,0.3338086477171519,0.5622026631881256,0.5733870967741935,0.6384408602150539
2003-01-01,0.5225806451612904,0.4365030106214501,0.3748672913300043,0.5483304042179263,0.536668738346799,0.6131511528608029,0.3215566459309946,0.4744636601472376,0.5580645161290323,0.6241935483870967
2003-02-01,0.4822580645161292,0.4946455298709812,0.3685262438661562,0.5231400117164616,0.5127408328154133,0.5947053800170794,0.2999709961631741,0.3549910596898998,0.5373655913978496,0.6096774193548388
2003-03-01,0.4451612903225805,0.4993370983518717,0.2813400439930211,0.4698301113063857,0.486326911124922,0.5637916310845432,0.2725625274719501,0.2407617289136163,0.5145161290322581,0.5853494623655914
2003-04-01,0.5806451612903225,0.9130917286011933,0.4230403675956083,0.4909197422378443,0.503107520198881,0.5518360375747224,0.3074518376912964,0.4282709094872661,0.5290322580645161,0.5759408602150539
2003-05-01,0.6790322580645161,0.8004173030979767,0.455064609041525,0.562390158172232,0.5276569297700435,0.5436379163108451,0.3764477538683519,0.4455294220029141,0.5502688172043011,0.5694892473118279
2003-06-01,0.6403225806451613,0.5075719803477324,0.4803458217752007,0.6332747510251903,0.5369794903666871,0.5390264730999146,0.4185142795564283,0.4495705000293476,0.5583333333333333,0.5658602150537635
2003-07-01,0.6596774193548387,0.6266455638782155,0.5562621017126519,0.6619800820152314,0.5633934120571784,0.5438087105038427,0.4613926920840132,0.4058059442455798,0.5811827956989247,0.5696236559139786
2003-08-01,0.6338709677419354,0.5331064099870205,0.5408609336904224,0.6455770357352083,0.5926041019266626,0.5467122117847991,0.4870042643778441,0.4470872346538767,0.6064516129032258,0.5719086021505376
2003-09-01,0.6080645161290323,0.5321541817835691,0.5398362987273725,0.6338605741066198,0.6239900559353637,0.5494449188727586,0.4987958157216524,0.4904131783175065,0.6336021505376345,0.5740591397849463
2003-10-01,0.6387096774193548,0.6516666041468997,0.6556710350320734,0.6262448740480376,0.6351771286513359,0.5648163962425274,0.5213932024625313,0.5306033364345707,0.643279569892473,0.5861559139784946
2003-11-01,0.7048387096774194,0.7244158087041983,0.6571196894206562,0.6520210896309314,0.640149160969546,0.5810418445772842,0.5658818367211257,0.617028329175254,0.6475806451612903,0.5989247311827958
2003-12-01,0.6870967741935483,0.5508064606386733,0.6013974319699908,0.6807264206209723,0.6491609695463019,0.5911187019641333,0.5946739140916171,0.7054313439237471,0.6553763440860215,0.6068548387096774
2004-01-01,0.8677419354838709,0.951446494884468,0.83991026637462,0.7639132981839486,0.6892479801118709,0.6276686592655847,0.6873384971693552,0.7867914598926126,0.6900537634408602,0.6356182795698925
2004-02-01,0.7161290322580647,0.3128221713414142,0.7425529350393567,0.7680140597539545,0.705096333126165,0.6524338172502138,0.7008702081636353,0.5975145619902321,0.703763440860215,0.6551075268817205
2004-03-01,0.7387096774193549,0.6310314473759038,0.8085836233037913,0.7867603983596955,0.7302672467371036,0.6835183603757471,0.7194184309434964,0.680871459540866,0.7255376344086022,0.6795698924731183
2004-04-01,0.7129032258064516,0.5358247456797692,0.6353691139523382,0.7305213825424722,0.7445618396519575,0.697523484201537,0.7230274245021076,0.6964488624162164,0.7379032258064516,0.6905913978494623
2004-05-01,0.6483870967741936,0.4580415821704922,0.4910371093385895,0.705916813122437,0.7336855189558731,0.6942783945345861,0.699964230438674,0.6674452218244928,0.728494623655914,0.6880376344086021
2004-06-01,0.7354838709677418,0.7670131905224119,0.5985650843493242,0.7047451669595782,0.7430080795525171,0.7043552519214344,0.7147291144591635,0.6342699551991681,0.7365591397849464,0.6959677419354838
2004-07-01,0.7532258064516129,0.620994358138669,0.5961154371637263,0.7193907439953137,0.72094468614046,0.7142613151152859,0.7322197452913554,0.5697624923165925,0.7174731182795698,0.703763440860215
2004-08-01,0.7403225806451614,0.5612733657886197,0.6086868282944299,0.75278265963679,0.7256059664387817,0.725533731853117,0.739829768969869,0.598339308624243,0.7215053763440861,0.7126344086021504
2004-09-01,0.7129032258064516,0.5327288722009179,0.6089458411861702,0.7445811364967782,0.7206339341205714,0.73663535439795,0.7340144016114956,0.5505000681127854,0.7172043010752688,0.7213709677419354
2004-10-01,0.6725806451612903,0.5061207313286267,0.5458775303822512,0.7152899824253077,0.7128651336233685,0.7402220324508966,0.7127713257608214,0.5352590906264624,0.7104838709677419,0.7241935483870967
2004-11-01,0.6903225806451612,0.6224719227518776,0.5047569401059212,0.6971294669009959,0.7209446861404598,0.7386848847139196,0.7020729030039061,0.5788292722975139,0.7174731182795698,0.722983870967742
2004-12-01,0.7596774193548386,0.7261588258881173,0.5771866972467963,0.7141183362624489,0.7256059664387817,0.7463706233988046,0.7196599268343312,0.6114109540636813,0.7215053763440861,0.7290322580645161
2005-01-01,0.7338709677419355,0.5364998875045492,0.417200503661676,0.7363796133567663,0.7218769422001243,0.7321947053800173,0.7225130922030332,0.5261283807758848,0.7182795698924731,0.7178763440860215
2005-02-01,0.7112903225806451,0.5419896225714175,0.5127553510245775,0.7439953134153486,0.7162834058421379,0.7316823228010247,0.715033999495732,0.5211698951250562,0.7134408602150537,0.7174731182795698
2005-03-01,0.6870967741935483,0.538122403758005,0.4751412648557289,0.7176332747510253,0.7113113735239276,0.7262169086251071,0.6989231256574961,0.2732131306922498,0.7091397849462364,0.7131720430107528
2005-04-01,0.6080645161290323,0.4264803379643103,0.4308390874793713,0.6719390743995312,0.6988812927284025,0.7151152860802732,0.6550871352102273,0.3451291187054284,0.6983870967741934,0.7044354838709678
2005-05-01,0.5951612903225807,0.5587099276217774,0.4711808062756669,0.6297598125366141,0.680546923555003,0.7094790777113578,0.6155282403373827,0.2914577758405474,0.6825268817204301,0.7000000000000001
2005-06-01,0.7419354838709677,0.9024352951639985,0.5219172303165022,0.649677797305214,0.6771286513362333,0.7101622544833477,0.6413431174706682,0.5311503012111586,0.6795698924731183,0.7005376344086022
2005-07-01,0.75,0.6019785349626571,0.514136357787632,0.7012302284710018,0.6802361715351148,0.7098206660973527,0.6645958241793783,0.6271082733118695,0.682258064516129,0.700268817204301
2005-08-01,0.6306451612903226,0.3547154217552074,0.4284682805452433,0.7141183362624489,0.6646985705407082,0.6982066609735265,0.6364429660232119,0.3702689059472447,0.6688172043010753,0.6911290322580644
2005-09-01,0.4338709677419357,0.1728259247179273,0.2881608679665944,0.6022261277094317,0.6159105034182724,0.6686592655849704,0.5384828526085441,0.1966091505625497,0.6266129032258064,0.6678763440860215
2005-10-01,0.3903225806451613,0.4802409361727654,0.2792157463446102,0.4715875805506736,0.5739589807333747,0.6387702818104182,0.4460310014779825,0.1798665735950669,0.5903225806451613,0.6443548387096774
2005-11-01,0.5096774193548386,0.8873758567912167,0.3665154457322317,0.427650849443468,0.5574891236793036,0.6196413321947054,0.4217641583192654,0.3312813674833785,0.5760752688172044,0.6293010752688172
2005-12-01,0.6693548387096775,0.9525733403984998,0.4449384732673229,0.5131810193321619,0.5435052827843381,0.6100768573868487,0.4667436370609391,0.4949540937328838,0.5639784946236559,0.6217741935483871
2006-01-01,0.6645161290322581,0.5763530709622471,0.4606764591748443,0.6127709431751612,0.527035425730267,0.6027327070879589,0.502025570974377,0.4783818743898471,0.549731182795699,0.615994623655914
2006-02-01,0.5919354838709678,0.4372705462403333,0.4188453453089297,0.642647920328061,0.5195773772529517,0.5900939368061486,0.503186203484332,0.3747798718547873,0.5432795698924732,0.6060483870967742
2006-03-01,0.6274193548387097,0.6628687394144204,0.4669851494901678,0.6274165202108964,0.5568676196395277,0.5837745516652433,0.5192703067502731,0.4202624009191967,0.5755376344086022,0.6010752688172043
2006-04-01,0.603225806451613,0.5353071364606174,0.5124532102778715,0.6051552431165789,0.5978868862647608,0.5832621690862512,0.5238515516118205,0.4192158252928109,0.611021505376344,0.6006720430107527
2006-05-01,0.4693548387096773,0.2995160824367375,0.4050085710520005,0.5606326889279439,0.5901180857675572,0.5699402220324508,0.4770765279010354,0.354897403533997,0.6043010752688173,0.5901881720430108
2006-06-01,0.5629032258064517,0.8076477071403377,0.3728182629124568,0.5371997656707675,0.569608452454941,0.5509820666097354,0.4782915542710174,0.4681214117329255,0.5865591397849462,0.5752688172043011
2006-07-01,0.5596774193548388,0.5791398772938782,0.3645365654181229,0.5213825424721735,0.5494095711622127,0.5308283518360377,0.4797754383435151,0.4741804666690771,0.5690860215053763,0.5594086021505377
2006-08-01,0.5161290322580645,0.4900035257981666,0.4175436267572211,0.5383714118336264,0.5348042262274704,0.5187019641332196,0.465904581418169,0.3358926686403213,0.5564516129032259,0.5498655913978495
2006-09-01,0.5709677419354839,0.711446060351268,0.6542655653334168,0.5413005272407733,0.5239279055313859,0.5332194705380016,0.478100006097748,0.3747420394092492,0.5470430107526881,0.5612903225806452
2006-10-01,0.7032258064516128,0.8761687900403445,0.8420840933022493,0.5934387814879908,0.5431945307644499,0.5663535439795049,0.5404318223247729,0.5463955721033495,0.5637096774193547,0.5873655913978495
2006-11-01,0.6790322580645161,0.5378652977599588,0.6768443917523203,0.6526069127123612,0.5835922933499067,0.5842869342442358,0.5810058734598252,0.6934494979392236,0.5986559139784947,0.601478494623656
2006-12-01,0.6725806451612903,0.5731392022181091,0.5194303936024687,0.6895137668424135,0.6047234307022995,0.5846285226302306,0.6109121888139978,0.732358090490775,0.6169354838709679,0.6017473118279569
2007-01-01,0.7564516129032259,0.7574710429834641,0.5944896841659012,0.7088459285295842,0.6426351771286509,0.5943637916310849,0.6669483608759927,0.71116393673036,0.649731182795699,0.6094086021505377
2007-02-01,0.6661290322580644,0.411758578729101,0.5827375417979045,0.7041593438781489,0.6715351149782471,0.6022203245089668,0.6756486457662982,0.4942510469255261,0.674731182795699,0.6155913978494624
2007-03-01,0.6193548387096774,0.4903471192682037,0.5097109628766198,0.6848271821909785,0.680857675574891,0.6013663535439795,0.6639556128906231,0.4568777226587309,0.6827956989247311,0.6149193548387096
2007-04-01,0.5983870967741935,0.5418501382520241,0.5124385980541841,0.6274165202108962,0.6606587942821627,0.6008539709649874,0.646369186784267,0.5034366106759016,0.6653225806451613,0.614516129032258
2007-05-01,0.6177419354838709,0.6278513226031716,0.6614527723614325,0.6098418277680143,0.6488502175264139,0.6165670367207516,0.6399143190486608,0.4878742665224578,0.6551075268817205,0.6268817204301076
2007-06-01,0.5693548387096774,0.4836692751154848,0.5225734707945647,0.5916813122437022,0.6289620882535736,0.6172502134927411,0.6161328809247202,0.4653338405528079,0.6379032258064515,0.6274193548387097
2007-07-01,0.6516129032258065,0.7667777332553418,0.6004585908878608,0.6110134739308729,0.6087632069608448,0.6269854824935952,0.6294245642351218,0.6810659145966662,0.6204301075268818,0.6350806451612904
2007-08-01,0.5387096774193549,0.352451828340902,0.5379573063023784,0.582308142940832,0.5842137973896833,0.6293766011955595,0.5963560534088287,0.4735066559968781,0.5991935483870968,0.636962365591398
2007-09-01,0.5387096774193549,0.5862526465921841,0.4875657150005518,0.5711775043936734,0.5686761963952764,0.6259607173356108,0.5708780298694885,0.4765907479404662,0.5857526881720431,0.6342741935483871
2007-10-01,0.4983870967741937,0.4957439365462954,0.3478557142003057,0.5155243116578795,0.5494095711622125,0.6042698548249359,0.5360888430136929,0.4797009209998562,0.5690860215053765,0.6172043010752689
2007-11-01,0.4209677419354838,0.4071058144262005,0.3005154694933523,0.4727592267135326,0.5114978247358606,0.576942783945346,0.4800964469471418,0.3528702106822062,0.5362903225806451,0.5956989247311829
2007-12-01,0.4112903225806452,0.5624468339735442,0.2968581943044779,0.4264792032806094,0.4810441267868242,0.5492741246797608,0.4342513764660947,0.164242312435785,0.5099462365591398,0.5739247311827957
2008-01-01,0.4580645161290324,0.7022284697005217,0.2791177094027042,0.4118336262448742,0.4437538844002486,0.5176771989752349,0.4186468045860189,0.253507704676404,0.4776881720430108,0.5490591397849462
2008-02-01,0.3354838709677419,0.2935585610029694,0.2372835315878597,0.3807850029291152,0.4045991298943441,0.4826643894107598,0.3616091695429174,0.1792661599273484,0.4438172043010753,0.5215053763440861
2008-03-01,0.314516129032258,0.5308122265742452,0.2506411828328612,0.3456356180433507,0.3614045991298942,0.4503842869342445,0.3119418892409732,0.0448571419097929,0.4064516129032258,0.49610215053763446
2008-04-01,0.203225806451613,0.2864877989202009,0.1666580813599905,0.2530755711775044,0.3045369794903663,0.4085397096498719,0.2337865302194301,0.0364713877851732,0.357258064516129,0.4631720430107527
2008-05-01,0.1580645161290322,0.4512009279345744,0.1150406186267709,0.1886350322202695,0.2538844002486013,0.3598633646456022,0.1597016083503509,0.0370999762285572,0.3134408602150538,0.4248655913978496
2008-06-01,0.1032258064516129,0.4145827481265509,0.095078164779169,0.1118922085530168,0.1945307644499687,0.3105038428693423,0.0859184142393596,0.0244373116796562,0.2620967741935484,0.38602150537634405
2008-07-01,0.1806451612903226,0.8432203544331074,0.1147350478869047,0.1036906854130051,0.1410814170292105,0.2606319385140905,0.0642114458108565,0.1083988948654638,0.2158602150537634,0.34677419354838707
2008-08-01,0.2096774193548387,0.6750576632725027,0.2123072262178951,0.1224370240187461,0.1168427594779364,0.225789923142613,0.0648941429943896,0.1698231491105856,0.1948924731182796,0.31935483870967746
2008-09-01,0.3274193548387096,0.9361162202438535,0.3212357549839446,0.203866432337434,0.1193287756370413,0.2034158838599487,0.1173174640619536,0.2142212978903784,0.19704301075268815,0.301747311827957
2008-10-01,0.1225806451612904,0.040790253952615,0.1582902444300881,0.1827768014059753,0.1037911746426349,0.1636208368915457,0.0852931011029598,0.1688145146003917,0.1836021505376344,0.27043010752688174
2008-11-01,0.0854838709677419,0.4656875024185566,0.1765656961052542,0.1376684241359108,0.0898073337476692,0.1280956447480785,0.052152625154381,0.1528681078099052,0.17150537634408602,0.24247311827956988
2008-12-01,0.1629032258064516,0.8483318278259644,0.2628710923151575,0.0779144698301111,0.10130515848353,0.1017933390264731,0.0626730374979687,0.2515058574682721,0.18145161290322578,0.2217741935483871
2009-01-01,0.1806451612903226,0.6415156686195373,0.2436885091067446,0.0990041007615701,0.10130515848353,0.0724167378309137,0.0842690660415469,0.3104196269259339,0.18145161290322578,0.1986559139784946
2009-02-01,0.1016129032258064,0.3445056567402046,0.2618397369186865,0.104862331575864,0.0804847731510252,0.0476515798462851,0.0769801251483021,0.2725193997992436,0.16344086021505375,0.17916666666666667
2009-03-01,0.1177419354838709,0.6398826744275458,0.298256311929189,0.0884592852958406,0.0400870105655686,0.0268146883005977,0.0838379740120628,0.2427914543727996,0.128494623655914,0.16276881720430106
2009-04-01,0.243548387096774,0.9972664410707284,0.5664095646640354,0.1113063854715875,0.0633934120571781,0.0310845431255335,0.1439931875936454,0.4287565029089886,0.14865591397849456,0.1661290322580645
2009-05-01,0.3016129032258066,0.7532224475395125,0.7019241698523092,0.1839484475688341,0.1050341827221874,0.0462852263023056,0.2190986297047764,0.4880090264371326,0.1846774193548387,0.17809139784946235
2009-06-01,0.3354838709677419,0.6785478167664893,0.8344475496511528,0.2630345635618044,0.1382846488502176,0.0708795900939367,0.2957322268697374,0.5999583713163641,0.21344086021505373,0.19744623655913976
2009-07-01,0.2580645161290322,0.3815495572951779,0.6143158174737428,0.2683069712946689,0.1532007458048474,0.0790777113578136,0.3297759905475849,0.5724287702932348,0.22634408602150535,0.20389784946236555
2009-08-01,0.2532258064516131,0.5725282349234077,0.570044715406123,0.2507322788517868,0.1824114356743316,0.0836891545687446,0.3580509413940739,0.6158911859388565,0.2516129032258065,0.2075268817204301
2009-09-01,0.3790322580645162,0.9447167321876264,0.5733575729336345,0.2665495020503806,0.2327532628962085,0.0891545687446626,0.4318610016301361,0.6465966632871569,0.29516129032258065,0.2118279569892473
2009-10-01,0.332258064516129,0.4671210187734159,0.7975804599731505,0.2934973637961334,0.2498446239900555,0.1113578138343296,0.4739581077761936,0.5879431896067062,0.30994623655913983,0.22930107526881718
2009-11-01,0.2806451612903227,0.4493973234361125,0.7890086242969339,0.3034563561804334,0.24580484773151,0.1320239111870198,0.4888633263724116,0.4603044851831955,0.3064516129032258,0.24556451612903227
2009-12-01,0.3629032258064517,0.8147213393572774,0.7734730017906284,0.2975981253661396,0.2510876320696082,0.1532023911187021,0.533915433660741,0.7152413137194797,0.31102150537634415,0.26223118279569896
2010-01-01,0.3935483870967742,0.6653809786963029,0.7851255813566862,0.3198594024604569,0.2771908017402111,0.1757472245943638,0.5821714369628362,0.7788562353322773,0.3336021505376345,0.2799731182795699
2010-02-01,0.3806451612903225,0.5537862964079812,0.8991143352293426,0.3561804335090802,0.3017402113113734,0.2052946199829204,0.6155953371727951,0.7131321998620826,0.3548387096774193,0.3032258064516129
2010-03-01,0.3806451612903225,0.5862526465921841,0.8707220972890508,0.3626244874048036,0.3020509633312616,0.233134073441503,0.6419932563682514,0.700265309409468,0.3551075268817205,0.32513440860215054
2010-04-01,0.3580645161290323,0.5288189673261086,0.6524359688603907,0.3497363796133567,0.3070229956494714,0.2452604611443209,0.6538785130788889,0.7788907594106761,0.3594086021505376,0.33467741935483875
2010-05-01,0.3806451612903225,0.6447999983094022,0.6054716437979573,0.3497363796133567,0.3262896208825354,0.2536293766011954,0.671672296691619,0.7832958716098523,0.37607526881720427,0.3412634408602151
2010-06-01,0.4193548387096775,0.684710382476886,0.6081120730227886,0.3637961335676626,0.3371659415786199,0.2625106746370624,0.7001118795421911,0.7159397196943345,0.3854838709677419,0.3482526881720431
2010-07-01,0.2870967741935484,0.2604784538228035,0.5506503600264642,0.3380199179847686,0.3166563082660034,0.2655849701110164,0.6706425601395151,0.4811977114792991,0.3677419354838709,0.3506720430107528
2010-08-01,0.3048387096774194,0.6352394847019768,0.5773237485832424,0.3104862331575865,0.3020509633312616,0.2710503842869343,0.6539791746637511,0.4624968909613187,0.3551075268817205,0.3549731182795699
2010-09-01,0.2935483870967743,0.555576893370245,0.4269728636172903,0.2647920328060925,0.2852703542573023,0.2619982920580699,0.6363439230565339,0.5420128719673138,0.3405913978494624,0.3478494623655914
2010-10-01,0.2854838709677421,0.5641164987393187,0.4655917353231351,0.264206209724663,0.2712865133623365,0.2570452604611444,0.6193920873298037,0.5377295668733427,0.32849462365591403,0.34395161290322585
2010-11-01,0.3483870967741935,0.7601897989084361,0.5942588846227146,0.2800234329232572,0.2650714729645744,0.2642186165670366,0.6305341891900139,0.4543962258347052,0.32311827956989253,0.3495967741935484
2010-12-01,0.3951612903225807,0.7085455885569814,0.5510404763703078,0.3169302870533098,0.2604101926662523,0.2676345004269855,0.6573408456374312,0.5853296485357139,0.3190860215053764,0.35228494623655915
2011-01-01,0.3903225806451613,0.5740941073956843,0.5133648855936164,0.3550087873462214,0.2802983219390926,0.2672929120409906,0.6762127654049238,0.6653445179641075,0.33629032258064523,0.3520161290322581
2011-02-01,0.4435483870967742,0.7205373214106716,0.5826536815055344,0.3895723491505564,0.3070229956494719,0.2739538855678904,0.7110427492802218,0.628582200407371,0.35940860215053766,0.357258064516129
2011-03-01,0.282258064516129,0.1966564443817526,0.4135679292145774,0.3485647334504979,0.3048477315102547,0.2635354397950469,0.6752606846322549,0.355874973653739,0.3575268817204302,0.3490591397849463
2011-04-01,0.3193548387096774,0.6891349029536791,0.4753427764989382,0.3227885178676041,0.3113735239279054,0.2594363791631087,0.6610620555160464,0.4224506341070977,0.36317204301075273,0.3458333333333334
2011-05-01,0.3919354838709676,0.7809112075103617,0.5285462407724282,0.3040421792618631,0.3197638284648847,0.2606319385140905,0.6776179904431026,0.5096280080334751,0.3704301075268817,0.34677419354838707
2011-06-01,0.346774193548387,0.4724674839008469,0.4430244471136861,0.3274751025190393,0.3104412678682406,0.2529461998292057,0.672679165425789,0.4853383813044851,0.3623655913978494,0.34072580645161293
2011-07-01,0.2209677419354838,0.2568667665415468,0.4414546088918264,0.2917398945518453,0.2778123057799873,0.2459436379163111,0.6198590511522868,0.3496174288884995,0.3341397849462365,0.33521505376344085
2011-08-01,0.0935483870967741,0.2117938164456586,0.2800981641950086,0.1833626244874048,0.2103791174642633,0.2235695986336463,0.5295051059236741,0.2254675957397285,0.2758064516129031,0.31760752688172045
2011-09-01,0.1532258064516128,0.7864618060614337,0.3579580549640471,0.1130638547158756,0.1855189558732131,0.2087105038428693,0.4829189076666056,0.3758780904712182,0.2543010752688171,0.3059139784946236
2011-10-01,0.1741935483870967,0.6522220875547066,0.3898734457288415,0.0960749853544228,0.1575512740832814,0.1969257045260461,0.4562280409335923,0.3792602234515673,0.23010752688172034,0.2966397849462365
2011-11-01,0.2209677419354838,0.7302686769323067,0.3794012718941087,0.1423550087873463,0.1246115599751396,0.1834329632792486,0.4553798775231443,0.4343835833694738,0.20161290322580636,0.286021505376344
2011-12-01,0.3209677419354839,0.8801317284793306,0.4398704095273278,0.2032806092560045,0.1196395276569297,0.1755764304013662,0.4953124978864246,0.5251102401939285,0.19731182795698918,0.27983870967741925
2012-01-01,0.403225806451613,0.806550069945078,0.5301277166766049,0.2864674868189808,0.1547545059042883,0.1769427839453459,0.559899473550497,0.5394400374138228,0.2276881720430107,0.2809139784946236
2012-02-01,0.4080645161290321,0.5983301288607075,0.4813833155172846,0.3544229642647919,0.2153511497824736,0.1731853116994022,0.6132134352958905,0.5076478446091826,0.2801075268817204,0.27795698924731177
2012-03-01,0.4225806451612903,0.6223407410200428,0.6771087401964248,0.3913298183948447,0.2672467371037912,0.1880444064901791,0.6608193309065149,0.5229239172600433,0.32499999999999996,0.28965053763440857
2012-04-01,0.4258064516129034,0.5941775037237613,0.6343822940330571,0.3995313415348566,0.3157240522063391,0.1993168232280104,0.6990570048427672,0.4824066576357725,0.36693548387096775,0.2985215053763441
2012-05-01,0.4725806451612904,0.7008622623602395,0.6004566134055633,0.422964264792033,0.3642013673088875,0.207856532877882,0.7463114990631209,0.6801527582914114,0.40887096774193554,0.30524193548387096
2012-06-01,0.3741935483870968,0.3539933721975039,0.5462990623451304,0.4053895723491506,0.3744561839651954,0.2107600341588387,0.7441174339715783,0.546171508089798,0.41774193548387095,0.3075268817204301
2012-07-01,0.3596774193548386,0.5491292379799194,0.6847236098076405,0.3813708260105449,0.3660658794282161,0.2254483347566183,0.735547449927488,0.4664207238378592,0.4104838709677419,0.3190860215053763
2012-08-01,0.3919354838709676,0.6697760371075598,0.9293037153869124,0.3520796719390743,0.3629583592293348,0.2570452604611444,0.7401159814216155,0.5412199413172957,0.40779569892473116,0.3439516129032258
2012-09-01,0.4564516129032256,0.7488028790083804,0.9099212863976932,0.381956649091974,0.3694841516469853,0.2891545687446626,0.7673649379435186,0.7459661255788815,0.4134408602150537,0.36922043010752686
2012-10-01,0.5258064516129031,0.7520673776095866,0.9629186391577758,0.4422964264792032,0.3887507768800498,0.3263877028181041,0.8139387457110296,0.9940428867066944,0.4301075268817203,0.39852150537634407
2012-11-01,0.5274193548387098,0.5899080589010596,0.887902570927876,0.4915055653192736,0.399316345556246,0.3588385994876175,0.849000914254233,0.9689301081100622,0.4392473118279569,0.4240591397849462
2012-12-01,0.3693548387096774,0.2284554088910683,0.5701210165181315,0.4598711189220857,0.3983840894965818,0.3639624252775406,0.8130724657816214,0.6975216011647527,0.43844086021505374,0.4280913978494623
2013-01-01,0.3838709677419354,0.6235288264333052,0.496798699922278,0.408318687756298,0.4030453697949037,0.3619128949615715,0.7884814983384154,0.6720744616815881,0.4424731182795698,0.4264784946236559
2013-02-01,0.4451612903225805,0.7417215917832031,0.5547219727041104,0.3784417106033978,0.4133001864512118,0.3658411614005121,0.7910896416716995,0.6382846038303354,0.4513440860215053,0.4295698924731182
2013-03-01,0.461290322580645,0.625162061117066,0.5559061794305317,0.4118336262448742,0.4142324425108763,0.3699402220324508,0.7975636161656637,0.5704740210434971,0.4521505376344086,0.4327956989247311
2013-04-01,0.4258064516129034,0.5017410022195655,0.5167102381120611,0.4270650263620384,0.3949658172778121,0.3699402220324508,0.7870905513743459,0.5185638799443717,0.43548387096774194,0.4327956989247311
2013-05-01,0.5564516129032258,0.9063691595995116,0.5983149028242869,0.4674868189806679,0.4005593536357985,0.3788215200683176,0.8275189563122306,0.6328584712246774,0.4403225806451612,0.43978494623655906
2013-06-01,0.5499999999999998,0.5719597681678958,0.7020208308960735,0.4997070884592854,0.4353635798632691,0.3974380871050385,0.8545018954965152,0.6225172650685177,0.4704301075268817,0.45443548387096766
2013-07-01,0.5661290322580645,0.6221547936448695,0.7370315458828283,0.5506736965436437,0.4704785581106274,0.4192997438087102,0.8793502854996701,0.5956350625073873,0.5008064516129032,0.47163978494623654
2013-08-01,0.5177419354838708,0.4798118510411556,0.6473545835699245,0.536613942589338,0.4844623990055934,0.4326216908625107,0.8773655767556596,0.6594726710290557,0.5129032258064515,0.4821236559139785
2013-09-01,0.4435483870967742,0.4170796306506266,0.5039953350534513,0.4979496192149971,0.4810441267868239,0.4312553373185313,0.8444293792633099,0.5842908114926177,0.5099462365591397,0.4810483870967741
2013-10-01,0.3741935483870968,0.4187262796416987,0.3750876147888462,0.4282366725248977,0.4711000621504038,0.4152006831767718,0.7894845980525355,0.4797749727393655,0.5013440860215054,0.4684139784946236
2013-11-01,0.4048387096774193,0.6646242869958535,0.4023452968769102,0.387229056824839,0.4418893722809196,0.4022203245089666,0.7564829916827771,0.4439840054512969,0.47607526881720424,0.4581989247311828
2013-12-01,0.5241935483870968,0.8837671898247845,0.6805912108674772,0.4165202108963094,0.4369173399627095,0.4186165670367205,0.7752560611975685,0.4957289237936444,0.47177419354838707,0.4711021505376343
2014-01-01,0.5032258064516129,0.5386746861404254,0.6414946068488453,0.4633860574106622,0.4247980111870728,0.4312553373185313,0.7802707073537495,0.4744636601472376,0.4612903225806451,0.48104838709677417
2014-02-01,0.5096774193548386,0.6011263932282963,0.5808582348574963,0.5014645577035736,0.423244251087632,0.4380871050384283,0.7850217774381807,0.6605488664714175,0.45994623655913974,0.4864247311827956
2014-03-01,0.4838709677419355,0.5270493021386383,0.5388763906770232,0.4868189806678383,0.4310130515848351,0.4404782237403926,0.7770734194947351,0.6116484778254877,0.4666666666666666,0.4883064516129032
2014-04-01,0.5499999999999998,0.74099538815764,0.6421346851517611,0.503807850029291,0.4648850217526412,0.4536293766011954,0.7947164678378945,0.6163111397217085,0.49596774193548376,0.49865591397849457
2014-05-01,0.5145161290322582,0.5072679230762764,0.4784188185163245,0.5055653192735795,0.4860161591050342,0.4491887275832622,0.7930265480660623,0.5560090605718371,0.5142473118279569,0.4951612903225806
2014-06-01,0.5241935483870968,0.6083725774869155,0.4930342117270633,0.5202108963093145,0.4860161591050342,0.4464560204953032,0.7936232653320286,0.6100790569916332,0.514247311827957,0.493010752688172
2014-07-01,0.5129032258064516,0.5606337448104677,0.4684522504311826,0.5067369654364385,0.4878806712243628,0.4408198121263877,0.7879195005946187,0.4363364433931869,0.5158602150537633,0.48857526881720426
2014-08-01,0.5241935483870968,0.6120907810297345,0.5227734348811791,0.5102519039250147,0.4906774394033562,0.4415029888983774,0.7860516064681004,0.4614892321042663,0.5182795698924731,0.4891129032258064
2014-09-01,0.5580645161290321,0.6631093519373327,0.6307198519406577,0.5225541886350323,0.5049720323182099,0.4536293766011956,0.7959174561333255,0.4864536333490912,0.5306451612903226,0.49865591397849457
2014-10-01,0.5951612903225807,0.6683395532635907,0.7496235519782055,0.5524311657879323,0.5136730888750773,0.4770281810418446,0.8161078565046502,0.6034290357632884,0.5381720430107527,0.5170698924731182
2014-11-01,0.6258064516129032,0.6522688039862988,0.7437309381786624,0.5893380199179848,0.5351149782473585,0.5004269854824936,0.8416694464348018,0.7685791076744543,0.5567204301075269,0.5354838709677419
2014-12-01,0.7032258064516128,0.7494618664370943,0.6841481728897825,0.6420620972466317,0.569608452454941,0.5193851409052093,0.8891841631417206,0.9793997450916586,0.5865591397849462,0.5504032258064516
2015-01-01,0.7758064516129031,0.7314146930888594,0.7757196249711544,0.7076742823667254,0.6202610316967059,0.5482493595217759,0.9514913279002792,1.0,0.6303763440860214,0.5731182795698924
2015-02-01,0.7322580645161292,0.5031507043775743,0.7271722686106875,0.746338605741066,0.6603480422622745,0.5718189581554227,0.9798983588109442,0.8235647552078179,0.6650537634408601,0.5916666666666667
2015-03-01,0.6935483870967742,0.5102936386140493,0.7189367978520456,0.7428236672524898,0.6864512119328774,0.5940222032450897,0.9832875458436716,0.7851524026467079,0.6876344086021505,0.6091397849462366
2015-04-01,0.7403225806451614,0.680405062126372,0.6913209327014194,0.7299355594610429,0.7144188937228089,0.6141759180187873,1.0,0.8201068202754535,0.7118279569892474,0.625
2015-05-01,0.6564516129032258,0.4225328661012518,0.6504263065416178,0.7024018746338608,0.7203231821006837,0.6292058070025619,0.9765833997820106,0.7153990250417441,0.7169354838709677,0.6368279569892473
2015-06-01,0.7435483870967741,0.7660167156385627,0.7218594194613412,0.7205623901581727,0.7280919825978869,0.6524338172502133,0.9879190434324822,0.7336173934266189,0.7236559139784946,0.6551075268817204
2015-07-01,0.6951612903225806,0.4919955008961119,0.6886237325684705,0.7041593438781489,0.7125543816034801,0.6717335610589241,0.9741101743502414,0.713360606201478,0.710215053763441,0.6702956989247312
2015-08-01,0.6758064516129034,0.547334873439048,0.6585045252211226,0.7111892208553018,0.7016780609073958,0.6877882152006829,0.9519534558628062,0.6759008187700625,0.7008064516129032,0.6829301075268818
2015-09-01,0.6000000000000001,0.4318343477291266,0.5549563959825075,0.6590509666080845,0.6836544437538843,0.6922288642186167,0.9017410339466498,0.5905249284161507,0.6852150537634408,0.6864247311827957
2015-10-01,0.6451612903225807,0.6832049125092293,0.5611044904051619,0.6408904510837728,0.6653200745804846,0.697523484201537,0.8767652915495856,0.6208590244500735,0.6693548387096775,0.6905913978494623
2015-11-01,0.6661290322580644,0.6298657770062964,0.5517460246227999,0.6373755125951964,0.6671845866998136,0.701793339026473,0.8625174157737494,0.6096362736842763,0.6709677419354838,0.6939516129032258
2015-12-01,0.6870967741935483,0.6292447795305204,0.5034146063079858,0.6690099589923842,0.6563082660037289,0.7000853970964986,0.8568369326587144,0.595035245902244,0.6615591397849463,0.6926075268817206
2016-01-01,0.6774193548387097,0.5666886904336692,0.4393272214468745,0.6807264206209723,0.6528899937849595,0.6896669513236551,0.8461166887270147,0.5538305186464767,0.6586021505376344,0.6844086021505377
2016-02-01,0.6725806451612903,0.5764068730037142,0.4684445860534935,0.6830697129466904,0.6522684897451831,0.6833475661827497,0.8334358991594207,0.4597717224360973,0.6580645161290323,0.6794354838709679
2016-03-01,0.6612903225806452,0.5632040163087425,0.4899474179645032,0.6736965436438197,0.6640770665009319,0.679931682322801,0.8168758241241799,0.341653453563922,0.6682795698924732,0.676747311827957
2016-04-01,0.6290322580645162,0.5198928539079897,0.4271706046986726,0.6561218512009374,0.6609695463020506,0.6681468830059776,0.7893799351203445,0.3540923010171301,0.6655913978494624,0.6674731182795699
2016-05-01,0.7209677419354839,0.7796280649365195,0.5715931989438777,0.6736965436438199,0.6715351149782471,0.674978650725875,0.8015187445064191,0.531941329417829,0.674731182795699,0.6728494623655914
2016-06-01,0.7016129032258065,0.5479924070931661,0.4830408837328753,0.6883421206795551,0.6743318831572405,0.6705380017079419,0.8016582576376802,0.4460167928798482,0.6771505376344087,0.6693548387096775
2016-07-01,0.6451612903225807,0.4732280799081417,0.4752724236730656,0.6942003514938492,0.6681168427594777,0.6652433817250216,0.7780904266351172,0.4815796817500175,0.6717741935483872,0.6651881720430108
2016-08-01,0.6419354838709677,0.5795429342207822,0.4882729216005372,0.665495020503808,0.6622125543816033,0.6616567036720751,0.7567410307449195,0.3301164071910986,0.6666666666666666,0.6623655913978496
2016-09-01,0.6645161290322581,0.6333252389527991,0.5737960700781822,0.6520210896309314,0.6628340584213797,0.6684884713919725,0.7473240464491212,0.4438725422001033,0.667204301075269,0.6677419354838711
2016-10-01,0.6000000000000001,0.4538241129460943,0.477993358298594,0.6356180433509079,0.6572405220633932,0.6637062339880446,0.7137784296000728,0.3776117467841081,0.6623655913978495,0.6639784946236559
2016-11-01,0.7064516129032257,0.8147829876823625,0.5507866657369636,0.6590509666080845,0.6544437538844001,0.6679760888129804,0.727636430030647,0.655239866483775,0.6599462365591399,0.6673387096774194
2016-12-01,0.7774193548387098,0.7278862339629275,0.5919698317019542,0.700058582308143,0.6690490988191422,0.6775405636208371,0.7647934334774228,0.6840736849121182,0.6725806451612905,0.6748655913978495
2017-01-01,0.782258064516129,0.595476792927614,0.6046348293033587,0.7662565905096662,0.6954630205096333,0.6886421861656704,0.7942817023468479,0.666388345969268,0.6954301075268817,0.6836021505376344
2017-02-01,0.7467741935483871,0.5188149283415461,0.5791373616623625,0.7809021675454014,0.7156619018023616,0.6964987190435525,0.8018771805997664,0.581824086536114,0.7129032258064516,0.6897849462365592
2017-03-01,0.7564516129032259,0.6050649242690118,0.5973957294030777,0.7732864674868193,0.7333747669359849,0.7065755764304011,0.8096479204488425,0.6092411278559418,0.7282258064516131,0.6977150537634409
2017-04-01,0.7580645161290323,0.589368612089739,0.628572812211966,0.7644991212653783,0.7638284648850213,0.7202391118701963,0.814357723246973,0.6191162627994053,0.7545698924731182,0.7084677419354839
2017-05-01,0.7596774193548386,0.5893653997541747,0.5482491053609255,0.7691857059168133,0.7740832815413299,0.724338172502135,0.8166156830245839,0.6401100567310004,0.7634408602150539,0.7116935483870969
2017-06-01,0.7258064516129032,0.5209521502896636,0.5366750157087687,0.7580550673696546,0.7641392169049097,0.7269000853970966,0.8032442941946698,0.637335133158975,0.7548387096774194,0.7137096774193549
2017-07-01,0.7000000000000002,0.5354000896720857,0.5637235921712713,0.7369654364381958,0.7482908638906149,0.7327070879590092,0.7808897645461784,0.4625486541276523,0.7411290322580646,0.7182795698924731
2017-08-01,0.7548387096774194,0.6961654937896662,0.613718010473198,0.7352079671939075,0.749844623990056,0.7446626814688302,0.7828488623557361,0.5791123463837157,0.74247311827957,0.7276881720430107
2017-09-01,0.7274193548387096,0.5332265105991837,0.5699277538331095,0.7357937902753372,0.7442510876320696,0.7513236549957301,0.772115885346347,0.6316746999927809,0.7376344086021506,0.7329301075268817
2017-10-01,0.8177419354838711,0.7640494412917924,0.7093749209977203,0.778558875219684,0.7557489123679304,0.7743808710503843,0.7969628326830853,0.7390231636245304,0.7475806451612903,0.7510752688172043
2017-11-01,0.782258064516129,0.520288244926962,0.579066467784223,0.7885178676039833,0.7600994406463639,0.7824081981212638,0.8008913937199519,0.655473015582929,0.7513440860215055,0.7573924731182796
2017-12-01,0.7403225806451614,0.5065535250232484,0.4875627471265079,0.7932044522554192,0.7628962088253572,0.7784799316823225,0.785898379873185,0.6936883431848242,0.7537634408602151,0.7543010752688173
2018-01-01,0.7370967741935484,0.5799557319579175,0.4813344088408729,0.7639132981839486,0.7700435052827843,0.7736976942783942,0.7711781660482061,0.5503096645024375,0.7599462365591397,0.7505376344086021
2018-02-01,0.8016129032258066,0.712454133201624,0.5606479521860892,0.7709431751611017,0.7790553138595402,0.7795046968403074,0.7829608727089679,0.5397743546242433,0.7677419354838709,0.7551075268817206
2018-03-01,0.8290322580645162,0.6377363974860905,0.5745030153656886,0.803163444639719,0.7986326911124919,0.7871904355251924,0.8010691036961175,0.5753357119888952,0.7846774193548388,0.7611559139784947
2018-04-01,0.7870967741935484,0.5088328884606236,0.5398035169404176,0.8213239601640309,0.7927284027346175,0.7902647309991464,0.797183492688164,0.563626225777047,0.7795698924731184,0.7635752688172043
2018-05-01,0.7741935483870968,0.56180430191906,0.5282449860335371,0.8113649677797304,0.7911746426351771,0.7918018787361232,0.7873054209375409,0.5262735306912362,0.778225806451613,0.7647849462365593
2018-06-01,0.7774193548387098,0.5924146273414308,0.5586292658800254,0.7926186291739895,0.798321939092604,0.797267292912041,0.7790643615847134,0.528798767039086,0.7844086021505378,0.7690860215053764
2018-07-01,0.7725806451612904,0.5770285002567539,0.57666869759682,0.7873462214411252,0.8051584835301429,0.8049530315969258,0.7690900821816745,0.518150371608859,0.7903225806451614,0.7751344086021504
2018-08-01,0.7451612903225806,0.533822309880004,0.5089965740406059,0.7768014059753957,0.7942821628340584,0.8039282664389411,0.7491643883267927,0.5290191205908746,0.7809139784946236,0.7743279569892474
2018-09-01,0.8080645161290321,0.7086595614758664,0.5821398457283302,0.7879320445225543,0.7902423865755126,0.8124679760888132,0.7564976577390545,0.6612654813420008,0.7774193548387097,0.7810483870967743
2018-10-01,0.7838709677419353,0.5410073333984151,0.4907580098359037,0.7920328060925602,0.7896208825357365,0.8088812980358666,0.7515193905957098,0.5442280747032924,0.7768817204301075,0.778225806451613
2018-11-01,0.7661290322580645,0.552567985092753,0.504076013372351,0.7996485061511426,0.7880671224362956,0.8071733561058925,0.7394398209547159,0.5611969462943187,0.7755376344086021,0.7768817204301075
2018-12-01,0.7790322580645161,0.611026969194283,0.5478544584297613,0.7891036906854131,0.788377874456184,0.8112724167378311,0.7337510520332112,0.4203810847531165,0.7758064516129032,0.7801075268817205
2019-01-01,0.6645161290322581,0.3681699301463146,0.4581927865355041,0.745752782659637,0.7675574891236792,0.8035866780529464,0.6840009717144621,0.3035812005336044,0.7577956989247311,0.7740591397849462
2019-02-01,0.7064516129032257,0.6723311934621422,0.4430655068434299,0.7240773286467489,0.7600994406463639,0.7935098206660973,0.6606249530622528,0.4415642751525735,0.7513440860215054,0.7661290322580645
2019-03-01,0.7806451612903227,0.7343241242979612,0.4798915654238526,0.724663151728178,0.7548166563082659,0.7883859948761742,0.6706175457223598,0.5593515572273595,0.746774193548387,0.7620967741935484
2019-04-01,0.7612903225806451,0.5494310543101006,0.4965568593774629,0.7598125366139431,0.7504661280298319,0.7856532877882154,0.6705673015758299,0.4344764657995422,0.7430107526881721,0.7599462365591397
2019-05-01,0.8064516129032258,0.673230399554801,0.5421076082520906,0.7961335676625662,0.7582349285270353,0.7890691716481641,0.6875268691962296,0.4633537621578623,0.7497311827956988,0.7626344086021505
2019-06-01,0.7774193548387098,0.5319039763838289,0.5167102381120611,0.7949619214997069,0.7579241765071474,0.7890691716481637,0.6890107485792452,0.4823621553884712,0.7494623655913979,0.7626344086021505
2019-07-01,0.7806451612903227,0.5924020774824708,0.5230660661859193,0.8019917984768602,0.7802983219390927,0.7899231426131512,0.6907916699990209,0.5074392613445677,0.7688172043010754,0.7633064516129032
2019-08-01,0.6419354838709677,0.3223645685705856,0.4339179795266844,0.7422378441710608,0.7678682411435673,0.7789923142613153,0.6380543922976556,0.330991652227445,0.7580645161290324,0.7547043010752689
2019-09-01,0.6967741935483871,0.7005717994679622,0.4309275123943393,0.7129466900995899,0.7517091361093844,0.7672075149444921,0.6178370963022384,0.4112254747078555,0.7440860215053764,0.7454301075268818
2019-10-01,0.7338709677419355,0.6607650103733101,0.4775838636265593,0.6959578207381371,0.7464263517712866,0.7619128949615712,0.6164874863677142,0.4846539042928102,0.7395161290322582,0.741263440860215
2019-11-01,0.7548387096774194,0.6273540260400383,0.5077755735397225,0.7369654364381958,0.7364822871348662,0.7607173356105892,0.6237162420674524,0.4337860161018276,0.7309139784946237,0.7403225806451613
2019-12-01,0.7951612903225806,0.6642322583465967,0.5293701682937645,0.7727006444053898,0.7399005593536356,0.7624252775405636,0.6450468281069417,0.51042412409155,0.7338709677419355,0.7416666666666667
2020-01-01,0.8032258064516129,0.6014559223582002,0.6340616830353989,0.797891036906854,0.7442510876320696,0.7771135781383434,0.6647439938089872,0.5411013778083428,0.7376344086021506,0.753225806451613
2020-02-01,0.8225806451612903,0.6225577035115931,0.6122346750566493,0.8224956063268892,0.7790553138595402,0.7894107600341589,0.6872905178660059,0.5482080134299244,0.7677419354838709,0.7629032258064515
2020-03-01,0.6306451612903226,0.2305050253163714,0.3990925392013758,0.7627416520210896,0.7663144810441267,0.773526900085397,0.63033850026875,0.4619177833326204,0.7567204301075269,0.7504032258064517
2020-04-01,0.3516129032258064,0.0,0.1915089328005317,0.5987111892208553,0.6926662523306397,0.7301451750640475,0.478165622169017,0.2181342733237677,0.693010752688172,0.7162634408602151
2020-05-01,0.3596774193548386,0.6072789040234571,0.1719917332014414,0.4305799648506151,0.6165320074580483,0.6828351836037576,0.3638288054934718,0.1416447231481402,0.6271505376344085,0.6790322580645162
2020-06-01,0.4532258064516128,0.8284704790867745,0.2619865125426618,0.3661394258933802,0.5506525792417651,0.6485055508112725,0.3134013755224891,0.2569481135591528,0.5701612903225807,0.652016129032258
2020-07-01,0.3629032258064517,0.3697548850565539,0.1891512701780023,0.3702401874633859,0.4658172778123055,0.6042698548249359,0.2427190318724668,0.1666527843668406,0.4967741935483871,0.6172043010752688
2020-08-01,0.3887096774193548,0.6528870315219679,0.2991356629592253,0.3807850029291152,0.3822249844623988,0.5774551665243381,0.2017525561672943,0.2066070816580348,0.42446236559139777,0.5961021505376344
2020-09-01,0.4903225806451614,0.8429602656599895,0.3457957472126354,0.3942589338019918,0.3551895587321314,0.5555935098206661,0.2137657291837365,0.2994312176319382,0.4010752688172043,0.5788978494623656
2020-10-01,0.5129032258064516,0.6388287509949596,0.3381840121958122,0.4487404803749267,0.3862647607209446,0.5321947053800171,0.2366752624251764,0.3990734831932359,0.42795698924731185,0.5604838709677419
2020-11-01,0.4338709677419357,0.4053857055293344,0.260873713075463,0.4651435266549503,0.4005593536357985,0.4982066609735269,0.228678597903377,0.3019327376160547,0.44032258064516133,0.533736559139785
2020-12-01,0.4951612903225806,0.7354543131084028,0.283606883171247,0.4669009958992384,0.4086389061528899,0.4664389410760035,0.2506674959521223,0.3240289186049674,0.44731182795698926,0.508736559139785
2021-01-01,0.467741935483871,0.5226475664915342,0.2573415041770109,0.4504979496192151,0.4288377874456182,0.4309137489325363,0.2616921272942735,0.2901911270202841,0.4647849462365592,0.4807795698924731
2021-02-01,0.4322580645161289,0.5021689092796795,0.2185300251214975,0.4499121265377855,0.4372280919825977,0.3895815542271563,0.2608911895363938,0.2342943718981012,0.47204301075268823,0.448252688172043
2021-03-01,0.5629032258064517,0.904701886094266,0.4580482990007474,0.4745166959578207,0.4512119328775634,0.3824081981212637,0.3148940457037589,0.341435159242511,0.4841397849462366,0.44260752688172045
2021-04-01,0.6177419354838709,0.7071697246633836,0.8026959450509721,0.5289982425307557,0.4714108141702922,0.410589239965841,0.3819877987119781,0.3683698460503585,0.5016129032258064,0.46478494623655914
2021-05-01,0.5306451612903227,0.401602577934126,0.6991638211097279,0.5647334504979499,0.4900559353635798,0.4286934244235696,0.4038427222422804,0.4283356941865585,0.5177419354838709,0.47903225806451616
2021-06-01,0.5725806451612903,0.6809494315685433,0.6346242766879213,0.5682483889865261,0.5049720323182099,0.4413321947053803,0.4397601766851648,0.6916722886721219,0.5306451612903226,0.48897849462365595
2021-07-01,0.5032258064516129,0.4344012613446679,0.6660467745354344,0.5266549502050383,0.5118085767557488,0.4561912894961573,0.4433721792137134,0.6151630807388001,0.5365591397849462,0.5006720430107526
2021-08-01,0.3274193548387096,0.1809430507581173,0.4528912054525,0.4528412419449327,0.4916096954630204,0.4497011101622545,0.3805845083490445,0.4024525750503381,0.5190860215053763,0.49556451612903224
2021-09-01,0.3677419354838709,0.6936271333322571,0.3990736629858549,0.3784417106033978,0.4540087010565568,0.4367207514944493,0.3498296517379967,0.501127058827416,0.4865591397849462,0.4853494623655914
2021-10-01,0.3500000000000001,0.5406302891218007,0.3630530439519074,0.3227885178676041,0.4024238657551271,0.4194705380017078,0.3221324093101433,0.4663153740586938,0.4419354838709677,0.47177419354838707
2021-11-01,0.2806451612903227,0.4051746348953552,0.3629719312176045,0.305799648506151,0.3542573026724673,0.4032450896669513,0.2772443247448099,0.323590434105015,0.400268817204301,0.459005376344086
2021-12-01,0.332258064516129,0.7296055518565562,0.3609585840562917,0.2929115407147039,0.3079552517091359,0.38599487617421,0.2660445992019522,0.3522533124711176,0.3602150537634408,0.44543010752688167
2022-01-01,0.2774193548387098,0.4408438657388578,0.3308272075428835,0.2665495020503808,0.2644499689247979,0.3658411614005126,0.2403185476160448,0.3683662780179467,0.3225806451612903,0.4295698924731182
2022-02-01,0.2064516129032259,0.3885557642205214,0.2898535204550273,0.239601640304628,0.2411435674331881,0.341929974380871,0.1972852560747161,0.2618632408494741,0.3024193548387097,0.4107526881720431
2022-03-01,0.1516129032258064,0.4227835394545269,0.1429291546024404,0.1739894551845341,0.1995027967681788,0.2983774551665243,0.147401958685188,0.246907019287429,0.2663978494623656,0.3764784946236559
2022-04-01,0.2451612903225806,0.8810733416992367,0.1911464412660892,0.162272993555946,0.1793039154754503,0.2589239965841161,0.1499387030472205,0.357598092557395,0.2489247311827957,0.34543010752688175
2022-05-01,0.1354838709677419,0.2713489678116664,0.1489232314401026,0.136496777973052,0.1513362336855186,0.2170794192997438,0.1151520622714161,0.1714229273760358,0.22473118279569892,0.31249999999999994
2022-06-01,0.0,0.15195961981309,0.0,0.0814294083186876,0.0873213175885641,0.1564474807856533,0.0415688585897024,0.0617317455695864,0.1693548387096774,0.2647849462365591
2022-07-01,0.0241935483870967,0.6768337636061096,0.0615280612058437,0.0011716461628588,0.0385332504661277,0.1057216054654142,0.0,0.1179534417564505,0.1271505376344086,0.22486559139784945
2022-08-01,0.1322580645161291,0.979063963092702,0.3025125033179864,0.0,0.024238657551274,0.085055508112724,0.0163281509052357,0.1877572115341614,0.1147849462365591,0.20860215053763442
2022-09-01,0.1387096774193549,0.6070043343387878,0.2739699888890874,0.050380785002929,0.0217526413921687,0.0608027327070879,0.0386489760659751,0.2251333268388534,0.11263440860215053,0.1895161290322581
2022-10-01,0.1596774193548387,0.6532352700950868,0.3119018780707078,0.0995899238429994,0.005282784338098,0.04064901793339,0.07100799869564,0.3494492006129871,0.09838709677419355,0.17365591397849464
2022-11-01,0.1080645161290323,0.424950713122757,0.3191458291444433,0.0908025776215583,0.0,0.0223740392826643,0.0828756887144067,0.2713943394711375,0.09381720430107528,0.1592741935483871
2022-12-01,0.1580645161290322,0.7513328716028647,0.3263378828981294,0.0978324545987111,0.0304536979490366,0.0039282664389408,0.1177358263563448,0.3362968792962966,0.12016129032258065,0.14475806451612902
2023-01-01,0.2403225806451614,0.8437574942906343,0.47411673193972,0.1271236086701815,0.0720944686140458,0.0,0.1826515026977718,0.4639437034129154,0.15618279569892476,0.1416666666666667
2023-02-01,0.2725806451612904,0.6792995053635509,0.5979575575568369,0.1868775629759814,0.0991298943443128,0.007002561912895,0.251095078052116,0.4468713164840729,0.1795698924731183,0.14717741935483872
2023-03-01,0.1935483870967742,0.3651029339024808,0.5711820387154241,0.1997656707674283,0.1096954630205095,0.0114432109308284,0.2786089044663302,0.4282966718238268,0.18870967741935485,0.15067204301075268
2023-04-01,0.2209677419354838,0.6690418395619013,0.4880797671719972,0.1927357937902752,0.1215040397762583,0.0088812980358667,0.314789687604962,0.5098227957035645,0.19892473118279572,0.14865591397849462
2023-05-01,0.1451612903225806,0.36347334258096,0.5294959004770758,0.146455770357352,0.1286513362336854,0.0099060631938512,0.3175444110454998,0.4918475372646886,0.2051075268817204,0.14946236559139783
2023-06-01,0.2290322580645161,0.8523666626782922,0.8701400409807108,0.1593438781487991,0.1423244251087629,0.0341588385994875,0.3556511908990187,0.483538147501701,0.21693548387096773,0.1685483870967742
2023-07-01,0.346774193548387,0.9295767141942892,1.0,0.2050380785002926,0.1628340584213794,0.0683176771989753,0.4340819038259199,0.6757912614860222,0.23467741935483866,0.19543010752688172
2023-08-01,0.3129032258064517,0.4975718327323973,0.7561960926283524,0.2659636789689515,0.1706028589185826,0.0874466268146882,0.4847493817562615,0.7954856839489316,0.24139784946236556,0.21048387096774193
2023-09-01,0.2870967741935484,0.5166417977822509,0.7120879592575434,0.2870533099004103,0.1886264760720941,0.1031596925704527,0.5161973250673816,0.7473273623328834,0.256989247311828,0.22284946236559142
2023-10-01,0.2225806451612904,0.4081186898293023,0.5977359047858445,0.2419449326303456,0.1889372280919825,0.1098206660973526,0.5173023121426357,0.5881684448100509,0.25725806451612904,0.2280913978494624
2023-11-01,0.182258064516129,0.4679387528958343,0.6176726231131656,0.1944932630345633,0.1960845245494094,0.1176771989752347,0.5039508198450185,0.5392160151352452,0.2634408602150538,0.2342741935483871
2023-12-01,0.3177419354838711,1.0,0.722734723980427,0.2056239015817224,0.2131758856432566,0.1345858240819812,0.5472165270408595,0.6301069048221666,0.27822580645161293,0.24758064516129033
2024-01-01,0.467741935483871,0.9891241856785088,0.7870807008200168,0.2946690099589925,0.2364822871348662,0.1586678052946197,0.6399448331651607,0.7697349068905069,0.29838709677419356,0.26653225806451614
2024-02-01,0.4338709677419357,0.5059908973393391,0.7027298400345489,0.3860574106619802,0.2597886886264759,0.1757472245943638,0.699468112838887,0.7096352200451304,0.31854838709677424,0.2799731182795699
2024-03-01,0.4741935483870969,0.6844116377212753,0.8659650410376919,0.4428822495606327,0.295835922933499,0.205465414175918,0.7609069228378097,0.6853786748487395,0.349731182795699,0.3033602150537635
2024-04-01,0.4387096774193548,0.5025925049336469,0.7804521587969822,0.4323374340949034,0.3374766935985083,0.2285226302305723,0.7939152157022594,0.6304405153607885,0.38575268817204306,0.3215053763440861
2024-05-01,0.3080645161290323,0.2694534031496987,0.7297468225578333,0.3866432337434095,0.3617153511497823,0.2457728437233135,0.7675783250348014,0.5843125051972328,0.40672043010752695,0.3350806451612904
2024-06-01,0.2935483870967743,0.5469265465861388,0.5942473805956401,0.3210310486233158,0.3570540708514604,0.252604611443211,0.7398256612253857,0.5531690014785271,0.40268817204301083,0.3404569892473119
2024-07-01,0.2645161290322582,0.5065625143218686,0.4279437654128533,0.2577621558289394,0.3178993163455563,0.2438941076003415,0.7056825924280136,0.5937757105827169,0.36881720430107534,0.3336021505376345
