created_at,id,value,Monthly_Percentage_Change,Annual_Percentage_Change,Rolling_3M_Average,Rolling_6M_Average,Rolling_12M_Average,MACD,RSI
2024-08-13 20:25:55.266885,0.0,0.5306451612903227,,,,,,0.3987204192422841,
2024-08-13 20:25:55.270218,0.0034129692832764505,0.5725806451612903,0.2696424489328753,,,,,0.4098160840025835,
2024-08-13 20:25:55.278523,0.0068259385665529,0.5032258064516129,0.17201427080817797,,0.5266549502050382,,,0.40003229983360206,
2024-08-13 20:25:55.285881,0.010238907849829351,0.32741935483870965,0.07164985395672985,,0.4528412419449328,,,0.3458355509344131,
2024-08-13 20:25:55.290525,0.013651877133105802,0.3677419354838709,0.27466256700909447,,0.37844171060339793,,,0.31464529561405896,
2024-08-13 20:25:55.294579,0.017064846416382253,0.3500000000000001,0.21407885573866886,,0.3227885178676042,0.40242386575512734,,0.2864722872508422,
2024-08-13 20:25:55.298659,0.020477815699658706,0.2806451612903227,0.16044110727430733,,0.3057996485061514,0.3542573026724676,,0.24732807595376982,
2024-08-13 20:25:55.302524,0.023890784982935155,0.33225806451612905,0.2889093060911395,,0.29291154071470427,0.3079552517091362,,0.23204100599054572,
2024-08-13 20:25:55.362502,0.027303754266211604,0.27741935483870983,0.1745654141762743,,0.26654950205038075,0.2644499689247981,,0.20745372191118122,
2024-08-13 20:25:55.366091,0.030716723549488057,0.2064516129032259,0.15386036459428365,,0.23960164030462794,0.24114356743318832,,0.17159257889090113,
2024-08-13 20:25:55.369066,0.034129692832764506,0.15161290322580645,0.16741388370709356,,0.17398945518453424,0.19950279676817906,,0.13157487776797,
2024-08-13 20:25:55.372909,0.03754266211604095,0.2451612903225806,0.3488875422041384,,0.16227299355594615,0.17930391547545055,0.25892399658411613,0.12801823920502198,
2024-08-13 20:25:55.426720,0.040955631399317405,0.13548387096774195,0.10744880134139712,0.09800188226290318,0.13649677797305215,0.15133623368551885,0.21707941929974384,0.0992971932374544,
2024-08-13 20:25:55.429684,0.04436860068259386,0.0,0.06017299101186757,0.0,0.08142940831868772,0.08732131758856432,0.1564474807856533,0.04435964743904858,0.09007484542792071
2024-08-13 20:25:55.432581,0.0477815699658703,0.024193548387096753,0.2680127261708944,0.04048975940053395,0.0011716461628589192,0.03853325046612799,0.1057216054654142,0.01175705515019293,0.1179534417564505
2024-08-13 20:25:55.500449,0.051194539249146756,0.1322580645161291,0.3876898818494261,0.1990743448590118,0.0,0.0242386575512743,0.08505550811272422,0.01921622709498927,0.18775721153416147
2024-08-13 20:25:55.506531,0.05460750853242321,0.13870967741935492,0.24036165923064637,0.18029137787999328,0.050380785002929196,0.021752641392168925,0.060802732707087914,0.031092167124802172,0.2251333268388534
2024-08-13 20:25:55.510499,0.058020477815699655,0.1596774193548387,0.25866819148675285,0.20525320889614201,0.09958992384299936,0.005282784338098256,0.040649017933390486,0.050134006674947273,0.3494492006129871
2024-08-13 20:25:55.514655,0.061433447098976114,0.10806451612903234,0.1682720414322837,0.21002023438559358,0.09080257762155841,0.0,0.02237403928266435,0.05536911878352302,0.27139433947113756
2024-08-13 20:25:55.518712,0.06484641638225257,0.15806451612903227,0.2975128931323199,0.21475310781562454,0.09783245459871126,0.03045369794903685,0.003928266438941064,0.07661298412220818,0.3362968792962966
2024-08-13 20:25:55.524959,0.06825938566552901,0.24032258064516143,0.33411120784978887,0.3120019065737032,0.1271236086701817,0.07209446861404611,0.0,0.1186923513475201,0.46394370341291546
2024-08-13 20:25:55.530432,0.07167235494880547,0.27258064516129044,0.268989110928836,0.3934978148622015,0.18687756297598157,0.09912989434431307,0.007002561912895056,0.16338684634416037,0.44687131648407297
2024-08-13 20:25:55.533392,0.07508532423208192,0.19354838709677424,0.14457350964119733,0.37587765432949316,0.19976567076742846,0.10969546302050981,0.011443210930828451,0.18017470439752462,0.4282966718238268
2024-08-13 20:25:55.536438,0.07849829351535836,0.22096774193548385,0.2649272790234614,0.32119055848270217,0.1927357937902754,0.12150403977625857,0.008881298035866791,0.2030729918235722,0.5098227957035645
2024-08-13 20:25:55.539559,0.08191126279863482,0.14516129032258063,0.14392822384709297,0.348445265358852,0.14645577035735213,0.12865133623368563,0.009906063193851455,0.20318529798148705,0.49184753726468866
2024-08-13 20:25:55.545255,0.08532423208191127,0.2290322580645161,0.3375202675239799,0.5726128893645945,0.15934387814879925,0.1423244251087632,0.03415883859948776,0.2276929371273551,0.483538147501701
2024-08-13 20:25:55.548019,0.08873720136518772,0.346774193548387,0.3680939142704803,0.6580698076130578,0.20503807850029276,0.16283405842137966,0.0683176771989753,0.27999632263974283,0.6757912614860222
2024-08-13 20:25:55.550776,0.09215017064846417,0.3129032258064517,0.1970285622956389,0.4976298171936858,0.2659636789689517,0.17060285891858284,0.08744662681468829,0.31336585666473427,0.7954856839489316
2024-08-13 20:25:55.553530,0.09556313993174062,0.2870967741935484,0.20457988966111193,0.46860358635218646,0.28705330990041045,0.18862647607209437,0.10315969257045254,0.3336546786560691,0.7473273623328834
2024-08-13 20:25:55.556115,0.09897610921501707,0.2225806451612904,0.16160689454922111,0.3933519518658376,0.24194493263034578,0.18893722809198277,0.10982066609735264,0.33322171580535725,0.5881684448100509
2024-08-13 20:25:55.558768,0.10238907849829353,0.18225806451612903,0.18529445129396171,0.40647170425993356,0.1944932630345635,0.1960845245494096,0.11767719897523499,0.32296001544410713,0.5392160151352452
2024-08-13 20:25:55.561586,0.10580204778156997,0.3177419354838711,0.3959801366039227,0.4756099007650759,0.2056239015817225,0.21317588564325685,0.13458582408198128,0.35163112044133776,0.6301069048221666
2024-08-13 20:25:55.565467,0.10921501706484642,0.467741935483871,0.3916735301632197,0.517954045364579,0.29466900995899237,0.2364822871348664,0.15866780529461977,0.4143192064128414,0.7697349068905069
2024-08-13 20:25:55.570664,0.11262798634812288,0.4338709677419357,0.20036234464877295,0.46244529063549034,0.3860574106619803,0.2597886886264762,0.17574722459436387,0.4542941566519769,0.7096352200451304
2024-08-13 20:25:55.574521,0.11604095563139932,0.47419354838709693,0.27101341379818505,0.5698654479553075,0.4428822495606328,0.29583592293349925,0.20546541417591802,0.4956491515885131,0.6853786748487395
2024-08-13 20:25:55.579414,0.11945392491467577,0.43870967741935485,0.19901664875973324,0.5135920019907256,0.43233743409490355,0.3374766935985085,0.2285226302305723,0.5175565482960733,0.6304405153607885
2024-08-13 20:25:55.582785,0.12286689419795221,0.3080645161290323,0.10669819538760958,0.48022435112687345,0.3866432337434096,0.3617153511497826,0.24577284372331332,0.4987989419227885,0.5843125051972328
2024-08-13 20:25:55.590635,0.1262798634812287,0.29354838709677433,0.21657204862949098,0.3910562594231363,0.3210310486233159,0.3570540708514607,0.252604611443211,0.4791215085559745,0.5531690014785271
2024-08-13 20:28:02.158016,0.12969283276450513,1.0,1.0,0.8039115427257337,0.5248974809607501,0.4596022374145434,0.3217762596071734,0.649707739879392,0.8981025056947604
2024-08-13 20:28:02.270247,0.13310580204778158,0.9887096774193549,0.22467183577179473,0.8344688441567625,0.7721148213239604,0.5665009322560597,0.3933390264730998,0.7775103723909098,0.8702676296221833
2024-08-13 20:28:02.340065,0.13651877133105803,0.9209677419354838,0.1870270155487641,0.8147318649130395,1.0,0.6525792417650715,0.4604611443210931,0.8554001792541106,0.7886585627555361
2024-08-13 20:28:02.422857,0.13993174061433447,0.9548387096774194,0.2555877515061087,0.922794404247768,0.9835969537199767,0.752019888129273,0.5380017079419301,0.9201825120372377,0.8230337168345626
2024-08-13 20:28:02.506494,0.14334470989761092,0.9790322580645161,0.2485676279395438,1.0,0.9800820152314003,0.8812927284027348,0.6223740392826642,0.9713966580718268,0.84878626351885
2024-08-13 20:28:02.568866,0.1467576791808874,0.9096774193548387,0.18570243100058914,0.7712426545506487,0.9759812536613943,1.0000000000000002,0.6850555081127241,0.9866449538292065,0.8451974359460938
2024-08-13 20:28:02.865665,0.15017064846416384,0.9403225806451612,0.25349459539681163,0.6437681440911935,0.97070884592853,0.9885021752641394,0.7350982066609733,1.0,0.8836350495432398
2024-08-13 20:28:02.970331,0.15358361774744028,0.9241935483870967,0.22110459911494518,0.6637771287166363,0.9507908611599298,0.9760720944686143,0.7870196413321946,0.9993436029381676,0.8334008267949039
2024-08-13 20:28:03.070780,0.15699658703071673,0.9161290322580644,0.22657305746394918,0.6226409706666416,0.9531341534856472,0.97513983840895,0.8338172502134922,0.9898508414050977,0.7746476317551135
2024-08-13 20:28:03.150370,0.16040955631399317,0.8999999999999999,0.22094954568844183,0.6434243864442905,0.9384885764499122,0.964574269732754,0.88266438941076,0.9714094002287845,0.7898681684833121
2024-08-13 20:28:03.243892,0.16382252559726962,0.9290322580645161,0.25248560710216006,0.7963198576685164,0.9402460456942006,0.9549409571162213,0.9484201537147736,0.9581162215658798,0.7854820684661229
2024-08-13 20:28:03.331120,0.1672354948805461,0.7806451612903227,0.1299174599537401,0.7026744601350055,0.89103690685413,0.9300807955251713,0.9999999999999998,0.9020648740619358,0.6952211950895827
2024-08-13 20:28:03.421124,0.17064846416382254,0.7209677419354839,0.18718749406133145,0.21353305295101782,0.826010544815466,0.8878185208203857,0.9704526046114428,0.8366238970515867,0.7500308563566501
2024-08-13 20:28:03.518513,0.17406143344709898,0.6548387096774193,0.18038089563230764,0.18772015946212686,0.7264206209724664,0.8359229334990679,0.9350982066609739,0.7628651134791967,0.7095698623932647
2024-08-13 20:28:03.613599,0.17747440273037543,0.6693548387096775,0.24402133125712028,0.2207447351543101,0.6859988283538372,0.7883778744561845,0.9084543125533731,0.7047679026786886,0.07714743705632127
2024-08-13 20:28:03.706109,0.18088737201365188,0.6193548387096774,0.19163737154259597,0.18404114382145118,0.6490919742237846,0.7343070229956496,0.8729291204099059,0.6425329778750689,0.05662147567240722
2024-08-13 20:28:03.786087,0.18430034129692832,0.6774193548387097,0.280834434424396,0.20169044866460598,0.657293497363796,0.6858297078931017,0.8409906063193848,0.6063581588379712,0.20221259711644857
2024-08-13 20:28:03.857418,0.1877133105802048,0.6870967741935483,0.23994186462305153,0.2338143527917506,0.6637375512595198,0.66780609073959,0.8174210076857389,0.5782103601257192,0.15982029865856723
2024-08-13 20:28:03.953614,0.19112627986348124,0.6838709677419357,0.2295620904045971,0.2197979146715199,0.687170474516696,0.6606587942821631,0.7902647309991457,0.5532582593908725,0.11178857035291939
2024-08-13 20:28:04.036668,0.1945392491467577,0.6693548387096775,0.2204988436375329,0.21944061174371798,0.6842413591095491,0.663455562461156,0.7632792485055506,0.5281069706984125,0.15057511660700712
2024-08-13 20:28:04.142047,0.19795221843003413,0.5129032258064516,0.10539659471680116,0.148329889754263,0.6209724663151728,0.633312616532008,0.7205807002561915,0.46553168978712295,0.0
2024-08-13 20:28:04.255755,0.20136518771331058,0.5274193548387098,0.24529904480163345,0.16122498765440998,0.5641476274165202,0.6155997513983842,0.681127241673783,0.4195848975808337,0.03450628406940276
2024-08-13 20:28:04.362337,0.20477815699658702,0.5467741935483872,0.2494930478650122,0.1596495436565327,0.5196250732278855,0.590428837787446,0.6406490179333904,0.3884700027691093,0.07386027209141571
2024-08-13 20:28:04.449406,0.2081911262798635,0.6258064516129032,0.30197149213071645,0.2601339551212804,0.560632688927944,0.5786202610316971,0.6242527754056364,0.3851201105514638,0.21031705677715284
2024-08-13 20:28:04.520877,0.21160409556313994,0.6935483870967742,0.2886935611050408,0.3253301071049554,0.6209724663151728,0.5804847731510256,0.6213492741246798,0.4005743065457658,0.26336237247688554
2024-08-13 20:28:04.606171,0.2150170648464164,0.6564516129032258,0.20257553458575028,0.340935324073976,0.6608084358523727,0.5779987569919207,0.6215200683176774,0.4028457721900575,0.35279314459268907
2024-08-13 20:28:04.706908,0.21843003412969283,0.7370967741935484,0.2980545888388936,0.37762250319135304,0.7012302284710017,0.6211932877563708,0.6286934244235693,0.42591621479288116,0.5154673771558738
2024-08-13 20:28:04.769219,0.22184300341296928,0.6935483870967742,0.19841243779460804,0.382646394038435,0.7012302284710017,0.6532007458048481,0.6365499573014515,0.43215900319300915,0.5424376652371077
2024-08-13 20:28:04.874062,0.22525597269624575,0.7564516129032259,0.2822829192277726,0.3836493365503472,0.7375512595196252,0.6935985083903047,0.6449188727583262,0.45331250738255285,0.5918198828506346
2024-08-13 20:28:04.970023,0.2286689419795222,0.6838709677419357,0.17662068313011117,0.3382626189048607,0.718219097832455,0.7047855811062775,0.6445772843723316,0.450059598430079,0.565113625253364
2024-08-13 20:28:05.051158,0.23208191126279865,0.614516129032258,0.17650450795849454,0.30192014950837415,0.6895137668424134,0.6895587321317591,0.6372331340734414,0.4285754386806917,0.4321803014074732
2024-08-13 20:28:05.151163,0.2354948805460751,0.6064516129032258,0.2253588709047406,0.3051253890812246,0.6350322202694789,0.6799254195152273,0.6305721605465413,0.4092691099622999,0.4136318607109021
2024-08-13 20:28:05.290089,0.23890784982935154,0.582258064516129,0.21167161593078,0.38308128707096645,0.5981253661394257,0.6500932256059666,0.6379163108454313,0.3876215108899399,0.39482807245905194
2024-08-13 20:28:05.404947,0.24232081911262798,0.49354838709677407,0.15576973138666667,0.3192358489281777,0.5541886350322203,0.6115599751398388,0.634329632792485,0.34731602600101813,0.33597388529474903
2024-08-13 20:28:05.516849,0.24573378839590446,0.5516129032258066,0.285546372941404,0.3429597104960454,0.5342706502636203,0.5720944686140461,0.6348420153714771,0.3316866878301262,0.5376217232527027
2024-08-13 20:28:05.634645,0.24914675767918087,0.5919354838709678,0.2676435351968992,0.3206643726235983,0.537785588752197,0.5543816034804228,0.631255337318531,0.3308743054519331,0.5622026631881256
2024-08-13 20:28:05.702116,0.2525597269624573,0.5225806451612904,0.17284652177390536,0.24668884628596394,0.5483304042179264,0.5366687383467994,0.6131511528608027,0.3126604761294394,0.4744636601472376
2024-08-13 20:28:05.774071,0.2559726962457338,0.4822580645161292,0.19586980448883087,0.24251599440136412,0.523140011716462,0.5127408328154137,0.5947053800170794,0.2887022135999945,0.35499105968989986
2024-08-13 20:28:05.866070,0.25938566552901027,0.44516129032258056,0.19772757241678054,0.1851413886243366,0.46983011130638563,0.4863269111249222,0.5637916310845432,0.26136986806979196,0.2407617289136163
2024-08-13 20:28:05.955133,0.2627986348122867,0.5806451612903225,0.3615661874234124,0.2783900933161992,0.4909197422378444,0.5031075201988815,0.5518360375747222,0.2773684179902005,0.4282709094872661
2024-08-13 20:28:06.068933,0.26621160409556316,0.6790322580645161,0.31694935302088023,0.2994642797234677,0.5623901581722321,0.5276569297700437,0.5436379163108451,0.31731795976577504,0.4455294220029141
2024-08-13 20:28:06.190151,0.2696245733788396,0.6403225806451613,0.2009884221144187,0.3161010825233424,0.6332747510251906,0.5369794903666874,0.5390264730999144,0.33930296957732026,0.4495705000293476
2024-08-13 20:28:06.300687,0.27303754266211605,0.6596774193548387,0.24813919598673795,0.36605929425647993,0.6619800820152313,0.5633934120571789,0.5438087105038427,0.36232589034086216,0.4058059442455798
2024-08-13 20:28:06.402302,0.2764505119453925,0.6338709677419354,0.21109954905108724,0.35592425057907506,0.645577035735208,0.5926041019266628,0.5467122117847991,0.3739504422991389,0.4470872346538767
2024-08-13 20:28:06.506281,0.27986348122866894,0.6080645161290323,0.21072248559700643,0.35524996924606717,0.6338605741066201,0.6239900559353639,0.5494449188727586,0.3765121748007741,0.4904131783175065
2024-08-13 20:28:06.588381,0.2832764505119454,0.6387096774193548,0.2580470309303038,0.4314773118810109,0.6262448740480375,0.6351771286513364,0.5648163962425274,0.38688068598804687,0.5306033364345707
2024-08-13 20:28:06.679590,0.28668941979522183,0.7048387096774194,0.2868542708887296,0.4324306275958034,0.6520210896309315,0.6401491609695464,0.5810418445772842,0.4126360989633815,0.617028329175254
2024-08-13 20:28:06.770082,0.2901023890784983,0.6870967741935483,0.21810841752602506,0.3957614923554788,0.6807264206209724,0.6491609695463021,0.5911187019641331,0.427961938372008,0.7054313439237471
2024-08-13 20:28:06.866090,0.2935153583617747,0.8677419354838709,0.376753913015675,0.5527195874053782,0.7639132981839485,0.6892479801118712,0.6276686592655845,0.48743283546153937,0.7867914598926126
2024-08-13 20:28:06.958338,0.2969283276450512,0.7161290322580647,0.12387136614050893,0.48865166710386077,0.7680140597539544,0.7050963331261655,0.6524338172502135,0.4929007797747158,0.5975145619902321
2024-08-13 20:28:07.048737,0.3003412969283277,0.7387096774193549,0.24987591873328147,0.5321044694265951,0.7867603983596956,0.7302672467371041,0.6835183603757471,0.5020860899846594,0.680871459540866
2024-08-13 20:28:07.132004,0.3037542662116041,0.7129032258064516,0.2121759559900372,0.4181172305818941,0.7305213825424723,0.744561839651958,0.697523484201537,0.5012765003451732,0.6964488624162164
2024-08-13 20:28:07.229642,0.30716723549488056,0.6483870967741936,0.18137536827814843,0.3231366960733176,0.7059168131224376,0.7336855189558735,0.6942783945345861,0.48240322272172087,0.6674452218244928
2024-08-13 20:28:07.326098,0.310580204778157,0.7354838709677418,0.30372198796007527,0.3938976099016534,0.7047451669595783,0.7430080795525174,0.7043552519214344,0.4897076587612961,0.6342699551991681
2024-08-13 20:28:07.416474,0.31399317406143346,0.7532258064516129,0.24590143076601548,0.39228557104950706,0.7193907439953136,0.7209446861404605,0.7142613151152859,0.49908793559808085,0.5697624923165925
2024-08-13 20:28:07.500033,0.3174061433447099,0.7403225806451614,0.22225310405712112,0.4005584239923177,0.7527826596367897,0.7256059664387822,0.725533731853117,0.5018793152863436,0.598339308624243
2024-08-13 20:28:07.586275,0.32081911262798635,0.7129032258064516,0.21095005158697316,0.4007288725561546,0.7445811364967783,0.7206339341205719,0.73663535439795,0.4956358359917782,0.5505000681127854
2024-08-13 20:28:07.669395,0.3242320819112628,0.6725806451612903,0.20041375632958688,0.35922552139893904,0.7152899824253078,0.7128651336233687,0.7402220324508964,0.478970863542763,0.5352590906264624
2024-08-13 20:28:07.778004,0.32764505119453924,0.6903225806451612,0.2464865170033949,0.3321653024668592,0.697129466900996,0.7209446861404603,0.7386848847139194,0.46969404592516606,0.5788292722975139
2024-08-13 20:28:07.859015,0.3310580204778157,0.7596774193548386,0.2875444710713208,0.37982913881401537,0.714118336262449,0.7256059664387822,0.7463706233988043,0.47996759020374924,0.6114109540636813
2024-08-13 20:28:07.956486,0.3344709897610922,0.7338709677419355,0.2124432987420406,0.2745470551807099,0.7363796133567662,0.7218769422001248,0.7321947053800171,0.48026266827936126,0.5261283807758848
2024-08-13 20:28:08.056560,0.33788395904436863,0.7112903225806451,0.21461712478373843,0.3374288152013095,0.7439953134153485,0.7162834058421381,0.7316823228010247,0.47359000968947135,0.5211698951250562
2024-08-13 20:28:08.186348,0.3412969283276451,0.6870967741935483,0.21308578294972608,0.31267612075263435,0.7176332747510252,0.7113113735239278,0.7262169086251069,0.4611075835129216,0.27321313069224984
2024-08-13 20:28:08.275180,0.3447098976109215,0.6080645161290323,0.16887774248599474,0.28352219540973517,0.6719390743995313,0.6988812927284029,0.7151152860802732,0.42970587953978356,0.3451291187054284
2024-08-13 20:28:08.423539,0.34812286689419797,0.5951612903225807,0.2212380334616392,0.31006986253679353,0.629759812536614,0.6805469235550032,0.7094790777113575,0.40133624356281705,0.29145777584054744
2024-08-13 20:28:08.604801,0.3515358361774744,0.7419354838709677,0.35734645145524147,0.3434579713443205,0.6496777973052139,0.6771286513362338,0.7101622544833475,0.4179143374861196,0.5311503012111586
2024-08-13 20:28:08.682335,0.35494880546075086,0.75,0.2383715425071422,0.3383376140561852,0.7012302284710019,0.6802361715351151,0.7098206660973527,0.4328179201848469,0.6271082733118695
2024-08-13 20:28:08.767560,0.3583617747440273,0.6306451612903226,0.1404602611621451,0.28196203894670585,0.7141183362624488,0.6646985705407085,0.6982066609735265,0.41252597187385226,0.3702689059472447
2024-08-13 20:28:08.878095,0.36177474402730375,0.4338709677419357,0.06843563327850413,0.18962996694438852,0.6022261277094318,0.6159105034182726,0.6686592655849704,0.34440612043150964,0.19660915056254974
2024-08-13 20:28:08.982100,0.3651877133105802,0.39032258064516134,0.1901658715084874,0.18374345247953391,0.47158758055067374,0.5739589807333751,0.6387702818104182,0.2801324117234467,0.17986657359506691
2024-08-13 20:28:09.094256,0.36860068259385664,0.5096774193548386,0.35138321299120895,0.2411927488602238,0.4276508494434683,0.5574891236793038,0.6196413321947052,0.262706916654776,0.33128136748337855
2024-08-13 20:28:09.314104,0.3720136518771331,0.6693548387096775,0.3772001214562529,0.29280057550267474,0.5131810193321618,0.5435052827843383,0.6100768573868487,0.2928533520354179,0.4949540937328838
2024-08-13 20:28:09.398114,0.3754266211604096,0.6645161290322581,0.22822436777172095,0.30315726886105443,0.6127709431751613,0.5270354257302674,0.6027327070879589,0.3163985474078165,0.47838187438984714
2024-08-13 20:28:09.474122,0.37883959044368604,0.5919354838709678,0.17315045063311912,0.2756294758070721,0.6426479203280611,0.5195773772529522,0.5900939368061486,0.31657974362680763,0.37477987185478734
2024-08-13 20:28:09.552240,0.3822525597269625,0.6274193548387097,0.26248285398379223,0.3073088274831497,0.6274165202108966,0.5568676196395279,0.5837745516652433,0.3270464219643956,0.42026240091919675
2024-08-13 20:28:09.628551,0.3856655290102389,0.603225806451613,0.21197099302073,0.3372299854982526,0.605155243116579,0.597886886264761,0.5832621690862512,0.3296622636110838,0.4192158252928109
2024-08-13 20:28:09.711399,0.3890784982935154,0.4693548387096773,0.11860241923837113,0.26652391243382934,0.560632688927944,0.5901180857675574,0.5699402220324505,0.29707792375766207,0.354897403533997
2024-08-13 20:28:09.788852,0.3924914675767918,0.5629032258064517,0.3198124494012759,0.24534044254943477,0.5371997656707674,0.5696084524549412,0.5509820666097354,0.29745906914102876,0.46812141173292554
2024-08-13 20:28:09.887648,0.39590443686006827,0.5596774193548388,0.22932788772360893,0.23989050747262897,0.5213825424721734,0.5494095711622129,0.5308283518360375,0.2980581501447402,0.4741804666690771
2024-08-13 20:28:09.979239,0.3993174061433447,0.5161290322580645,0.1940316630819618,0.2747728541301828,0.5383714118336265,0.5348042262274706,0.5187019641332193,0.2881522428720391,0.3358926686403213
2024-08-13 20:28:10.057841,0.40273037542662116,0.5709677419354839,0.2817185081642178,0.43055241470681005,0.5413005272407736,0.5239279055313861,0.5332194705380016,0.2961609560642482,0.3747420394092492
2024-08-13 20:28:10.156568,0.4061433447098976,0.7032258064516128,0.3469454371682693,0.5541501172734273,0.5934387814879907,0.5431945307644501,0.5663535439795047,0.33859837734692805,0.5463955721033495
2024-08-13 20:28:10.290335,0.40955631399317405,0.6790322580645161,0.2129839740814981,0.4454108586644264,0.652606912712361,0.5835922933499071,0.5842869342442356,0.3661308756556396,0.6934494979392236
2024-08-13 20:28:10.358488,0.4129692832764505,0.6725806451612903,0.22695173958739015,0.3418214591863514,0.6895137668424134,0.6047234307022997,0.5846285226302306,0.38636628680146934,0.732358090490775
2024-08-13 20:28:10.450351,0.416382252559727,0.7564516129032259,0.29994348707410795,0.391215712087002,0.7088459285295843,0.6426351771286511,0.5943637916310847,0.4245523587575846,0.71116393673036
2024-08-13 20:28:10.546140,0.41979522184300344,0.6661290322580644,0.16304821825298652,0.3834819820198531,0.7041593438781488,0.6715351149782476,0.6022203245089668,0.43027748545583056,0.4942510469255261
2024-08-13 20:28:10.638084,0.4232081911262799,0.6193548387096774,0.1941677192711633,0.3354253952784836,0.6848271821909786,0.6808576755748914,0.6013663535439795,0.42202742512393965,0.45687772265873094
2024-08-13 20:28:10.709519,0.42662116040955633,0.5983870967741935,0.21456189176389093,0.3372203696350219,0.6274165202108966,0.6606587942821631,0.6008539709649874,0.4097502633569056,0.5034366106759016
2024-08-13 20:28:10.786798,0.4300341296928328,0.6177419354838709,0.24861665249135742,0.43528209865301154,0.609841827768014,0.6488502175264144,0.6165670367207516,0.4051267842366074,0.4878742665224578
2024-08-13 20:28:10.896523,0.4334470989761092,0.5693548387096774,0.19152342563134997,0.343889823389467,0.5916813122437024,0.6289620882535738,0.6172502134927409,0.3886287031939286,0.4653338405528079
2024-08-13 20:28:11.000917,0.43686006825938567,0.6516129032258065,0.3036287515592965,0.3951436693851822,0.611013473930873,0.6087632069608453,0.6269854824935952,0.39758243471792476,0.6810659145966662
2024-08-13 20:28:11.129500,0.4402730375426621,0.5387096774193549,0.13956392313273275,0.35401346106244486,0.5823081429408321,0.5842137973896835,0.6293766011955595,0.3747374914379072,0.47350665599687813
2024-08-13 20:28:11.203195,0.44368600682593856,0.5387096774193549,0.2321444030819843,0.32085227626913604,0.5711775043936733,0.5686761963952767,0.6259607173356105,0.35711234132170344,0.4765907479404662
2024-08-13 20:28:11.294196,0.447098976109215,0.4983870967741937,0.19630475171416845,0.2289133429208979,0.5155243116578796,0.5494095711622127,0.6042698548249359,0.3331087207323178,0.4797009209998562
2024-08-13 20:28:11.370093,0.45051194539249145,0.4209677419354838,0.16120581600873812,0.197760157194238,0.47275922671353254,0.511497824735861,0.5769427839453458,0.29456587277586427,0.35287021068220625
2024-08-13 20:28:11.444703,0.45392491467576795,0.41129032258064524,0.2227177741492879,0.19535341481430743,0.4264792032806093,0.4810441267868244,0.5492741246797608,0.2629948931526643,0.16424231243578508
2024-08-13 20:28:11.531071,0.4573378839590444,0.45806451612903243,0.2780685253591762,0.18367893732803486,0.4118336262448743,0.4437538844002489,0.5176771989752349,0.25218245857042976,0.25350770467640404
2024-08-13 20:28:11.611880,0.46075085324232085,0.3354838709677419,0.11624335908720684,0.15614912798176975,0.38078500292911555,0.4045991298943443,0.48266438941075984,0.2129476445775701,0.1792661599273484
2024-08-13 20:28:11.687388,0.4641638225255973,0.314516129032258,0.210191097989902,0.16493939496673016,0.34563561804335086,0.3614045991298944,0.45038428693424426,0.17877735422198524,0.04485714190979295
2024-08-13 20:28:11.761933,0.46757679180887374,0.20322580645161303,0.11344347775177832,0.10967265153773026,0.25307557117750457,0.30453697949036673,0.40853970964987196,0.12506604564100732,0.036471387785173226
2024-08-13 20:28:11.850178,0.4709897610921502,0.15806451612903227,0.17866660507934948,0.07570475776740626,0.18863503222026967,0.2538844002486016,0.359863364645602,0.07415392699497692,0.03709997622855726
2024-08-13 20:28:11.950501,0.47440273037542663,0.10322580645161294,0.16416653323678135,0.06256806960443034,0.11189220855301718,0.19453076444996897,0.3105038428693423,0.023454562939003942,0.024437311679656293
2024-08-13 20:28:12.025403,0.4778156996587031,0.1806451612903226,0.33389851113563,0.07550367088941035,0.1036906854130053,0.14108141702921073,0.2606319385140905,0.00849367711135296,0.10839889486546384
2024-08-13 20:28:12.150681,0.4812286689419795,0.20967741935483875,0.2673094257181705,0.13971297551207218,0.12243702401874623,0.11684275947793665,0.22578992314261304,0.008900827831217373,0.16982314911058566
2024-08-13 20:28:12.265207,0.48464163822525597,0.32741935483870965,0.37068342876930893,0.21139555148071973,0.20386643233743418,0.11932877563704158,0.2034158838599487,0.04481542166278829,0.21422129789037847
2024-08-13 20:28:12.378185,0.4880546075085324,0.12258064516129041,0.01615213033226523,0.10416603069913194,0.1827768014059754,0.10379117464263521,0.16362083689154572,0.02278868679802326,0.1688145146003917
2024-08-13 20:28:12.452885,0.49146757679180886,0.0854838709677419,0.18440300082243966,0.11619255366705022,0.13766842413591096,0.08980733374766947,0.12809564474807855,0.0,0.15286810780990523
2024-08-13 20:28:12.524566,0.49488054607508536,0.16290322580645167,0.33592255306798086,0.17298752914687002,0.0779144698301113,0.10130515848353028,0.10179333902647314,0.007173742370901848,0.25150585746827214
2024-08-13 20:28:12.898170,0.4982935153583618,0.1806451612903226,0.25402746209352123,0.16036405030538825,0.09900410076157029,0.10130515848353028,0.07241673783091374,0.021950585893373842,0.31041962692593394
2024-08-13 20:28:13.022155,0.5017064846416381,0.1016129032258064,0.13641739701681033,0.17230882529953367,0.10486233157586411,0.08048477315102542,0.0476515798462851,0.016910497754165588,0.27251939979924367
2024-08-13 20:28:13.126152,0.5051194539249146,0.11774193548387091,0.253380828830303,0.19627347381062152,0.0884592852958408,0.04008701056556885,0.026814688300597744,0.021580384336247205,0.2427914543727996
2024-08-13 20:28:13.245345,0.508532423208191,0.24354838709677407,0.3948977015656949,0.3727370332486575,0.11130638547158767,0.06339341205717841,0.031084543125533548,0.06282401380146446,0.4287565029089886
2024-08-13 20:28:13.374287,0.5119453924914675,0.3016129032258066,0.2982611276698372,0.4619151034136644,0.18394844756883422,0.10503418272218767,0.04628522630230569,0.11432850610403872,0.4880090264371326
2024-08-13 20:28:13.490206,0.515358361774744,0.3354838709677419,0.268691457175488,0.5491247384621215,0.26303456356180455,0.13828464885021763,0.07087959009393674,0.16688384512200344,0.5999583713163641
2024-08-13 20:28:13.572377,0.5187713310580204,0.25806451612903225,0.15108604581891083,0.40426269181860414,0.26830697129466907,0.15320074580484766,0.07907771135781361,0.19021738860276524,0.5724287702932348
2024-08-13 20:28:13.642756,0.5221843003412969,0.2532258064516131,0.22670980867457372,0.37512921619814754,0.25073227885178695,0.18241143567433182,0.0836891545687446,0.2095944887650889,0.6158911859388565
2024-08-13 20:28:13.869490,0.5255972696245733,0.37903225806451624,0.3740890606636678,0.37730930771392657,0.26654950205038075,0.2327532628962088,0.08915456874466265,0.2602182530361503,0.6465966632871569
2024-08-13 20:28:14.286297,0.5290102389078498,0.33225806451612905,0.1849706448244608,0.5248636198504653,0.29349736379613356,0.2498446239900558,0.11135781383432963,0.28908318490426826,0.5879431896067062
2024-08-13 20:28:14.399704,0.5324232081911262,0.2806451612903227,0.17795241352366906,0.5192227535961266,0.30345635618043354,0.24580484773151023,0.13202391118701984,0.2992913844046545,0.46030448518319556
2024-08-13 20:28:14.483440,0.5358361774744027,0.36290322580645173,0.3226134672528256,0.508999229482253,0.2975981253661395,0.2510876320696085,0.15320239111870215,0.33018692910386355,0.7152413137194797
2024-08-13 20:28:14.556895,0.5392491467576791,0.3935483870967742,0.26347765083781377,0.5166674402754845,0.3198594024604571,0.2771908017402114,0.17574722459436387,0.36328221902937086,0.7788562353322773
2024-08-13 20:28:14.637689,0.5426621160409556,0.38064516129032255,0.21928837330101283,0.5916799976065157,0.35618043350908035,0.30174021131137363,0.20529461998292042,0.38620138067111903,0.7131321998620826
2024-08-13 20:28:14.706454,0.546075085324232,0.38064516129032255,0.2321444030819843,0.5729959230474437,0.3626244874048037,0.3020509633312618,0.23313407344150283,0.40430065590121966,0.700265309409468
2024-08-13 20:28:14.786050,0.5494880546075085,0.35806451612903234,0.2094018069205378,0.42934841250779615,0.3497363796133568,0.3070229956494719,0.24526046114432098,0.41244281858482534,0.7788907594106761
2024-08-13 20:28:14.876032,0.552901023890785,0.38064516129032255,0.2553279914127662,0.3984426081492835,0.3497363796133568,0.3262896208825359,0.25362937660119544,0.4246402139703464,0.7832958716098523
2024-08-13 20:28:14.947064,0.5563139931740614,0.4193548387096775,0.2711317107873215,0.4001801949012842,0.3637961335676627,0.3371659415786201,0.26251067463706246,0.4441433476867079,0.7159397196943345
2024-08-13 20:28:15.038237,0.5597269624573379,0.2870967741935484,0.10314429372713232,0.3623663764846762,0.3380199179847687,0.3166563082660039,0.26558497011101645,0.4239119208165391,0.48119771147929913
2024-08-13 20:28:15.113047,0.5631399317406143,0.30483870967741944,0.25154221792849424,0.3799193281606236,0.3104862331575866,0.3020509633312618,0.2710503842869343,0.41246832486585844,0.46249689096131874
2024-08-13 20:28:15.186116,0.5665529010238908,0.29354838709677433,0.2199974141307326,0.2809779502166266,0.26479203280609265,0.28527035425730274,0.2619982920580699,0.4003585789149186,0.5420128719673138
2024-08-13 20:28:15.272530,0.5699658703071672,0.2854838709677421,0.22337892823132202,0.3063918636903252,0.26420620972466313,0.2712865133623368,0.2570452604611444,0.38871843604734285,0.5377295668733427
2024-08-13 20:28:15.377211,0.5733788395904437,0.34838709677419355,0.30102006041667106,0.39106382987602,0.2800234329232574,0.2650714729645747,0.2642186165670366,0.3963561458493194,0.4543962258347052
2024-08-13 20:28:15.453597,0.5767918088737201,0.39516129032258074,0.2805699789469003,0.3626231002720161,0.31693028705330994,0.26041019266625276,0.26763450042698556,0.41474298357801614,0.5853296485357139
2024-08-13 20:28:15.557060,0.5802047781569966,0.39032258064516134,0.22732986307005015,0.3378299314978905,0.35500878734622154,0.2802983219390929,0.2672929120409906,0.42768576333658204,0.6653445179641075
2024-08-13 20:28:15.644119,0.583617747440273,0.44354838709677424,0.28531846696042235,0.38342679609338676,0.3895723491505565,0.3070229956494721,0.27395388556789046,0.45157898757573145,0.628582200407371
2024-08-13 20:28:15.714809,0.5870307167235495,0.282258064516129,0.07787204571032813,0.2721565676131676,0.348564733450498,0.3048477315102549,0.2635354397950469,0.4270207396156993,0.355874973653739
2024-08-13 20:28:15.821524,0.5904436860068258,0.3193548387096774,0.2728837330101289,0.3128087294809129,0.3227885178676042,0.3113735239279056,0.2594363791631087,0.4172728320304299,0.4224506341070977
2024-08-13 20:28:15.903257,0.5938566552901023,0.39193548387096766,0.3092253266254873,0.34782032297971666,0.3040421792618633,0.31976382846488494,0.2606319385140905,0.4286281941523105,0.5096280080334751
2024-08-13 20:28:15.984958,0.5972696245733788,0.346774193548387,0.18708773881596902,0.29154101267998467,0.32747510251903944,0.3104412678682411,0.25294619982920574,0.4252348386095295,0.48533838130448514
2024-08-13 20:28:16.075109,0.6006825938566552,0.22096774193548385,0.10171413730412965,0.2905079495433418,0.29173989455184524,0.2778123057799875,0.24594363791631113,0.3889870738108726,0.34961742888849956
2024-08-13 20:28:16.173454,0.6040955631399317,0.09354838709677415,0.08386614436801804,0.18432414502457997,0.18336262448740492,0.21037911746426352,0.22356959863364634,0.32698499858362534,0.22546759573972852
2024-08-13 20:28:16.283214,0.6075085324232081,0.15322580645161288,0.3114232533979743,0.2355613883637348,0.11306385471587577,0.18551895587321332,0.20871050384286938,0.29501535625573644,0.37587809047121823
2024-08-13 20:28:16.381322,0.6109215017064846,0.17419354838709677,0.25826699132600833,0.25656394342421857,0.09607498535442294,0.15755127408328162,0.19692570452604619,0.27669757214522117,0.3792602234515673
2024-08-13 20:28:16.465118,0.614334470989761,0.22096774193548385,0.2891718904492207,0.2496725220035055,0.14235500878734642,0.12461155997513984,0.1834329632792484,0.27611253941488945,0.4343835833694738
2024-08-13 20:28:16.566921,0.6177474402730375,0.32096774193548394,0.34851468207269193,0.28946543577232553,0.20328060925600466,0.11963952765692998,0.17557643040136628,0.30351031412383117,0.5251102401939285
2024-08-13 20:28:16.649937,0.6211604095563139,0.403225806451613,0.3193778068747555,0.3488610445237229,0.28646748681898093,0.15475450590428852,0.1769427839453459,0.3478253957560209,0.5394400374138228
2024-08-13 20:28:16.766898,0.6245733788395904,0.40806451612903216,0.23692684616050566,0.3167838258305953,0.35442296426479203,0.21535114978247383,0.1731853116994022,0.3844054583360473,0.5076478446091826
2024-08-13 20:28:16.855654,0.6279863481228668,0.42258064516129035,0.24643457164330304,0.44558481839418107,0.3913298183948448,0.26724673710379143,0.18804440649017917,0.41706899201555936,0.5229239172600433
2024-08-13 20:28:17.652542,0.6313993174061433,0.4258064516129034,0.23528248909151284,0.4174678341874641,0.3995313415348567,0.31572405220633937,0.19931682322801048,0.443304491785647,0.4824066576357725
2024-08-13 20:28:17.760235,0.6348122866894198,0.4725806451612904,0.27752753438994193,0.39514236806378716,0.4229642647920331,0.36420136730888775,0.20785653287788208,0.47572722369521286,0.6801527582914114
2024-08-13 20:28:17.858729,0.6382252559726962,0.37419354838709684,0.1401743438796509,0.3595029188566537,0.4053895723491505,0.37445618396519564,0.2107600341588387,0.4742199420063597,0.546171508089798
2024-08-13 20:28:17.947159,0.6416382252559727,0.35967741935483866,0.2174442706684965,0.4505959341742323,0.38137082601054506,0.36606587942821656,0.2254483347566183,0.46833782285004305,0.46642072383785926
2024-08-13 20:28:18.036465,0.6450511945392491,0.39193548387096766,0.2652180066678856,0.611546717198765,0.3520796719390744,0.36295835922933506,0.2570452604611444,0.47147109094936634,0.5412199413172957
2024-08-13 20:28:18.122175,0.6484641638225256,0.45645161290322567,0.2965110663191491,0.598791725882756,0.38195664909197413,0.3694841516469858,0.2891545687446626,0.4901671166218654,0.7459661255788815
2024-08-13 20:28:18.218081,0.651877133105802,0.5258064516129031,0.29780374292119804,0.6336676836175847,0.4422964264792033,0.38875077688005,0.32638770281810414,0.5221233948662315,0.9940428867066945
2024-08-13 20:28:18.309417,0.6552901023890785,0.5274193548387098,0.23359187374739648,0.5843018740296466,0.4915055653192737,0.3993163455562463,0.35883859948761754,0.5461808196211291,0.9689301081100622
2024-08-13 20:28:18.433905,0.6587030716723549,0.36935483870967745,0.09046380402059029,0.3751794276562477,0.45987111892208565,0.398384089496582,0.36396242527754064,0.5215266479066154,0.6975216011647527
2024-08-13 20:28:18.546144,0.6621160409556314,0.3838709677419354,0.2469050298675438,0.3269282248802706,0.40831868775629787,0.4030453697949039,0.36191289496157153,0.5046520072576915,0.6720744616815881
2024-08-13 20:28:18.643285,0.6655290102389078,0.44516129032258056,0.29370701723639175,0.36504578185612974,0.37844171060339793,0.413300186451212,0.36584116140051215,0.5064406781736965,0.6382846038303354
2024-08-13 20:28:18.744538,0.6689419795221843,0.46129032258064506,0.24755175836072568,0.36582507254875984,0.4118336262448743,0.41423244251087676,0.3699402220324508,0.5108820405919757,0.5704740210434971
2024-08-13 20:28:18.844946,0.6723549488054608,0.4258064516129034,0.19867947059869265,0.34003140698610124,0.4270650263620386,0.3949658172778123,0.3699402220324508,0.5036949059646806,0.5185638799443717
2024-08-13 20:28:18.926199,0.6757679180887372,0.5564516129032258,0.35890418363179727,0.39373297299360377,0.4674868189806678,0.40055935363579875,0.3788215200683176,0.5314349328763363,0.6328584712246774
2024-08-13 20:28:19.023703,0.6791808873720137,0.5499999999999998,0.22648470713107138,0.46197871312813793,0.4997070884592856,0.43536357986326935,0.39743808710503825,0.5499491307370568,0.6225172650685177
2024-08-13 20:28:19.102287,0.68259385665529,0.5661290322580645,0.24636094017628077,0.48501820760386727,0.5506736965436438,0.4704785581106279,0.41929974380871027,0.5669987156611578,0.5956350625073873
2024-08-13 20:28:19.197852,0.6860068259385665,0.5177419354838708,0.18999596231945784,0.42600450626729125,0.5366139425893381,0.4844623990055936,0.4326216908625107,0.5656362610757767,0.6594726710290557
2024-08-13 20:28:19.326275,0.6894197952218429,0.44354838709677424,0.16515524911974877,0.3316641131765032,0.49794961921499703,0.4810441267868242,0.4312553373185313,0.5430358445673454,0.5842908114926177
2024-08-13 20:28:19.397777,0.6928327645051194,0.37419354838709684,0.1658072894121722,0.2468338345021367,0.42823667252489783,0.471100062150404,0.41520068317677183,0.5053338228167111,0.47977497273936554
2024-08-13 20:28:19.493127,0.6962457337883958,0.4048387096774193,0.2631780159549028,0.2647712921098069,0.3872290568248389,0.44188937228091985,0.4022203245089666,0.48268860462666735,0.4439840054512969
2024-08-13 20:28:19.574659,0.6996587030716723,0.5241935483870968,0.34995425255288304,0.4478765271986987,0.41652021089630953,0.43691733996271,0.41861656703672057,0.49556969109885873,0.4957289237936444
2024-08-13 20:28:19.653765,0.7030716723549487,0.5032258064516129,0.21330447580296086,0.4221482325138337,0.4633860574106623,0.42479801118707305,0.4312553373185313,0.49901018262875596,0.4744636601472376
2024-08-13 20:28:19.724947,0.7064846416382252,0.5096774193548386,0.23803411130676413,0.38224526686313287,0.5014645577035737,0.4232442510876322,0.4380871050384283,0.5022698464869665,0.6605488664714175
2024-08-13 20:28:19.830178,0.7098976109215016,0.4838709677419355,0.20870105465786018,0.35461828274004753,0.48681898066783846,0.4310130515848356,0.4404782237403926,0.4968155623382616,0.6116484778254877
2024-08-13 20:28:19.928299,0.7133105802047781,0.5499999999999998,0.293419455025539,0.4225694487194908,0.5038078500292911,0.46488502175264146,0.4536293766011954,0.5089213792372584,0.6163111397217085
2024-08-13 20:28:20.021199,0.7167235494880546,0.5145161290322582,0.20086802147453214,0.314832979859504,0.5055653192735794,0.4860161591050345,0.4491887275832622,0.5077615028082998,0.5560090605718371
2024-08-13 20:28:20.122829,0.720136518771331,0.5241935483870968,0.24090345633934937,0.3244509288578841,0.5202108963093146,0.4860161591050345,0.446456020495303,0.5081706723050418,0.6100790569916332
2024-08-13 20:28:20.210138,0.7235494880546075,0.5129032258064516,0.22199982685481776,0.30827428231715226,0.5067369654364384,0.48788067122436307,0.44081981212638777,0.5042566560073345,0.4363364433931869
2024-08-13 20:28:20.290038,0.7269624573378839,0.5241935483870968,0.24237579108615603,0.34402141371747486,0.5102519039250146,0.4906774394033564,0.44150298889837747,0.5029747212236266,0.4614892321042663
2024-08-13 20:28:20.394120,0.7303754266211604,0.5580645161290321,0.26257813176348366,0.4150576916243248,0.5225541886350324,0.5049720323182101,0.4536293766011956,0.5097441562267591,0.4864536333490912
2024-08-13 20:28:20.475306,0.7337883959044368,0.5951612903225807,0.2646491875991213,0.4933046266325146,0.5524311657879322,0.5136730888750778,0.47702818104184463,0.5235980125971196,0.6034290357632884
2024-08-13 20:28:20.554133,0.7372013651877133,0.6258064516129032,0.2582854901049719,0.48942687540311125,0.589338019917985,0.5351149782473588,0.5004269854824936,0.5411374374958273,0.7685791076744543
2024-08-13 20:28:20.658832,0.7406143344709897,0.7032258064516128,0.2967720122511915,0.450217256512404,0.6420620972466315,0.5696084524549412,0.5193851409052093,0.5737404703699134,0.9793997450916586
2024-08-13 20:28:20.731034,0.7440273037542662,0.7758064516129031,0.2896256900834428,0.5104776643664408,0.7076742823667255,0.6202610316967061,0.5482493595217759,0.6164936617594995,1.0
2024-08-13 20:28:20.816165,0.7474402730375426,0.7322580645161292,0.19923768465179179,0.4785301149061858,0.7463386057410661,0.660348042262275,0.5718189581554227,0.6359855844288397,0.8235647552078179
2024-08-13 20:28:20.914234,0.7508532423208191,0.6935483870967742,0.20206614472650405,0.4731106002484434,0.7428236672524899,0.6864512119328776,0.5940222032450895,0.6383110052008782,0.7851524026467079
2024-08-13 20:28:21.025725,0.7542662116040956,0.7403225806451614,0.26942688944680127,0.45493743318170266,0.7299355594610428,0.7144188937228093,0.6141759180187873,0.6497784727853029,0.8201068202754535
2024-08-13 20:28:21.126664,0.757679180887372,0.6564516129032258,0.1673146220384207,0.42802591441231413,0.7024018746338607,0.7203231821006839,0.6292058070025619,0.6337105659756588,0.7153990250417441
2024-08-13 20:28:21.254043,0.7610921501706485,0.7435483870967741,0.30332740369944633,0.47503388928859835,0.7205623901581726,0.7280919825978873,0.6524338172502133,0.6414886419035001,0.7336173934266189
2024-08-13 20:28:21.353381,0.7645051194539249,0.6951612903225806,0.19482044565335777,0.45316248720911906,0.7041593438781488,0.7125543816034803,0.6717335610589239,0.632013296494926,0.713360606201478
2024-08-13 20:28:21.452512,0.7679180887372014,0.6758064516129034,0.216733737952485,0.433341946224592,0.7111892208553019,0.7016780609073963,0.6877882152006829,0.616809908496246,0.6759008187700625
2024-08-13 20:28:21.544033,0.7713310580204777,0.6000000000000001,0.17099782400404545,0.36520004873784456,0.6590509666080846,0.6836544437538847,0.6922288642186165,0.5823555240316797,0.5905249284161507
2024-08-13 20:28:21.645406,0.7747440273037542,0.6451612903225807,0.2705355745838757,0.3692459240517476,0.640890451083773,0.665320074580485,0.697523484201537,0.5652178178564082,0.6208590244500735
2024-08-13 20:28:21.735213,0.7781569965870306,0.6661290322580644,0.2494143364210892,0.3630874002747953,0.6373755125951963,0.6671845866998138,0.7017933390264728,0.5554412662118963,0.6096362736842763
2024-08-13 20:28:21.812970,0.7815699658703071,0.6870967741935483,0.2491684337558007,0.3312819531226994,0.6690099589923844,0.6563082660037292,0.7000853970964986,0.5515434145746114,0.595035245902244
2024-08-13 20:28:21.908511,0.7849829351535835,0.6774193548387097,0.2243974650498224,0.2891079800967239,0.6807264206209724,0.6528899937849597,0.6896669513236551,0.5441874315912307,0.5538305186464767
2024-08-13 20:28:21.996317,0.78839590443686,0.6725806451612903,0.22824567231145068,0.3082692386216009,0.6830697129466903,0.6522684897451836,0.6833475661827497,0.5354861843188161,0.4597717224360973
2024-08-13 20:28:22.098031,0.7918088737201365,0.6612903225806452,0.2230176033138138,0.32241960308041495,0.6736965436438196,0.6640770665009323,0.6799316823228008,0.5241230892189057,0.34165345356392207
2024-08-13 20:28:22.171019,0.7952218430034129,0.6290322580645162,0.20586724330988898,0.28110807765200896,0.6561218512009375,0.6609695463020508,0.6681468830059776,0.5052561623879581,0.3540923010171301
2024-08-13 20:28:22.291535,0.7986348122866894,0.7209677419354839,0.30871722765381493,0.3761482264619298,0.6736965436438198,0.6715351149782476,0.674978650725875,0.5135854107696021,0.531941329417829
2024-08-13 20:28:22.390202,0.8020477815699658,0.7016129032258065,0.21699410821866433,0.31787462142733464,0.6883421206795552,0.6743318831572407,0.6705380017079419,0.5136810963755114,0.4460167928798482
2024-08-13 20:28:22.489527,0.8054607508532423,0.6451612903225807,0.18738891972683802,0.312762432410326,0.6942003514938493,0.6681168427594779,0.6652433817250214,0.49750949875115524,0.48157968175001753
2024-08-13 20:28:22.764658,0.8088737201365187,0.6419354838709677,0.22948749026058354,0.3213176675803311,0.6654950205038082,0.6622125543816035,0.6616567036720751,0.48286012948260393,0.3301164071910986
2024-08-13 20:28:22.900914,0.8122866894197952,0.6645161290322581,0.2507842146352414,0.3775978694454779,0.6520210896309315,0.6628340584213801,0.6684884713919723,0.47639843503782775,0.4438725422001033
2024-08-13 20:28:23.048064,0.8156996587030716,0.6000000000000001,0.1797053342385485,0.31455299733587505,0.635618043350908,0.6572405220633935,0.6637062339880444,0.45338038088951677,0.37761174678410814
2024-08-13 20:28:23.142073,0.8191126279863481,0.7064516129032257,0.3226378787650142,0.3624560751573611,0.6590509666080846,0.6544437538844006,0.6679760888129802,0.46288930557342534,0.655239866483775
2024-08-13 20:28:23.228620,0.8225255972696245,0.7774193548387098,0.2882284903567549,0.38955747326083906,0.7000585823081431,0.6690490988191427,0.6775405636208371,0.48838532725538586,0.6840736849121182
2024-08-13 20:28:23.391049,0.825938566552901,0.782258064516129,0.23579698180794242,0.39789192579581517,0.7662565905096661,0.6954630205096337,0.6886421861656704,0.5086192895154393,0.666388345969268
2024-08-13 20:28:23.482082,0.8293515358361774,0.7467741935483871,0.2054404061968398,0.38111281217068466,0.7809021675454015,0.715661901802362,0.6964987190435523,0.5138310607593515,0.581824086536114
2024-08-13 20:28:23.596306,0.8327645051194539,0.7564516129032259,0.23959369136628547,0.39312809271714555,0.7732864674868194,0.7333747669359851,0.7065755764304011,0.5191630931570494,0.6092411278559418
2024-08-13 20:28:23.675424,0.8361774744027304,0.7580645161290323,0.2333782635253592,0.4136447896031271,0.7644991212653782,0.7638284648850218,0.7202391118701963,0.5223948016697897,0.6191162627994053
2024-08-13 20:28:23.766101,0.8395904436860068,0.7596774193548386,0.23337699150428362,0.3607861832888952,0.7691857059168132,0.7740832815413301,0.724338172502135,0.5239441286941702,0.6401100567310004
2024-08-13 20:28:23.849848,0.8430034129692833,0.7258064516129032,0.20628670363580828,0.35316962433820415,0.7580550673696547,0.7641392169049102,0.7269000853970964,0.5147690550028663,0.637335133158975
2024-08-13 20:28:23.935649,0.8464163822525597,0.7000000000000002,0.212007800646105,0.3709694758470903,0.7369654364381959,0.7482908638906154,0.732707087959009,0.4994300139875516,0.46254865412765234
2024-08-13 20:28:24.003659,0.8498293515358362,0.7548387096774194,0.2756677073297693,0.4038692930807659,0.7352079671939076,0.7498446239900565,0.7446626814688302,0.5007742745766818,0.5791123463837157
2024-08-13 20:28:24.068021,0.8532423208191126,0.7274193548387096,0.2111471065078978,0.37505224731829645,0.7357937902753371,0.7442510876320698,0.7513236549957301,0.49340960556866037,0.6316746999927809
2024-08-13 20:28:24.162219,0.856655290102389,0.8177419354838711,0.3025484021348748,0.4668182177864977,0.7785588752196839,0.7557489123679308,0.7743808710503841,0.5104588415694429,0.7390231636245304
2024-08-13 20:28:24.240572,0.8600682593856654,0.782258064516129,0.20602381029959363,0.3810661590499365,0.7885178676039835,0.7600994406463644,0.7824081981212636,0.5131544933560461,0.655473015582929
2024-08-13 20:28:24.343545,0.863481228668942,0.7403225806451614,0.20058513403590447,0.32085032320083495,0.7932044522554191,0.7628962088253577,0.7784799316823223,0.5028667144785417,0.6936883431848242
2024-08-13 20:28:24.438095,0.8668941979522183,0.7370967741935484,0.22965094996492416,0.31675164182345805,0.7639132981839487,0.7700435052827848,0.7736976942783942,0.49276612382102913,0.5503096645024375
2024-08-13 20:28:24.516295,0.8703071672354948,0.8016129032258066,0.2821176849892084,0.3689454900337545,0.7709431751611016,0.7790553138595404,0.7795046968403072,0.5008510631983237,0.5397743546242433
2024-08-13 20:28:24.595949,0.8737201365187713,0.8290322580645162,0.25253094579383567,0.3780630887948202,0.8031634446397189,0.7986326911124924,0.7871904355251922,0.5132763931567867,0.5753357119888952
2024-08-13 20:28:24.671149,0.8771331058020477,0.7870967741935484,0.20148771668120632,0.3552283965418326,0.821323960164031,0.792728402734618,0.7902647309991462,0.5106101923364293,0.563626225777047
2024-08-13 20:28:24.738928,0.8805460750853242,0.7741935483870968,0.22246334421858083,0.34762207633165204,0.8113649677797306,0.7911746426351773,0.791801878736123,0.5038321407350415,0.5262735306912362
2024-08-13 20:28:24.843162,0.8839590443686006,0.7774193548387098,0.23458442506082175,0.367617053524692,0.7926186291739894,0.7983219390926042,0.7972672929120408,0.49817735974408817,0.528798767039086
2024-08-13 20:28:24.942018,0.8873720136518771,0.7725806451612904,0.22849182435602605,0.37948825888401183,0.7873462214411251,0.8051584835301433,0.8049530315969256,0.4913332943386415,0.518150371608859
2024-08-13 20:28:25.038074,0.8907849829351535,0.7451612903225806,0.21138303118850554,0.334955277554607,0.7768014059753956,0.7942821628340588,0.8039282664389409,0.4776608597250467,0.5290191205908746
2024-08-13 20:28:25.114136,0.89419795221843,0.8080645161290321,0.28061510995888955,0.38308865628233735,0.7879320445225542,0.790242386575513,0.8124679760888129,0.4826927292852401,0.6612654813420008
2024-08-13 20:28:25.201253,0.8976109215017064,0.7838709677419353,0.2142281577828284,0.3229530291172802,0.7920328060925601,0.7896208825357367,0.8088812980358668,0.4792767827750427,0.5442280747032924
2024-08-13 20:28:25.325202,0.9010238907849829,0.7661290322580645,0.21880594621998267,0.3317172051423001,0.7996485061511425,0.7880671224362961,0.8071733561058922,0.4709881304635337,0.5611969462943187
2024-08-13 20:28:25.427197,0.9044368600682593,0.7790322580645161,0.24195454273023306,0.360526478058829,0.789103690685413,0.7883778744561845,0.8112724167378309,0.4670846591346515,0.42038108475311653
2024-08-13 20:28:25.550825,0.9078498293515358,0.6645161290322581,0.14578797923279435,0.30152283888511,0.7457527826596371,0.7675574891236796,0.8035866780529461,0.4329476042977323,0.3035812005336044
2024-08-13 20:28:25.670260,0.9112627986348123,0.7064516129032257,0.26622979783021744,0.2915680328484378,0.7240773286467488,0.7600994406463644,0.7935098206660973,0.4169076598831752,0.44156427515257357
2024-08-13 20:28:25.760002,0.9146757679180887,0.7806451612903227,0.2907777670510626,0.3158021501336038,0.7246631517281781,0.7548166563082661,0.788385994876174,0.4237642813634563,0.5593515572273595
2024-08-13 20:28:25.866201,0.9180887372013652,0.7612903225806451,0.21756378394015094,0.3267690769194711,0.759812536613943,0.7504661280298324,0.7856532877882152,0.4237298020683692,0.43447646579954224
2024-08-13 20:28:25.990121,0.9215017064846416,0.8064516129032258,0.26658586558162356,0.35674464946802803,0.7961335676625663,0.7582349285270358,0.7890691716481641,0.4353669585981117,0.4633537621578623
2024-08-13 20:28:26.064113,0.9249146757679181,0.7774193548387098,0.21062340922863826,0.34003140698610124,0.794961921499707,0.7579241765071478,0.7890691716481635,0.4363851504827366,0.48236215538847127
2024-08-13 20:28:26.178433,0.9283276450511945,0.7806451612903227,0.23457945556595639,0.3442139855438868,0.8019917984768603,0.7802983219390929,0.7899231426131512,0.43760716413469714,0.5074392613445677
2024-08-13 20:28:26.296486,0.931740614334471,0.6419354838709677,0.1276499658988451,0.2855483213069719,0.7422378441710606,0.7678682411435676,0.7789923142613151,0.4014203834737629,0.330991652227445
2024-08-13 20:28:26.377638,0.9351535836177474,0.6967741935483871,0.2774125168541796,0.2835803851765164,0.71294669009959,0.7517091361093848,0.7672075149444921,0.38754786377659667,0.41122547470785553
2024-08-13 20:28:26.462058,0.9385665529010239,0.7338709677419355,0.2616498190707158,0.3142835212558307,0.6959578207381372,0.7464263517712868,0.7619128949615712,0.38662179885698084,0.4846539042928102
2024-08-13 20:28:26.538409,0.9419795221843003,0.7548387096774194,0.24841973293035527,0.33415177398989515,0.7369654364381959,0.7364822871348666,0.760717335610589,0.3915819578144722,0.43378601610182765
2024-08-13 20:28:26.625599,0.9453924914675768,0.7951612903225806,0.2630227803968175,0.3483625248051696,0.7727006444053897,0.7399005593536361,0.7624252775405636,0.4062183806510031,0.51042412409155
2024-08-13 20:28:26.704463,0.9488054607508531,0.8032258064516129,0.23816459829663847,0.4172568497699165,0.7978910369068541,0.7442510876320698,0.7771135781383434,0.41973399833114855,0.5411013778083428
2024-08-13 20:28:26.774024,0.9522184300341296,0.8225806451612903,0.24652048448034508,0.40289315482857213,0.8224956063268891,0.7790553138595404,0.7894107600341587,0.43520476253870655,0.5482080134299244
2024-08-13 20:28:26.863564,0.9556313993174061,0.6306451612903226,0.09127541141266746,0.2626307504920561,0.7627416520210897,0.7663144810441271,0.7735269000853968,0.39612595155999575,0.46191778333262046
2024-08-13 20:28:26.938098,0.9590443686006825,0.3516129032258064,0.0,0.12602624656422787,0.5987111892208554,0.6926662523306402,0.7301451750640473,0.2917093698047411,0.21813427332376778
2024-08-13 20:28:27.032997,0.962457337883959,0.35967741935483866,0.24047038337188903,0.11318256677890887,0.4305799648506152,0.6165320074580485,0.6828351836037576,0.21325478742974127,0.1416447231481402
2024-08-13 20:28:27.222277,0.9658703071672354,0.4532258064516128,0.3280578534810983,0.17240541390616534,0.36613942589338033,0.5506525792417654,0.6485055508112723,0.1786529580321329,0.2569481135591528
2024-08-13 20:28:27.324462,0.9692832764505119,0.36290322580645173,0.14641558989466202,0.1244747399758035,0.37024018746338605,0.465817277812306,0.6042698548249359,0.1301527990626523,0.1666527843668406
2024-08-13 20:28:27.426045,0.9726962457337883,0.3887096774193548,0.25853029592899845,0.19685214817378185,0.3807850029291153,0.38222498446239905,0.5774551665243379,0.10204280006645833,0.20660708165803487
2024-08-13 20:28:27.550109,0.9761092150170648,0.49032258064516143,0.3337955211477216,0.22755774084163252,0.39425893380199195,0.35518955873213165,0.5555935098206659,0.11028588733535932,0.29943121763193825
2024-08-13 20:28:27.654114,0.9795221843003412,0.5129032258064516,0.25296349608549745,0.22254868784351006,0.44874048037492686,0.38626476072094484,0.5321947053800171,0.12600573852131958,0.3990734831932359
2024-08-13 20:28:27.727278,0.9829351535836177,0.4338709677419357,0.16052468705278344,0.17167311417487388,0.4651435266549504,0.40055935363579875,0.49820666097352695,0.12051866034492364,0.30193273761605477
2024-08-13 20:28:27.806928,0.9863481228668941,0.4951612903225806,0.29122529937060954,0.18663312704624144,0.4669009958992385,0.4086389061528901,0.4664389410760035,0.13560679868997733,0.3240289186049674
2024-08-13 20:28:27.898463,0.9897610921501706,0.467741935483871,0.20695805477502555,0.16934867414462043,0.4504979496192152,0.4288377874456184,0.4309137489325363,0.1431715777914317,0.29019112702028416
2024-08-13 20:28:27.970020,0.9931740614334471,0.4322580645161289,0.19884891329481036,0.14380801158938056,0.4499121265377857,0.43722809198259793,0.38958155422715635,0.14262199712161527,0.2342943718981012
2024-08-13 20:28:28.064703,0.9965870307167235,0.5629032258064517,0.358243976441434,0.30142775600091015,0.47451669595782087,0.4512119328775639,0.3824081981212637,0.17967717780443618,0.341435159242511
2024-08-13 20:28:28.147797,1.0,0.6177419354838709,0.280025164174365,0.5282299661314747,0.5289982425307558,0.4714108141702924,0.41058923996584107,0.22571494925316643,0.3683698460503585
