id,value,CAGR_12,Monthly_Percentage_Change,Annual_Percentage_Change,MACD,Trend,Seasonal,Residual,Cumulative_Sum,Rolling_3M_Growth,Rolling_6M_Growth,Rolling_12M_Growth,AHE_Ratio_12M,Days_Since_Peak,Days_Since_Trough,RSI
0.0,0.0,,,,0.0,,0.15331109189821746,,0.0,,,,,0.0,0.0,
0.004545454545454545,0.0066577896138479975,,0.30120040910619233,,0.009260763926794433,,1.0,,0.0035298363136947158,,,,,0.0,0.004628938330595789,
0.00909090909090909,0.005326231691078487,,0.1915556409787823,,0.014558659643321177,,0.716431877746345,,0.0070561690677728595,,,,,0.10909090909090909,0.009108556069882036,
0.013636363636363636,0.011984021304926706,,0.3008369862425965,,0.027804285916185452,,0.3494101180019129,,0.010600019619933856,0.39333020809122077,,,,0.0,0.013737494400477824,
0.01818181818181818,0.015978695073235683,,0.2641337022333835,,0.04342151373486235,,0.2697639903890945,,0.014154380850944562,0.36669311112988967,,,,0.0,0.018217112139764072,
0.022727272727272728,0.01797603195739006,,0.236863513137212,,0.05794063064850122,,0.16504249186851894,,0.017713997421380124,0.39938153601167675,,,,0.0,0.022846050470359862,
0.027272727272727268,0.023968042609853635,,0.29096220622375374,,0.07699040259474192,0.0,0.13840582621270414,0.27955682411037586,0.021289380010090255,0.39228188001518405,0.42706709014698757,,,0.0,0.027474988800955648,
0.031818181818181815,0.025299600532623145,,0.2277207932280019,,0.09289020687536702,0.0038815964917480184,0.01477101247127166,0.2448752142389985,0.024868266158416957,0.36606395064209274,0.3754970728165782,,,0.0,0.031954606540241896,
0.03636363636363636,0.0292942743009319,,0.26360135205051183,,0.10984519899118546,0.00785208450620778,0.023561376808345358,0.2494255234460887,0.02845766298559337,0.38530607518183657,0.4261605705591479,,,0.0,0.03658354487083768,
0.04090909090909091,0.03462050599201061,,0.28134018766465574,,0.12928583872488647,0.012089247088802768,0.0,0.27521287329000543,0.032061074051236066,0.3783917914102294,0.4124778698824375,,,0.0,0.04106316261012393,
0.04545454545454545,0.03595206391478034,,0.22758104281730693,,0.1448959190654244,0.016178257133544705,0.1928603322168101,0.21958148826768564,0.03566798867649533,0.37829107480623747,0.3868014972209842,,,0.0,0.045692100940719724,
0.049999999999999996,0.041944074567243694,,0.2898973116003357,,0.1638094909795597,0.020148745148004465,0.02782813736968137,0.26961076535124207,0.039290669320029156,0.39720516548908574,0.42403619410130866,,0.18131404237151116,0.0,0.05032103927131551,
0.05454545454545454,0.045272969374167804,0.37020904473213523,0.25408435046703814,0.37020904473213523,0.18139142369072686,0.024030341639752484,0.15331109189821746,0.2570716766539398,0.04292210886260442,0.3775915424186801,0.3981459803035951,0.37020904473213523,0.1739102000643662,0.0,0.054502015827982676,
0.05909090909090908,0.048601864181091914,0.3342121082137604,0.253977427603037,0.3342121082137604,0.19772968542850583,0.02776378559364745,1.0,0.206444731094642,0.046562307304221104,0.39661412427949366,0.416606011808765,0.3342121082137604,0.17068215729312897,0.0,0.05913095415857846,0.9262007833436421
0.06363636363636363,0.05259653794940089,0.38862426258301336,0.26269439693264773,0.38862426258301336,0.21383344645174537,0.031497229547542194,0.716431877746345,0.23122767813308442,0.05021301642468749,0.37704855432301615,0.4159687002042244,0.38862426258301336,0.17062341681184634,0.0,0.0636105718978647,0.9315356664754266
0.06818181818181818,0.059920106524633754,0.3929710965896019,0.30653184998118116,0.3929710965896019,0.23420034516319682,0.03514178197872542,0.3494101180019129,0.32100892307523665,0.05388299512304502,0.4147888463062899,0.4336527893229289,0.3929710965896019,0.21834926464160986,0.0,0.0682395102284605,0.9323507180650052
0.07272727272727272,0.059920106524633754,0.351368001078982,0.20975413105290894,0.351368001078982,0.24748836728569332,0.03872707339476755,0.2697639903890945,0.2661339741504918,0.057552973821402564,0.38287555085152386,0.42108478731569154,0.351368001078982,0.164092113593707,0.10909090909090909,0.07271912796774675,1.0
0.07727272727272727,0.06324900133155786,0.364086909841934,0.2535130302168306,0.364086909841934,0.2597092125383908,0.042253103795667935,0.16504249186851894,0.27248865733213634,0.061231711418801515,0.37626898600141356,0.39554544316672746,0.364086909841934,0.1568367455455295,0.0,0.07734806629834254,1.0
0.08181818181818182,0.06591211717709711,0.3288012750876008,0.24467790009992446,0.3288012750876008,0.2700286052724622,0.04583839521170985,0.13840582621270414,0.26177254478090717,0.06491745613543362,0.33188924521996327,0.3889429462552292,0.3288012750876008,0.1440515388884549,0.0,0.08197700462893832,1.0
0.08636363636363636,0.06724367509986684,0.32839076156114183,0.22718281807732166,0.32839076156114183,0.27688850330220965,0.049482947642893294,0.01477101247127166,0.23228771200107445,0.06860670441168229,0.3444180151723525,0.3701450144145441,0.32839076156114183,0.11209067853589616,0.0,0.08645662236822457,1.0
0.0909090909090909,0.07123834886817582,0.32716402933932404,0.2619905377471655,0.32716402933932404,0.284664101102647,0.05312750007407652,0.023561376808345358,0.24204551659700613,0.07230646336678068,0.3505034177206587,0.36965217108760695,0.32716402933932404,0.11867419848854155,0.0,0.09108556069882036,1.0
0.09545454545454544,0.07456724367509993,0.3057262895233709,0.2531608042292446,0.3057262895233709,0.29214244030453485,0.05665353047497712,0.0,0.24390444272727407,0.07601498122092049,0.35659843291836885,0.3323719872926471,0.3057262895233709,0.1180756753835901,0.0,0.09556517843810661,1.0
0.09999999999999999,0.0765645805592543,0.3119393743119237,0.2357366233765007,0.3119393743119237,0.2974505085688986,0.060238821891019034,0.1928603322168101,0.20944508704693376,0.07972875441448514,0.36275309066773065,0.3505639720792572,0.3119393743119237,0.09757487317006763,0.0,0.1001941167687024,1.0
0.10454545454545454,0.08055925432756328,0.29047993948228285,0.2616455803444695,0.29047993948228285,0.30377596048174116,0.06423894041304945,0.02782813736968137,0.22318347344716827,0.08345303828689951,0.3625052403545677,0.356252576845866,0.29047993948228285,0.10816327139679416,0.0,0.10482305509929818,1.0
0.10909090909090909,0.0872170439414115,0.32232811244752674,0.2959957996779497,0.32232811244752674,0.3145307284943016,0.06832795045779161,0.15331109189821746,0.26515581477166705,0.08719483995739674,0.39329619705085284,0.3921818840435628,0.32232811244752674,0.15270949976696357,0.0,0.10915335224727489,1.0
0.11363636363636363,0.08854860186418101,0.3017216907668829,0.22692171415186269,0.3017216907668829,0.32122458580808233,0.07241696050253354,1.0,0.1744625126349426,0.09094014518751053,0.3869390056475639,0.3919983913700744,0.3017216907668829,0.12359164370710829,0.0,0.11378229057787068,1.0
0.11818181818181818,0.09454061251664436,0.3201488751869651,0.28693598734250453,0.3201488751869651,0.3311430694050384,0.07671338410026962,0.716431877746345,0.22430904809723273,0.0947012164358989,0.40514365485927417,0.40949555158450196,0.3201488751869651,0.15842588978484073,0.0,0.11826190831715692,1.0
0.12272727272727271,0.09720372836218383,0.272600209772848,0.24391338349759423,0.272600209772848,0.33884455649012224,0.08121722125100006,0.3494101180019129,0.21834205727257583,0.0984692948035204,0.3676719049084262,0.4029973339937538,0.272600209772848,0.15149629600466596,0.0,0.12289084664775271,1.0
0.12727272727272726,0.10319573901464718,0.33096175473111034,0.2864695233109987,0.33096175473111034,0.3493516962249127,0.08575068890930115,0.2697639903890945,0.25277613583462255,0.10225313918941648,0.4105544500099001,0.43866352104587647,0.33096175473111034,0.18450542337859233,0.0,0.12737046438703897,1.0
0.1318181818181818,0.1098535286284954,0.3623040659123974,0.2946382919310723,0.3623040659123974,0.3628633337761181,0.09016563453731985,0.16504249186851894,0.30170825877054597,0.10605450137339541,0.416101019408568,0.46188933523722553,0.3623040659123974,0.2227545753034299,0.0,0.13199940271763475,1.0
0.13636363636363635,0.11118508655126491,0.34852939342260025,0.22665272897888497,0.34852939342260025,0.3711663326910412,0.09440279711991462,0.13840582621270414,0.25827160202255683,0.1098593671169909,0.4036369850031045,0.41307762766621536,0.34852939342260025,0.18748621098028195,0.0,0.13662834104823054,1.0
0.1409090909090909,0.11384820239680438,0.36101391674401806,0.2435202060983688,0.36101391674401806,0.3771460210846585,0.09858069868736852,0.01477101247127166,0.24406573739221216,0.11367123997981954,0.37272375469441826,0.4247614030143706,0.36101391674401806,0.16950006608800905,0.0,0.14110795878751678,1.0
0.14545454545454545,0.12117177097203724,0.39189319726565885,0.30244014495296534,0.39189319726565885,0.38771984209902105,0.10258081720939871,0.023561376808345358,0.30416124305849834,0.11750238242053931,0.37832363800433993,0.4356491361371274,0.39189319726565885,0.21284654641658918,0.0,0.14573689711811258,1.0
0.15,0.12583222370173108,0.40358822987730286,0.2684394768452214,0.40358822987730286,0.3980682498123191,0.10634389167086433,0.0,0.3245883755083163,0.12134578731991709,0.40844049109389,0.4529273639283097,0.40358822987730286,0.2172361423451008,0.0,0.15021651485739881,1.0
0.15454545454545454,0.12716378162450082,0.396480847655954,0.2264678764947345,0.396480847655954,0.4034917391273255,0.10992918308690647,0.1928603322168101,0.2794527308509487,0.12519269577891143,0.3961337374666368,0.4106985884572295,0.396480847655954,0.17610968218945544,0.0,0.15484545318799461,1.0
0.1590909090909091,0.12916111850865497,0.3759361971064376,0.23480191623006935,0.3759361971064376,0.40592094438832027,0.11321816942724228,0.02782813736968137,0.2705370223118315,0.1290448595773306,0.3475201317380671,0.368741984527325,0.3759361971064376,0.14679041242487045,0.0,0.1594743915185904,1.0
0.16363636363636364,0.1338215712383488,0.3546718913376436,0.26811922939205535,0.3546718913376436,0.40968082292403185,0.11641826424486679,0.15331109189821746,0.29133953530667966,0.1329092858344078,0.34729038130090917,0.39783074654785344,0.3546718913376436,0.15678190977336826,0.0,0.16365536807525757,1.0
0.16818181818181818,0.1358189081225034,0.3606096136837673,0.23468837232627787,0.3606096136837673,0.41073609855683757,0.11964798957006129,1.0,0.22639078626642473,0.13677896743090986,0.3532012762569172,0.3916269156807819,0.3606096136837673,0.12922646974645247,0.0,0.16828430640585335,1.0
0.17272727272727273,0.13715046604527292,0.3144255306123638,0.22635438342926398,0.3144255306123638,0.4087342809854851,0.12267030134226209,0.716431877746345,0.21732823950097924,0.14065215258702848,0.347127169384435,0.33837775456101776,0.3144255306123638,0.09806708502426176,0.0,0.1727639241451396,1.0
0.17727272727272728,0.13914780292942752,0.30735666681214485,0.23463198553009357,0.30735666681214485,0.40528619404937943,0.12533704702361548,0.3494101180019129,0.22967868357595478,0.14453059308257196,0.32310320391609026,0.3147714769430308,0.30735666681214485,0.07696312929537896,0.0,0.17739286247573538,1.0
0.1818181818181818,0.14181091877496677,0.2742513851703247,0.2428796572492635,0.2742513851703247,0.4016703609203048,0.12791490118225735,0.2697639903890945,0.23834177374840948,0.14841604069734857,0.3289796666841661,0.326236196431101,0.2742513851703247,0.06890834570904403,0.0,0.18187248021502164,1.0
0.18636363636363634,0.14513981358189088,0.24126785959940145,0.2510863644832154,0.24126785959940145,0.39889038517949454,0.1306112773711814,0.16504249186851894,0.25762589769552235,0.1523102472111666,0.3467384725651642,0.33761697062812235,0.24126785959940145,0.07381216892890308,0.0,0.18650141854561741,1.0
0.1909090909090909,0.14780292942743012,0.25347178647902685,0.24274554580717583,0.25347178647902685,0.39587088770337464,0.13315950102225282,0.13840582621270414,0.2637240778030261,0.15621146084421778,0.3525696380794976,0.319900389381362,0.25347178647902685,0.06808987005873135,0.0,0.19113035687621321,1.0
0.19545454545454544,0.1498002663115845,0.24659618397087174,0.234453249260835,0.24659618397087174,0.3917720645829887,0.13552994162790033,0.01477101247127166,0.26701327052907686,0.16011792981669382,0.3465136750697101,0.3197361481538524,0.24659618397087174,0.05409440621701478,0.0,0.19560997461549945,1.0
0.19999999999999998,0.15312916111850883,0.20762951561415577,0.2508639488773139,0.20762951561415577,0.38872647897818224,0.13795964324868892,0.023561376808345358,0.28394734148129785,0.16403315768821128,0.3463539722027849,0.33686444486546074,0.20762951561415577,0.06280158655741275,0.0,0.20023891294609525,1.0
0.20454545454545453,0.15379494007989347,0.1695261431834324,0.21795770096328043,0.1695261431834324,0.3828364814186311,0.14035971436190686,0.0,0.25912720046854787,0.167950137339537,0.3285474897858746,0.3252014639305021,0.1695261431834324,0.03992339333677819,0.0,0.2047185306853815,1.0
0.20909090909090908,0.15712383488681758,0.18784840336487418,0.2507536363071208,0.18784840336487418,0.3784893840243305,0.1427301549675546,0.1928603322168101,0.2665472249891607,0.1718758758899042,0.34024644042363195,0.33070151799528785,0.18784840336487418,0.05090029827708875,0.0,0.20934746901597728,1.0
0.21363636363636362,0.15978695073235683,0.19364654372703832,0.2424805545240064,0.19364654372703832,0.37447457472459406,0.14510059557320232,0.02782813736968137,0.28315089946497096,0.17580862155950452,0.3342296306584963,0.3246903814808119,0.19364654372703832,0.052085409261479754,0.0,0.21397640734657308,1.0
0.21818181818181817,0.1604527296937417,0.15579481285224825,0.2179211594492052,0.15579481285224825,0.3679876287345762,0.14744140567127917,0.15331109189821746,0.25095255687699236,0.17974311900891313,0.33420336954480195,0.3073508604846533,0.15579481285224825,0.030847272823333327,0.0,0.21815738390324024,1.0
0.22272727272727272,0.16245006657789607,0.1554602726462114,0.23424430747724093,0.1554602726462114,0.36148990161007016,0.14993036830720907,1.0,0.19784822364820798,0.1836828717977466,0.32235988851141995,0.3072050486977095,0.1554602726462114,0.027614279556892996,0.0,0.22278632223383601,1.0
0.22727272727272727,0.16511318242343553,0.1675265523189669,0.24236414216840066,0.1675265523189669,0.3559838522928124,0.15236006992799767,0.716431877746345,0.22015528145647423,0.18762963170581318,0.3222764139313282,0.30127875154997785,0.1675265523189669,0.031843291031464105,0.0,0.22726593997312228,1.0
0.2318181818181818,0.16511318242343553,0.14876864501873363,0.20975413105290894,0.14876864501873363,0.34761319995259143,0.15467124951850453,0.3494101180019129,0.20542921210473253,0.19157639161387977,0.31641236532998035,0.29555138838867373,0.14876864501873363,0.0025386080497860064,0.11272727272727273,0.23189487830371808,1.0
0.23636363636363636,0.1691078561917443,0.1605870912483492,0.2585823034888168,0.1605870912483492,0.3426500509201462,0.15718984266200509,0.2697639903890945,0.2367057982616565,0.19553366220079604,0.33386410024358715,0.30100481673687624,0.1605870912483492,0.025403670595189,0.0,0.2363744960430043,1.0
0.2409090909090909,0.1711051930758989,0.1477997910219386,0.23410337242035067,0.1477997910219386,0.33763492913635007,0.1597676968206465,0.16504249186851894,0.23583848937706975,0.1994961881271372,0.3279354256744044,0.2951641787647185,0.1477997910219386,0.02294701650038178,0.0,0.2410034343736001,1.0
0.24545454545454545,0.174434087882823,0.15347195914507095,0.25028237762603783,0.15347195914507095,0.33448839313083556,0.1622270289490062,0.13840582621270414,0.25408588640235763,0.2034674729525198,0.3570607841411778,0.3177465818920684,0.15347195914507095,0.037557828816943584,0.0,0.24563237270419588,1.0
0.24999999999999997,0.17909454061251662,0.17751189287522262,0.26636853389709875,0.17751189287522262,0.33469385957748155,0.16468636107736523,0.01477101247127166,0.2994231821782911,0.2074510202365604,0.36265378126507525,0.34018318929751,0.17751189287522262,0.06691401008064801,0.0,0.25011199044348215,1.0
0.2545454545454546,0.17842876165113175,0.14044170254694802,0.20169125561329523,0.14044170254694802,0.33011458613214467,0.16726421523600687,0.023561376808345358,0.24885496989486455,0.2114328157407927,0.3393306256050368,0.31173879371753377,0.14044170254694802,0.02964762207373539,0.11272727272727273,0.25474092877407795,0.9408068783068897
0.2590909090909091,0.18042609853528635,0.15248980697064762,0.23395339909032592,0.15248980697064762,0.3255430758742982,0.17001985244007223,0.0,0.24076009215196947,0.21541986658444984,0.3276116678299552,0.32865499794654296,0.15248980697064762,0.02645493594638637,0.0,0.2592205465133642,0.9408068783068897
0.26363636363636367,0.18708388814913435,0.18225830907663082,0.29031203417102325,0.18225830907663082,0.32751227961759904,0.1729532726895613,0.1928603322168101,0.29321170020099174,0.21942443522618985,0.3447651182976853,0.35080556550271913,0.18225830907663082,0.081500482278976,0.0,0.26384948484396,0.9463911350703902
0.2681818181818182,0.18774966711051944,0.16361822059812103,0.2177746816870685,0.16361822059812103,0.3262488457850304,0.1757978014163386,0.02782813736968137,0.2701961183671884,0.22343075564773812,0.35634322141608255,0.339371585329462,0.16361822059812103,0.05908235441206244,0.0,0.2684784231745557,0.9463911350703906
0.27272727272727276,0.18774966711051944,0.15745640970949612,0.20975413105290894,0.15745640970949612,0.32154104040868625,0.17846454709769222,0.15331109189821746,0.2228402818879971,0.2274370760692864,0.33893805450117576,0.3110423465503339,0.15745640970949612,0.02865251973787153,0.10181818181818182,0.27265939973122294,0.9408068783068897
0.2772727272727273,0.19041278295605868,0.16316618589329712,0.24182230551671685,0.16316618589329712,0.31789260911293843,0.18116092328661582,1.0,0.17751890894101763,0.23145040361006783,0.3042146940937212,0.2939373527676603,0.16316618589329712,0.03280998616833841,0.0,0.2772883380618187,0.9408068783068897
0.28181818181818186,0.1950732356857523,0.18080533117374797,0.26577545416412,0.18080533117374797,0.3178939784976435,0.18388692998311051,0.716431877746345,0.22733216516828492,0.23547599360950727,0.3386329775380182,0.3386920946338223,0.18080533117374797,0.06112003268773236,0.0,0.281767955801105,0.9473838918283466
0.2863636363636364,0.1970705725699069,0.19889490606464172,0.2336901346425754,0.19889490606464172,0.31705055715375036,0.18661293667960566,0.3494101180019129,0.23909589340259174,0.23950683894837158,0.355848394929968,0.33850791889246423,0.19889490606464172,0.05200319619139293,0.0,0.2863968941317007,0.9473838918283466
0.2909090909090909,0.20306258322237025,0.21616768740136744,0.28146851990434474,0.21616768740136744,0.32111133272722325,0.18913152982310621,0.2697639903890945,0.30179434430092655,0.2435534503055104,0.38435039325718645,0.3323401552982683,0.21616768740136744,0.09328286826767496,0.0,0.290876511870987,0.9518428840462834
0.29545454545454547,0.20106524633821565,0.17972571463516407,0.18594247033903305,0.17972571463516407,0.31785523446598113,0.1915019704287535,0.16504249186851894,0.24018230186297984,0.24759480632322436,0.32690881382244125,0.3100622132080263,0.17972571463516407,0.03386515086782893,0.11272727272727273,0.29550545020158275,0.8166922683051752
0.3,0.20439414114513998,0.17912963169113083,0.24949183965646987,0.17912963169113083,0.3163122604188219,0.1941687161101071,0.13840582621270414,0.25499836557951383,0.25164492123997984,0.33824891636485344,0.3378367417956628,0.17912963169113083,0.044511509702282126,0.0,0.30013438853217855,0.8136872235232935
0.30454545454545456,0.20972037283621825,0.18427369293822787,0.2731969640967939,0.18427369293822787,0.31890729063534384,0.19704287534445486,0.01477101247127166,0.30400528937467186,0.25570905039520153,0.3323231420148522,0.3597751036167849,0.18427369293822787,0.08054707442632392,0.0,0.3046140062714648,0.8278018278018311
0.3090909090909091,0.2090545938748336,0.18439459570335442,0.20185112297115101,0.18439459570335442,0.3163800864563466,0.1997096210258087,0.023561376808345358,0.253087253763006,0.25977142777061496,0.34377446977168064,0.31505872761974507,0.18439459570335442,0.03812122613528146,0.11272727272727273,0.3092429446020606,0.7708653353814756
0.31363636363636366,0.21105193075898798,0.18403220613231375,0.23347337911200433,0.18403220613231375,0.3135728412895107,0.20228747518445012,0.0,0.2478148484527587,0.26383906048545325,0.3322739955082952,0.31490736565264854,0.18403220613231375,0.03059698757859408,0.0,0.3137225623413468,0.7550629447181296
0.3181818181818182,0.21304926764314258,0.1412314186499656,0.2334427340886787,0.1412314186499656,0.3105781821882421,0.20480606832795067,0.1928603322168101,0.2312420470250558,0.2679119485397164,0.30379401863491934,0.28145805584439365,0.1412314186499656,0.028198961130378564,0.0,0.3183515006719426,0.8105820105820145
0.32272727272727275,0.21504660452729696,0.1530105055652623,0.23341216814927784,0.1530105055652623,0.3074708159770994,0.20720613944116884,0.02782813736968137,0.23661766850124977,0.27199009193340434,0.32644336332604185,0.3146058226960947,0.1530105055652623,0.024352154728735087,0.0,0.3229804390025384,0.8105820105820145
0.32727272727272727,0.22037283621837545,0.2005322222003731,0.2727609308800003,0.2005322222003731,0.3089409400188972,0.20975436309224005,0.15331109189821746,0.2761066295259127,0.2760822495655586,0.3546374339018242,0.33084025154936525,0.2005322222003731,0.0579550419096968,0.0,0.32731073615051515,0.8040503557744976
0.33181818181818185,0.22237017310253004,0.19409418082078977,0.23330076472116637,0.19409418082078977,0.3093502813092399,0.212154434205458,1.0,0.22443325190570107,0.2801796625371378,0.354535333703801,0.3030060463332205,0.19409418082078977,0.04899311776909698,0.0,0.3319396744811109,0.8105820105820145
0.33636363636363636,0.2230359520639147,0.15775647334931614,0.2175929419762424,0.15775647334931614,0.30707170735891814,0.21452487481110571,0.716431877746345,0.21588628038088942,0.28427882728852516,0.34315868004827366,0.31400741791555786,0.15775647334931614,0.027166365310190344,0.0,0.3364192922203972,0.8136872235232921
0.34090909090909094,0.22703062583222366,0.1751449687567772,0.25676689707773864,0.1751449687567772,0.3073435655276013,0.21733977303031193,0.3494101180019129,0.2579561313390961,0.2883885027187623,0.33169080151780916,0.3302723094619775,0.1751449687567772,0.046278031550489374,0.0,0.341048230550993,0.819601914840014
0.34545454545454546,0.2296937416777629,0.14470449123996681,0.24101581690062107,0.14470449123996681,0.3077583746147805,0.2203324542949423,0.2697639903890945,0.2602420687170053,0.2925051852682326,0.33722964010775186,0.3355669953734478,0.14470449123996681,0.051753758135649974,0.0,0.3455278482902792,0.8105820105820145
0.35000000000000003,0.2283621837549934,0.15089911590115418,0.19414989381913683,0.15089911590115418,0.30272399675966566,0.22329550505200157,0.16504249186851894,0.20169903648022114,0.2966183642580863,0.3203777685543075,0.30810558834188706,0.15089911590115418,0.004994034573034156,0.11272727272727273,0.350156786620875,0.7110573042776482
0.35454545454545455,0.23435419440745675,0.17388090479898904,0.2800330104171153,0.17388090479898904,0.30366452504250746,0.2260807727636378,0.13840582621270414,0.2563107104111282,0.3007473092662145,0.3370454802536511,0.3131702019806326,0.17388090479898904,0.049762949161461734,0.0,0.35478572495147076,0.7110573042776482
0.3590909090909091,0.23368841544607188,0.12026763313369826,0.20197518376835713,0.12026763313369826,0.3000147653951616,0.22880677946013273,0.01477101247127166,0.2129352624155878,0.30487450249453446,0.3090175758175177,0.291298078930907,0.12026763313369826,0.015297509270663312,0.10909090909090909,0.35926534269075705,0.8006126427179097
0.36363636363636365,0.2383488681757655,0.16722449896803337,0.2642298743669106,0.16722449896803337,0.3002188301593024,0.23168093869448003,0.023561376808345358,0.2432892311278394,0.30901395818151245,0.35935062280087204,0.3238331568265631,0.16722449896803337,0.04355021193183006,0.0,0.3638942810213528,0.8073715361850988
0.36818181818181817,0.24500665778961395,0.2078462073349453,0.2873460851353629,0.2078462073349453,0.30621817667726453,0.23461435894396931,0.0,0.3056431321402222,0.3131709316665733,0.364598530710856,0.34517461597239607,0.2078462073349453,0.0922765995567758,0.0,0.3683738987606391,0.8136872235232935
0.37272727272727274,0.24633821571238346,0.2016180678761752,0.22520712620645394,0.2016180678761752,0.3092810063450462,0.23751814868588705,0.1928603322168101,0.2730887194069602,0.3173314087112507,0.38134757499169597,0.3341137730700875,0.2016180678761752,0.07343232657666832,0.0,0.37300283709123483,0.8625192012288738
0.37727272727272726,0.24833555259653806,0.20124157772145035,0.23291410421040432,0.20124157772145035,0.3109343185238269,0.24054046045808786,0.02782813736968137,0.2694389657089502,0.32149714109535293,0.3588184126292703,0.36128185068011737,0.20124157772145035,0.06315387773766545,0.0,0.37763177542183063,0.8625192012288747
0.38181818181818183,0.24966711051930757,0.16534865673786397,0.2251746346270749,0.16534865673786397,0.31053839032647407,0.2435924027378591,0.15331109189821746,0.23868597768859345,0.32566637703907175,0.31422331000685993,0.32293253146149264,0.16534865673786397,0.04870788402008941,0.0,0.3818127519784978,0.8602654176424624
0.38636363636363635,0.2543275632490014,0.18825306978851164,0.2636805391402136,0.18825306978851164,0.31317182588554726,0.24661471451005967,1.0,0.2193640591114061,0.32984787544144856,0.34181994392959625,0.3661229064362322,0.18825306978851164,0.07381730223949035,0.0,0.3864416903090936,0.8688644688644649
0.39090909090909093,0.2556591211717709,0.19393959943854905,0.22511649280379478,0.19393959943854905,0.3135183019620863,0.2497555483125431,0.716431877746345,0.21046703399706246,0.33403287740344195,0.3362174136454843,0.3387464957155457,0.19393959943854905,0.055844230250816196,0.0,0.3909213080483798,0.8555286521388172
0.39545454545454545,0.26031957390146476,0.19900285749195562,0.26347738398207965,0.19900285749195562,0.31669943418434615,0.2526593380544613,0.3494101180019129,0.26107834478832714,0.33823014182409333,0.3637375890065009,0.32209667182320234,0.19900285749195562,0.07943404738817961,0.0,0.3955502463789756,0.8647014361300029
0.4,0.2616511318242345,0.1869480889452086,0.22505878777217736,0.1869480889452086,0.31743481666880186,0.25541497525852597,0.2697639903890945,0.24632592410642573,0.3424309098043613,0.3359885201813439,0.32199298123543957,0.1869480889452086,0.062222848622006666,0.0,0.40002986411826186,0.8668154761904723
0.40454545454545454,0.2643142476697735,0.2218997913390109,0.24033791545605004,0.2218997913390109,0.31809778581943543,0.2584669175382974,0.16504249186851894,0.24924893238711476,0.3466386849038624,0.346924818034321,0.3271801060162837,0.2218997913390109,0.057650299053197074,0.0,0.40465880244885766,0.8625192012288738
0.4090909090909091,0.26697736351531276,0.19188778604962814,0.24028698492415645,0.19188778604962814,0.3186964656726195,0.26163738184835106,0.13840582621270414,0.2460780753228029,0.35085346712259663,0.33028393120686617,0.33774805002370245,0.19188778604962814,0.056626268358563436,0.0,0.40928774077945346,0.8625192012288738
0.41363636363636364,0.26897470039946736,0.21507263708973584,0.2326157005662298,0.21507263708973584,0.3183118774630078,0.26457080209784034,0.01477101247127166,0.24159239041656377,0.3550735046807557,0.3357110947696626,0.31605229587116634,0.21507263708973584,0.04440361846717522,0.0,0.4137673585187397,0.954900478709996
0.4181818181818182,0.2736351531291612,0.21416731482779783,0.26303136278715106,0.21416731482779783,0.3208656108798727,0.2674745918397583,0.023561376808345358,0.27083098927795035,0.35930580469757273,0.352002041613142,0.34254294906744087,0.21416731482779783,0.06569216422536073,0.0,0.4183962968493355,0.9534218058808155
0.42272727272727273,0.2749667110519307,0.1670837825839398,0.22493209359403735,0.1670837825839398,0.32106196379662166,0.27046727310438845,0.0,0.2496972387087446,0.3635416082740064,0.3409655735769968,0.3156124821094288,0.1670837825839398,0.05076488310979599,0.0,0.4228759145886217,1.0
0.4272727272727273,0.2782956058588548,0.1840271796701044,0.24766765204067429,0.1840271796701044,0.32218735771705354,0.2734303238614477,0.1928603322168101,0.2472984575552175,0.36778617074948144,0.3517797726931537,0.33140852521261877,0.1840271796701044,0.05880043415870517,0.0,0.4275048529192175,1.0
0.4318181818181818,0.28495339547270304,0.22367108159855403,0.28542469956171385,0.22367108159855403,0.3286581897271832,0.2764526356336485,0.02782813736968137,0.31486029594486453,0.3720482510230394,0.36785500846698393,0.36292169696552845,0.22367108159855403,0.10352371065418708,0.0,0.4321337912498133,1.0
0.43636363636363634,0.2842876165113182,0.2062827492553772,0.20221817595645197,0.2062827492553772,0.3290564610378574,0.2794453168982787,0.15331109189821746,0.25502190446441375,0.3763085795167891,0.35149588934727666,0.33624830657801585,0.2062827492553772,0.058788029766500216,0.10181818181818182,0.4363147678064805,0.9518428840462834
0.4409090909090909,0.2856191744340879,0.17695551800048648,0.22483223857732026,0.17695551800048648,0.32747071857046395,0.28234910664019686,1.0,0.18637195047770305,0.3805724115701553,0.33508995037907663,0.3308037561425038,0.17695551800048648,0.042579936255354056,0.0,0.4409437061370763,0.9510125889436329
0.44545454545454544,0.28961384820239666,0.19947795222060632,0.25495128491408575,0.19947795222060632,0.32805292606381586,0.2852825268896859,0.716431877746345,0.221202457879901,0.38484675430237125,0.31326859904329296,0.32516346351958214,0.19947795222060632,0.05676464928843217,0.0,0.4454233238763625,0.9541730670763013
0.45,0.29360852197070586,0.19296067991095056,0.2548401443718067,0.19296067991095056,0.33032703500797084,0.2880677946013215,0.3494101180019129,0.2628158103233673,0.3891316077134369,0.35105846931241524,0.3460749104900623,0.19296067991095056,0.07159540013974208,0.0,0.4500522622069583,0.953421805880831
0.45454545454545453,0.29494007989347537,0.19272423372905007,0.22474593706246176,0.19272423372905007,0.3301964864247029,0.2909123233280988,0.2697639903890945,0.24719740167589066,0.39341996468411916,0.350996391507259,0.3300419917174161,0.19272423372905007,0.053366736070245224,0.0,0.45453187994624455,0.953421805880831
0.4590909090909091,0.29893475366178435,0.20356415520384014,0.25469280445899617,0.20356415520384014,0.3318877402050008,0.29381611307001676,0.16504249186851894,0.2723190511985365,0.3977188323336511,0.35081076869314226,0.3086169787981653,0.20356415520384014,0.06676584664236529,0.0,0.45916081827684035,0.9526455026455118
0.4636363636363636,0.2996005326231692,0.18613596650111636,0.21722559753607212,0.18613596650111636,0.33035667650868333,0.2967791638270765,0.13840582621270414,0.24209599812180116,0.4020194517629913,0.32379881507286623,0.3191094918047074,0.18613596650111636,0.041076994339849904,0.0,0.46378975660743615,0.9518428840462834
0.4681818181818182,0.30159786950732337,0.18579141574309238,0.23215940040078953,0.18579141574309238,0.3281706059074571,0.3000088891522712,0.01477101247127166,0.2336862330888856,0.40632532653175635,0.32912042800417907,0.32423018966423456,0.18579141574309238,0.03189380444404577,0.0,0.4682693743467224,0.9510125889436329
0.4727272727272727,0.3069241011984021,0.19061383411541766,0.2694285940299127,0.19061383411541766,0.3301266477071051,0.3033275060001779,0.023561376808345358,0.2664928294818729,0.4106452155389877,0.33968526466466853,0.33433532991305925,0.19061383411541766,0.06303207609369466,0.0,0.4728983126773182,0.9541730670763018
0.4772727272727273,0.30426098535286283,0.15667093555834996,0.18001369512479343,0.15667093555834996,0.32419272647847874,0.30652760081780195,0.0,0.18318267632337637,0.41495809742698586,0.31293023081135807,0.2820651250290913,0.15667093555834996,0.0,0.10909090909090909,0.4773779304166044,0.7745023935500246
0.4818181818181818,0.31291611185086543,0.20101518640678673,0.30656758505205084,0.20101518640678673,0.3278881319941762,0.3095795430975734,0.1928603322168101,0.25899351521139735,0.4192937524524918,0.36627709976992257,0.3390825110926084,0.20101518640678673,0.07056558979438776,0.0,0.4820068687472002,0.7941108810674131
0.4863636363636364,0.3155792276964047,0.16631434002604661,0.23938641994128673,0.16631434002604661,0.33075108140774484,0.31275000740762726,0.02782813736968137,0.2637473172831619,0.42363641459723084,0.3446949081011481,0.3283861585150294,0.16631434002604661,0.0716091544084172,0.0,0.48663580707779597,0.799910574558472
0.4909090909090909,0.3202396804260985,0.2111083443750249,0.26152696334326064,0.2111083443750249,0.33570742459838143,0.31603899374796307,0.15331109189821746,0.28017462307221663,0.42799133920062793,0.4034436864468315,0.3593820828312199,0.2111083443750249,0.09159056461622583,0.0,0.4908167836344631,0.8053924766253631
0.4954545454545455,0.3222370173102531,0.21644194234952635,0.231880010477308,0.21644194234952635,0.3385431030044279,0.31950576313372236,1.0,0.2139216232866552,0.43235151914344977,0.34974590623291635,0.3591862919638835,0.21644194234952635,0.07830874011452948,0.0,0.4954457219650589,0.7847522847522965
0.5,0.3275632490013316,0.22682254074251212,0.2686853604612921,0.22682254074251212,0.34431535844684463,0.32306142404219385,0.716431877746345,0.2593978504930341,0.4367257133247379,0.37080221990670365,0.35866651193758226,0.22682254074251212,0.10426402404198853,0.0,0.49992533970434516,0.844313981300286
0.5045454545454545,0.3275632490013316,0.19271960147187744,0.20975413105290894,0.19271960147187744,0.3449139590533315,0.32664671545823576,0.3494101180019129,0.23043017980364056,0.4410999075060261,0.3335800747931841,0.3795662223991031,0.19271960147187744,0.06944787457630852,0.11272727272727273,0.504554278034941,0.8399284596467727
0.509090909090909,0.329560585885486,0.1980377203263477,0.23178253964283702,0.1980377203263477,0.34423053390251107,0.3303505289045603,0.2697639903890945,0.2132641500976824,0.44547935702673913,0.33351008247374886,0.32728803194823863,0.1980377203263477,0.05831944936966238,0.0,0.5090338957742272,0.8328664799253072
0.5136363636363637,0.33555259653794933,0.2139400659474146,0.27576005455177094,0.2139400659474146,0.3481069192939342,0.33396545082817286,0.16504249186851894,0.2576139565237696,0.44987457256572677,0.3385801201624998,0.35270434947448465,0.2139400659474146,0.09360013036384274,0.0,0.513662834104823,0.8399284596467727
0.5181818181818182,0.33688415446071907,0.2193497573465667,0.2243694987290197,0.2193497573465667,0.3490290957415848,0.3374618507215026,0.13840582621270414,0.2305807032317837,0.454273291664331,0.3490918434505488,0.32672022693456065,0.2193497573465667,0.0717043096567167,0.0,0.5182917724354188,0.8399284596467727
0.5227272727272727,0.3422103861517978,0.24660634382610674,0.26816903746369153,0.24660634382610674,0.3531826702452353,0.34110640315268625,0.01477101247127166,0.2656720927295737,0.4586860250014015,0.37525131802518563,0.35208667068534416,0.24660634382610674,0.094727532132584,0.0,0.5227713901747051,0.844313981300286
0.5272727272727272,0.34620505992010653,0.2344945439176494,0.25342617253686944,0.2344945439176494,0.35796847990479624,0.34481021659901057,0.023561376808345358,0.27288303082067245,0.46310926901732163,0.3592013644924211,0.3414206236983218,0.2344945439176494,0.10297008197705892,0.0,0.5274003285053008,0.8542938542938572
0.5318181818181819,0.34553928095872166,0.2515765681148927,0.2024927533302599,0.2515765681148927,0.356712556608299,0.3485436605529053,0.0,0.21341510542049136,0.4675307612534335,0.34345503126123855,0.33633289066829,0.2515765681148927,0.05313026213016414,0.10909090909090909,0.5318799462445871,0.8130743525480351
0.5363636363636364,0.3548601864181091,0.2552685994519055,0.31145369622548186,0.2552685994519055,0.3646285402568911,0.35251414856736507,0.1928603322168101,0.2842939995296909,0.4719767784068614,0.3744989999568128,0.39206595337245076,0.2552685994519055,0.12262754297735157,0.0,0.5365088845751829,0.8267518389469588
0.5409090909090909,0.3548601864181091,0.23279005546690446,0.20975413105290894,0.23279005546690446,0.36667521074787346,0.3564253755666835,0.02782813736968137,0.24030148252327166,0.4764227955602893,0.3430783051180394,0.34580268470983744,0.23279005546690446,0.0829383003573021,0.11272727272727273,0.5411378229057786,0.9635734635734576
0.5454545454545454,0.35952063914780297,0.2318796377542755,0.26032341838458284,0.2318796377542755,0.37058262738275216,0.36024771104329023,0.15331109189821746,0.2489669633143876,0.48088107517237516,0.384702180207464,0.37098256113684835,0.2318796377542755,0.09909311019834632,0.0,0.5454681200537553,0.9605379188712462
0.55,0.3648468708388817,0.25878164656322894,0.26738864185741723,0.25878164656322894,0.376829440988747,0.3642774600728911,1.0,0.22376768087474375,0.48535336902292736,0.353074121599272,0.37043625399185515,0.25878164656322894,0.11977504723184751,0.0,0.5500970583843512,0.962614870509602
0.5545454545454546,0.36817576564580556,0.2413405685739557,0.24566282425636227,0.2413405685739557,0.3820596975324663,0.3682775785949215,0.716431877746345,0.23368257853338648,0.4898344217725209,0.37892890198762447,0.36499748080104677,0.2413405685739557,0.11860899579372486,0.0,0.5545766761236374,0.9616044616044559
0.5590909090909091,0.37083888149134503,0.26310311682075377,0.23842493441441726,0.26310311682075377,0.38550782577952025,0.37221843610181016,0.3494101180019129,0.23954905752252742,0.4943224816413476,0.36317424838202206,0.3902298026163672,0.26310311682075377,0.10687375564973678,0.0,0.5592056144542332,0.9621164021163962
0.5636363636363636,0.37549933422103865,0.2844151803188414,0.25984970140723795,0.2844151803188414,0.39029863393232395,0.37607040208598774,0.2697639903890945,0.2592008967758517,0.4988228039688324,0.35775897134766677,0.3541359470275107,0.2844151803188414,0.11619321861606835,0.0,0.5636852321935194,0.9616044616044559
0.5681818181818182,0.377496671105193,0.2505824956990906,0.2311651611226028,0.2505824956990906,0.39238249760122224,0.37995199857773576,0.16504249186851894,0.24159898114020706,0.5033283816357419,0.3473371500009791,0.36915257749557606,0.2505824956990906,0.09797045665920479,0.0,0.5683141705241153,0.9631003916718144
0.5727272727272728,0.38082556591211714,0.26654170344636613,0.2453975578602256,0.26654170344636613,0.3941739408710061,0.38395211709976573,0.13840582621270414,0.2371692423022509,0.5078427182016929,0.352347523555569,0.3587009240172122,0.26654170344636613,0.09354763079376482,0.0,0.572943108854711,0.964034558971262
0.5772727272727273,0.3888149134487351,0.28698014846707387,0.2951323790141835,0.28698014846707387,0.4021983992803269,0.3878040830839433,0.01477101247127166,0.30682555342601603,0.5123780761253434,0.3776809483993969,0.37810491261989965,0.28698014846707387,0.14135959664333342,0.0,0.5774227265939973,0.9653503677893869
0.5818181818181818,0.38948069241011973,0.2591815487208355,0.21683600774262685,0.2591815487208355,0.40482798697056044,0.3915671575454087,0.023561376808345358,0.2654824136245857,0.516915185828802,0.3673565757111574,0.35788912623493097,0.2591815487208355,0.10624314405107782,0.0,0.582051664924593,0.9649225945522191
0.5863636363636363,0.3908122503328897,0.275467417211367,0.223912415801701,0.275467417211367,0.4041269336788023,0.39533023200687434,0.0,0.23560823365382433,0.5214557990918773,0.35190027243146493,0.3477236934240495,0.275467417211367,0.07710735126333645,0.0,0.5865312826638793,0.9621164021163962
0.5909090909090909,0.39613848202396795,0.24133199388985832,0.26634357163835254,0.24133199388985832,0.40638085140158087,0.39921182849862213,0.1928603322168101,0.2488251138448625,0.5260104265934189,0.33126982360779517,0.35226349576504545,0.24133199388985832,0.09875136535518081,0.0,0.5911602209944751,0.9631003916718144
0.5954545454545455,0.4007989347536618,0.2788012197375463,0.25911753537898174,0.2788012197375463,0.40999815529038475,0.40315268600551124,0.02782813736968137,0.2719038105506435,0.5305773165536185,0.3616511205605344,0.37184218134561253,0.2788012197375463,0.10794937957909667,0.0,0.5957891593250709,1.0
0.6,0.40346205059920104,0.26177128307244635,0.2378860508836472,0.26177128307244635,0.4118641872094208,0.4072416960502536,0.15331109189821746,0.2483250600855662,0.5351512136330513,0.3717111091292069,0.3665769660610072,0.26177128307244635,0.09580919389053122,0.0,0.5999701358817381,1.0
0.6045454545454545,0.40745672436751,0.2500247033277456,0.2518873644876508,0.2500247033277456,0.4141890274142092,0.41115292304957207,1.0,0.20537414734450365,0.5397356213913337,0.36131980771389605,0.33635843741583604,0.2500247033277456,0.10049848006570272,0.0,0.6045990742123338,1.0
0.6090909090909091,0.41011984021304926,0.24404812564180106,0.23777855405586415,0.24404812564180106,0.41499468610931184,0.4147974754807551,0.716431877746345,0.21078531630409358,0.5443270362688493,0.3459871150532362,0.3510205276820128,0.24404812564180106,0.0903764412619239,0.0,0.6090786919516201,1.0
0.6136363636363636,0.4134487350199736,0.24882834620063582,0.24473119848840005,0.24882834620063582,0.41552699797788245,0.41870870248007375,0.3494101180019129,0.22679018348854285,0.5489272100454062,0.35090552837634964,0.3656069841906169,0.24882834620063582,0.08735207782912724,0.0,0.6137076302822159,1.0
0.6181818181818182,0.4201065246338216,0.2637681071038864,0.2795750706937423,0.2637681071038864,0.4204694649586503,0.4229162345550981,0.2697639903890945,0.26942028636799975,0.5535449016200461,0.37079210522497463,0.3748665979095802,0.2637681071038864,0.12084293119608702,0.0,0.6181872480215022,1.0
0.6227272727272727,0.4214380825565911,0.2580728544052316,0.22366534406480645,0.2580728544052316,0.4214022461197238,0.42709413612255154,0.16504249186851894,0.23919241534147062,0.5581660967543025,0.36063227983412627,0.3500289821162196,0.2580728544052316,0.09345529432713207,0.0,0.6228161863520979,1.0
0.6272727272727273,0.4287616511318242,0.28902689737201337,0.2862077952858584,0.28902689737201337,0.42751759309109294,0.43133129870514675,0.13840582621270414,0.28758053684704166,0.56280656146645,0.3904562351478217,0.38385672095147727,0.28902689737201337,0.1312155681987761,0.0,0.6274451246826936,1.0
0.6318181818181818,0.4287616511318242,0.22429996373296696,0.20975413105290894,0.22429996373296696,0.42743682398785215,0.43574624433316567,0.01477101247127166,0.23691358639353766,0.5674470261785975,0.3402330447842355,0.35430617758560995,0.22429996373296696,0.09251020908254404,0.10909090909090909,0.6319247424219799,1.0
0.6363636363636364,0.43142476697736365,0.23991423939832474,0.2374400181796509,0.23991423939832474,0.4262067740048877,0.44022045097632523,0.023561376808345358,0.2152759253559431,0.5720944980099782,0.3501338508955184,0.3540691045925127,0.23991423939832474,0.0825301144764552,0.0,0.6365536807525757,1.0
0.6409090909090909,0.43675099866844214,0.2711066465723941,0.2650424197816922,0.2711066465723941,0.42779461351858944,0.4448131796497674,0.0,0.23094593476922398,0.5767559840798252,0.3349611350214293,0.36828718650388936,0.2711066465723941,0.09918181894878231,0.0,0.641033298491862,1.0
0.6454545454545455,0.44474034620505987,0.29089430944245537,0.29243723702667834,0.29089430944245537,0.4352764117469607,0.4492873862929274,0.1928603322168101,0.2726961597014217,0.5814384915073717,0.394412489608647,0.37728373729125975,0.29089430944245537,0.14356415129944367,0.0,0.6456622368224577,1.0
0.65,0.4460719041278296,0.2638147613309333,0.22347278331604667,0.2638147613309333,0.43802995731241784,0.45388011496636915,0.02782813736968137,0.24101308932201704,0.5861245024945346,0.38433959707681054,0.3771485442371028,0.2638147613309333,0.11519917801494728,0.0,0.6502911751530536,1.0
0.6545454545454545,0.45339547270306246,0.29969353689100714,0.28515030535067437,0.29969353689100714,0.44538233951579476,0.45876914871551744,0.15331109189821746,0.27177444391215744,0.5908297830595888,0.398808225803696,0.37640863147788217,0.29969353689100714,0.1505129131987779,0.0,0.6544721517097207,1.0
0.6590909090909091,0.4567243675099868,0.2936076898457078,0.24388476908284745,0.2936076898457078,0.450697552669691,0.46383596551008965,1.0,0.20465737999683498,0.5955438225236842,0.36388612067076387,0.400387622372532,0.2936076898457078,0.14106145929665814,0.0,0.6591010900403165,1.0
0.6636363636363636,0.4613848202396804,0.3085711497087571,0.25744824151288304,0.3085711497087571,0.4562082737621587,0.4691398263652258,0.716431877746345,0.21643498992988341,0.6002701244464378,0.38835067392129546,0.414449632939397,0.3085711497087571,0.14479144287424361,0.0,0.6635807077796028,1.0
0.6681818181818182,0.4653794940079894,0.31298460116860494,0.25052873168229917,0.31298460116860494,0.46088329395692407,0.4746214702657858,0.3494101180019129,0.22160205167645586,0.605006937048041,0.3634583870806386,0.40425345743220986,0.31298460116860494,0.1403664556617592,0.0,0.6682096461101985,1.0
0.6727272727272727,0.4687083888149135,0.2856850629861726,0.2436575680900473,0.2856850629861726,0.4639242097600165,0.4799549616284926,0.2697639903890945,0.2035069061406105,0.6097525085486857,0.3632949745822254,0.3700626763118229,0.2856850629861726,0.13163786992813797,0.0,0.6726892638494848,1.0
0.6772727272727272,0.47603195739014637,0.3317483647212812,0.284204026308176,0.3317483647212812,0.47120664838948945,0.48534771400634114,0.16504249186851894,0.2403890606148984,0.6145173496272214,0.38252442222546984,0.4126774154628352,0.3317483647212812,0.1620787648031623,0.0,0.6773182021800805,1.0
0.6818181818181818,0.4840213049267643,0.33512326752122273,0.29064374318386593,0.33512326752122273,0.4826553030775619,0.490977510444754,0.13840582621270414,0.2787112062696018,0.6193032120634566,0.4114080136825792,0.41653192882594947,0.33512326752122273,0.19918183108630672,0.0,0.6819471405106764,1.0
0.6863636363636364,0.4873501997336884,0.3607655301544078,0.24331009508966742,0.3607655301544078,0.49075508340821866,0.49634063231503167,0.01477101247127166,0.26279177047808133,0.6240978333987333,0.41115718637868903,0.4161276779341462,0.3607655301544078,0.18095109310762325,0.0,0.6864267582499626,1.0
0.6909090909090909,0.49201065246338227,0.37544724780982003,0.25664665982447715,0.37544724780982003,0.4979909493743442,0.5015259711398858,0.023561376808345358,0.2596809321882212,0.6289047171926679,0.39130877918534124,0.4155642438891002,0.37544724780982003,0.17575352409507872,0.0,0.6910556965805584,1.0
0.6954545454545454,0.49933422103861536,0.3893622902409346,0.283254410297266,0.3893622902409346,0.5081718049165745,0.5068298319950222,0.0,0.29267041441345043,0.6337308705644937,0.3859963800235031,0.4385748748098619,0.3893622902409346,0.19825144665663075,0.0,0.6955353143198446,1.0
0.7,0.5019973368841544,0.34654860788640157,0.23637478985462518,0.34654860788640157,0.5140614325797311,0.5122818453880118,0.1928603322168101,0.24902938586389922,0.6385640310555527,0.38099955155325194,0.4334430463655094,0.34654860788640157,0.17405690010586383,0.0,0.7001642526504405,1.0
0.7045454545454546,0.5099866844207723,0.3970078727949885,0.2895003235125716,0.3970078727949885,0.5239304799957285,0.5177931197961425,0.02782813736968137,0.29611819530466477,0.643418212904311,0.40464423239428954,0.43716539965719964,0.3970078727949885,0.20253584912126144,0.0,0.7047931909810362,1.0
0.7090909090909091,0.5159786950732357,0.3848956057432569,0.269304765750548,0.3848956057432569,0.5340266094655031,0.5230673501437078,0.15331109189821746,0.302966162981928,0.648288160771344,0.39460130970034574,0.42216883167127384,0.3848956057432569,0.2101217100155246,0.0,0.7089741675377034,1.0
0.7136363636363636,0.5146471371504662,0.3486733594812343,0.19656349885889282,0.3486733594812343,0.5339987562993057,0.52813416693828,1.0,0.17459299090744906,0.6531546050787603,0.3658881218540878,0.38926985129276837,0.3486733594812343,0.14165912868693553,0.11272727272727273,0.7136031058682992,0.9468921524996303
0.7181818181818181,0.5199733688415447,0.3525691301192468,0.2625546458108148,0.3525691301192468,0.5353000892472864,0.533378766778275,0.716431877746345,0.1961024303740011,0.6580350636246429,0.34655211095637656,0.3934141403266366,0.3525691301192468,0.14578592621777986,0.0,0.7180827236075854,0.9453601953601969
0.7227272727272728,0.525965379494008,0.36665831935568965,0.26898414137134324,0.36665831935568965,0.5385540537150324,0.5385048445879879,0.3494101180019129,0.23255978573750724,0.6629312881888001,0.34632211780001015,0.3834151968754095,0.36665831935568965,0.15531328134443712,0.0,0.7227116619381813,0.9473838918283373
0.7272727272727273,0.5306258322237016,0.37584420286561704,0.25567357693762555,0.37584420286561704,0.5414486226910549,0.543453139352277,0.2697639903890945,0.23743951377962347,0.6678397752116153,0.388891089506593,0.3969615556053426,0.37584420286561704,0.14907574784608002,0.0,0.7271912796774674,0.9473838918283373
0.7318181818181818,0.5379494007989347,0.3739580971870849,0.2817329912408168,0.3739580971870849,0.5477329330323,0.5484606951317081,0.16504249186851894,0.277996080441401,0.6727675318123216,0.4026974818622306,0.3915194629106635,0.3739580971870849,0.17176692528979487,0.0,0.7318202180080633,0.9497120382076147
0.7363636363636363,0.5406125166444742,0.3321366760241929,0.23582591029170677,0.3321366760241929,0.5501188728244232,0.5538238170019854,0.13840582621270414,0.24853403265710483,0.6777022955322611,0.3788104972688524,0.3680470365954113,0.3321366760241929,0.14877784663826787,0.0,0.736449156338659,0.9492630385487537
0.7409090909090909,0.5446071904127829,0.33632808848381807,0.24880626896490599,0.33632808848381807,0.551275496284591,0.5633055794245758,0.01477101247127166,0.19183943815261983,0.6826475699310502,0.3738686730208253,0.4047535595915791,0.33632808848381807,0.13967211777157473,0.0,0.7409287740779453,0.9468921524996303
0.7454545454545455,0.5525965379494009,0.35999364571800074,0.2876924041652731,0.35999364571800074,0.5570122576303816,0.5754244570209492,0.023561376808345358,0.1482354319303063,0.6876138656875389,0.3781494901934807,0.42240250496777093,0.35999364571800074,0.17058967065835517,0.0,0.7455577124085411,0.9468921524996303
0.75,0.5539280958721706,0.3138145938107236,0.2226888603295821,0.3138145938107236,0.5570113059700745,0.5851728940116747,0.0,0.04948843607379416,0.692583665003644,0.36868611359096104,0.3898660358132495,0.3138145938107236,0.1352961744057133,0.0,0.7500373301478274,0.9453601953601969
0.7545454545454545,0.5585885486018642,0.3280003135226445,0.25499376843316623,0.3280003135226445,0.5571453879254813,0.5934398056238706,0.1928603322168101,0.0,0.6975657267784072,0.3731369915669399,0.3893891216238522,0.3280003135226445,0.13402828108545606,0.0,0.7546662684784231,0.9453601953601969
0.759090909090909,0.5659121171770973,0.3212851442654766,0.28067001229289573,0.3212851442654766,0.5610880430199832,0.6014696731755016,0.02782813736968137,0.007716556954498799,0.7025670581310616,0.36809451782488584,0.3886444805821063,0.3212851442654766,0.16182223966859866,0.0,0.7592952068090189,0.9453601953601969
0.7636363636363637,0.5805592543275633,0.38348014740638087,0.35103943140073224,0.38348014740638087,0.5781565327156433,0.6094402797119922,0.15331109189821746,0.09330541915296564,0.707606928639498,0.46054871628374183,0.4695513060137092,0.38348014740638087,0.25969716397743525,0.0,0.7636255039569956,0.953421805880823
0.7681818181818182,0.6631158455392812,1.0,1.0,1.0,0.6997740753094319,0.6172923642181998,1.0,1.0,0.712864019844162,1.0,1.0,1.0,1.0,0.0,0.7682544422875914,0.9757156423823097
0.7727272727272727,0.6438082556591211,0.8164467610083161,0.03257506282870731,0.8164467610083161,0.7602276260529407,0.6249666656789834,0.716431877746345,0.6786828108183691,0.7180703094343858,0.813336303530526,0.8128820898662777,0.8164467610083161,0.6819722618941704,0.10909090909090909,0.7727340600268776,0.6532308461442304
0.7772727272727272,0.6211717709720372,0.6045220714088624,0.0,0.6045220714088624,0.7674413590444451,0.6332928383063201,0.3494101180019129,0.3144955664676239,0.7232170385111277,0.553770843358374,0.6512415070261389,0.6045220714088624,0.35811376352046054,0.22181818181818183,0.7773629983574735,0.3741258741258737
0.7818181818181819,0.6211717709720372,0.5688467260317651,0.20975413105290894,0.5688467260317651,0.7643473736783061,0.6422412515926397,0.2697639903890945,0.2135741976178558,0.7283637675878698,0.0,0.6188595001734405,0.5688467260317651,0.2773957913631975,0.33090909090909093,0.7818426160967596,0.35611510791366907
0.7863636363636364,0.6278295605858855,0.5614387964393388,0.2721604576345435,0.5614387964393388,0.7624735636153525,0.6511304038638184,0.16504249186851894,0.19881530656701685,0.7335280144626946,0.16952953931608583,0.6127919279175866,0.5614387964393388,0.267147563073177,0.44363636363636366,0.7864715544273555,0.35842293906810063
0.7909090909090909,0.6298268974700401,0.5556904190529055,0.2284125219107974,0.5556904190529055,0.7550945505661155,0.6594269459835849,0.13840582621270414,0.12869889277244795,0.7386975166769443,0.33358007479318696,0.5257284832241432,0.5556904190529055,0.20927623911549986,0.5563636363636364,0.7911004927579512,0.34909090909090956
0.7954545454545454,0.6318242343541944,0.5398798683987627,0.22839355370592346,0.5398798683987627,0.7434864356108066,0.6638418916116036,0.01477101247127166,0.10935991060737393,0.7438722742306187,0.34698091195294734,0.0,0.5398798683987627,0.1535911001741468,0.6654545454545454,0.7955801104972375,0.32958801498127377
0.7999999999999999,0.6378162450066578,0.5228354838639298,0.2656156099788258,0.5228354838639298,0.7342536662926311,0.6664197457702452,0.023561376808345358,0.153467645304751,0.7490627978025679,0.3422866793069793,0.16049282551163016,0.5228354838639298,0.14113797655759086,0.7781818181818182,0.8002090488278333,0.3419117647058818
0.8045454545454546,0.6557922769640478,0.6421181842602857,0.37682953646683404,0.6421181842602857,0.7436565145711304,0.671842128655664,0.0,0.31476646792665974,0.7543006194293406,0.4489532146870039,0.4238148842731444,0.6421181842602857,0.23710566102493758,0.8872727272727273,0.8046886665671196,0.38907849829351493
0.8090909090909091,0.6577896138482024,0.6212076082028315,0.22815043080175498,0.6212076082028315,0.7453269295562958,0.6790423419953184,0.1928603322168101,0.24518558147777014,0.7595436963955383,0.4487770703732755,0.43678704497020204,0.6212076082028315,0.171623191191852,1.0,0.8093176048977153,0.369718309859155
0.8136363636363636,0.666444740346205,0.6279821569179993,0.28939152622360353,0.6279821569179993,0.75018089816738,0.6866277519333905,0.02782813736968137,0.2736167740931741,0.7648095464992437,0.46596780290485307,0.44890847599694056,0.6279821569179993,0.173151195525044,0.0,0.8139465432283112,0.3932203389830504
0.8181818181818181,0.666444740346205,0.5186031488444018,0.20975413105290894,0.5186031488444018,0.7454347949633298,0.6947168805001633,0.15331109189821746,0.1737631743132546,0.7700753966029492,0.3457379357526221,0.43573936679349123,0.5186031488444018,0.09964013874834521,0.10181818181818182,0.8181275197849783,0.3784722222222219
0.8227272727272728,0.6764314247669776,0.0,0.30124604098147045,0.0,0.7471125005088872,0.7037541853091944,1.0,0.14516095768157555,0.7753675234037788,0.3982858655339734,0.4871064983804996,0.0,0.18926922741153263,0.0,0.8227564581155741,0.3869863013698631
0.8272727272727273,0.6884154460719043,0.21572454084705495,0.3189992874561891,0.21572454084705495,0.7565822146739581,0.7132952087469262,0.716431877746345,0.19832941827520045,0.7806911822411576,0.4195843830054773,0.5248194051601667,0.21572454084705495,0.27209893223949067,0.0,0.8272360758548604,0.37847222222222276
0.8318181818181818,0.6984021304926764,0.44584407887745475,0.3002525454146221,0.44584407887745475,0.7692706327484747,0.7225102966013812,0.3494101180019129,0.2355011401711984,0.7860411177756608,0.4850728387196894,0.4708906674404373,0.44584407887745475,0.3065133770433448,0.0,0.8318650141854561,0.0
0.8363636363636363,0.7057256990679095,0.496707924409683,0.2757936746830739,0.496707924409683,0.7806319244625288,0.7319920590239712,0.2697639903890945,0.22133309554727276,0.7914103228880549,0.466655429923002,0.504574855646963,0.496707924409683,0.3077481161785265,0.0,0.8363446319247424,0.39998028196786084
0.8409090909090909,0.7137150466045274,0.5039325103391712,0.28153871343340114,0.5039325103391712,0.7917500477943793,0.7417404960146972,0.16504249186851894,0.21372378698494288,0.7968005493581486,0.4396123431044544,0.4990269483900611,0.5039325103391712,0.3144915104481214,0.0,0.8409735702553381,1.0
0.8454545454545455,0.7256990679094542,0.5723824082511824,0.31701107531495265,0.5723824082511824,0.8081074106833541,0.7517259770659874,0.13840582621270414,0.24683881430340548,0.8022223078647913,0.45169817189794725,0.5750992201025454,0.5723824082511824,0.35246206379056133,0.0,0.8456025085859339,1.0
0.85,0.7390146471371506,0.6498911558919229,0.32823541538042905,0.6498911558919229,0.8302353349806278,0.7621559157308362,0.01477101247127166,0.2960165444736518,0.8076791019675996,0.48960254593385316,0.5942578828172898,0.6498911558919229,0.39373546622644184,0.0,0.8500821263252202,1.0
0.8545454545454545,0.745006657789614,0.6476421295562031,0.2627283874725423,0.6476421295562031,0.8464453440014341,0.7723191798275504,0.023561376808345358,0.2537240006904682,0.8131516620886826,0.47597213554666545,0.5542934496171779,0.6476421295562031,0.36242645368690063,0.0,0.8547110646558159,1.0
0.8590909090909091,0.7556591211717709,0.5909970293686353,0.3036592718963612,0.5909970293686353,0.8643166150156824,0.7822453998636993,0.0,0.2710858832999854,0.8186522506866982,0.46632557805319685,0.5567080302047972,0.5909970293686353,0.38329411271214653,0.0,0.8591906823951022,1.0
0.8636363636363636,0.770972037283622,0.6810941923811891,0.34405493081173716,0.6810941923811891,0.8897683181124243,0.7921419893922785,0.1928603322168101,0.33098759230177066,0.8241931302203044,0.4777398135662025,0.6051627281711943,0.6810941923811891,0.43841351331997913,0.0,0.863819620725698,1.0
0.8681818181818182,0.7723035952063912,0.6280438928226038,0.22134754158068648,0.6280438928226038,0.9014214540292759,0.8020682094284275,0.02782813736968137,0.24712043958507124,0.829737513313527,0.4477502886065061,0.5622913998281259,0.6280438928226038,0.3630621956238933,0.0,0.8684485590562938,1.0
0.8727272727272727,0.7849533954727033,0.7139122042391675,0.3198219339736011,0.7139122042391675,0.9178742461198623,0.8117277548964414,0.15331109189821746,0.2819776131718257,0.8353151802231071,0.45941137505384055,0.5642830566806364,0.7139122042391675,0.38757099200286405,0.0,0.872629535612961,1.0
0.8772727272727272,0.7922769640479359,0.6919301319390405,0.2730973365323425,0.6919301319390405,0.9304913452439845,0.8210317342736084,1.0,0.21814162397818038,0.8409121167105784,0.40828384581647603,0.5252323332326975,0.6919301319390405,0.36268807912959744,0.0,0.8772584739435567,1.0
0.8818181818181818,0.8009320905459387,0.6649440229065835,0.2843565485007605,0.6649440229065835,0.9418116399959883,0.830335713650775,0.716431877746345,0.23340781804439104,0.8465318263355573,0.4538121882005629,0.540558793986399,0.6649440229065835,0.3535421889588939,0.0,0.881738091682843,1.0
0.8863636363636364,0.8089214380825567,0.6478883428294337,0.27833883959287553,0.6478883428294337,0.9510608373258516,0.8396100625203713,0.3494101180019129,0.24608904628608386,0.8521725573182357,0.4238954321002328,0.5226346562074194,0.6478883428294337,0.33974406726517614,0.0,0.8863670300134388,1.0
0.8909090909090909,0.817576564580559,0.6541029752930256,0.2837773371851685,0.6541029752930256,0.9595080524147522,0.8484399537764087,0.2697639903890945,0.2550047998465601,0.8578360614384218,0.43159982361257176,0.4801164404063114,0.6541029752930256,0.33132129272623345,0.0,0.890846647752725,1.0
0.8954545454545454,0.8249001331557921,0.6467838443366205,0.2721372941356561,0.6467838443366205,0.9653785164943044,0.857151323002163,0.16504249186851894,0.2514131613071804,0.863518835136499,0.42278531500547456,0.5160640927604235,0.6467838443366205,0.31089705060096406,0.0,0.8954755860833208,1.0
0.9,0.8315579227696404,0.6073803017188595,0.26627379427634934,0.6073803017188595,0.9682371822897617,0.8659515837506302,0.13840582621270414,0.23499560986196855,0.8692191266326591,0.4140849797678604,0.4782621064953422,0.6073803017188595,0.28864599839844374,0.0,0.9001045244139166,1.0
0.9045454545454545,0.8422103861517978,0.5854543130028349,0.2999076836020638,0.5854543130028349,0.9742600580330079,0.8747222139915258,0.01477101247127166,0.2696268074826982,0.8749474466057517,0.4257058217053966,0.4971816898430452,0.5854543130028349,0.30623605650616526,0.0,0.9045841421532028,1.0
0.9090909090909091,0.8508655126498001,0.600901543964905,0.28264548388039523,0.600901543964905,0.9799151497055328,0.8834632137248508,0.023561376808345358,0.2744121798011676,0.880698539716352,0.433287701050734,0.4959732020990253,0.600901543964905,0.30287322533411043,0.0,0.9092130804837987,1.0
0.9136363636363636,0.8581890812250332,0.5757456869286666,0.27118720027207505,0.5757456869286666,0.9833654931905957,0.8922338439657473,0.0,0.26574004376984206,0.8864689024048436,0.4368359823411323,0.4909209727155195,0.5757456869286666,0.28976992806625645,0.0,0.9136926982230849,1.0
0.9181818181818182,0.866844207723036,0.5279501640230904,0.2821143993424921,0.5279501640230904,0.9869013024938034,0.9011526267444958,0.1928603322168101,0.25825642342990207,0.8922620382308427,0.42400635579498636,0.4897470044630774,0.5279501640230904,0.2943898019615965,0.0,0.9183216365536807,1.0
0.9227272727272727,0.8721704394141145,0.5533134017943215,0.254108479404123,0.5533134017943215,0.9858333961093281,0.9099825180005332,0.02782813736968137,0.23481826665013017,0.8980691882953081,0.40343069691429145,0.47701247299278715,0.5533134017943215,0.26504184703097167,0.0,0.9229505748842765,1.0
0.9272727272727272,0.882822902796272,0.5366711296790947,0.29824874945259244,0.5366711296790947,0.9885793709843106,0.9186938872262884,0.15331109189821746,0.2555233041835727,0.9039043668367063,0.42292441353370913,0.49958282717673463,0.5366711296790947,0.28655739352906906,0.0,0.9271315514409436,1.0
0.9318181818181818,0.8914780292942743,0.5430158050611178,0.2813106377313491,0.5430158050611178,0.9915039071281265,0.9271978428990495,1.0,0.21550031321408625,0.909762318515612,0.42234491845348343,0.48645680033236727,0.5430158050611178,0.2885370184101106,0.0,0.9317604897715395,1.0
0.9363636363636364,0.8981358189081226,0.5277439797826131,0.2645836129598592,0.5277439797826131,0.9917567844766756,0.9354943850188155,0.716431877746345,0.219219743977785,0.9156377879926005,0.4299084454357177,0.473709431082561,0.5277439797826131,0.27378978259021025,0.0,0.9362401075108256,1.0
0.9409090909090909,0.90878828229028,0.5423159349716118,0.297219742261898,0.5423159349716118,0.9954700584203487,0.943790927138582,0.3494101180019129,0.2715290743286829,0.9215412859465217,0.42916681270079754,0.49207559629975883,0.5423159349716118,0.2934839403961469,0.0,0.9408690458414215,1.0
0.9454545454545454,0.9181091877496672,0.5439732705082565,0.28592318223853974,0.5439732705082565,1.0,0.9522059912886311,0.2697639903890945,0.2916898743951819,0.9274693088177589,0.43249406901230014,0.49476492799290583,0.5439732705082565,0.30042947190775493,0.0,0.9453486635807077,1.0
0.95,0.9227696404793608,0.5250704621969342,0.24768109655166026,0.5250704621969342,0.9986356228809605,0.96065068594625,0.16504249186851894,0.26209776733900725,0.9334095941476541,0.420287300240333,0.49021878138383224,0.5250704621969342,0.2672307042797506,0.0,0.9499776019113035,1.0
0.9545454545454545,0.929427430093209,0.5231786098478641,0.26382366437548094,0.5231786098478641,0.9954469674366433,0.9689175975584459,0.13840582621270414,0.25182749746775457,0.9393673972756321,0.39623395915200393,0.4659364363894347,0.5231786098478641,0.2522704598748007,0.0,0.9546065402418993,1.0
0.9590909090909091,0.9354194407456724,0.49109409436345114,0.25827362789123803,0.49109409436345114,0.9899392956632536,0.976888204094936,0.01477101247127166,0.24290062488885056,0.9453409664218848,0.3763434239487895,0.4497023102256068,0.49109409436345114,0.23499336897297596,0.0,0.9590861579811856,1.0
0.9636363636363636,0.9440745672436748,0.48879095058483585,0.2796528770194423,0.48879095058483585,0.98638180181556,0.984740288601144,0.023561376808345358,0.2565341624232609,0.951337308705645,0.3993565420986452,0.460317941118352,0.48879095058483585,0.24166268468923136,0.0,0.9637150963117813,1.0
0.9681818181818181,0.9513981358189083,0.4868563356271824,0.2686746003040139,0.4868563356271824,0.9825406136011873,0.9925331120922107,0.0,0.25817922116938163,0.9573529205672965,0.4028512256942032,0.4402283243954748,0.4868563356271824,0.23641384931049103,0.0,0.9681947140510676,1.0
0.9727272727272727,0.9627163781624501,0.5010187041819503,0.30052135258599233,0.5010187041819503,0.9840773903013643,0.9999999999999998,0.1928603322168101,0.29369539356423147,0.9633983126856889,0.4333043105017331,0.4504926591976063,0.5010187041819503,0.26468352598274336,0.0,0.9728236523816634,1.0
0.9772727272727273,0.9660452729693745,0.48729675299035097,0.23631886410084268,0.48729675299035097,0.9786972424395242,,0.02782813736968137,,0.9694524637031227,0.40203278812607035,0.44248061594359916,0.48729675299035097,0.2235244727336685,0.0,0.9774525907122591,1.0
0.9818181818181818,0.9747003994673769,0.47228589350308664,0.27872251176641594,0.47228589350308664,0.9753677750550048,,0.15331109189821746,,0.975529387858064,0.40927100011373363,0.4529707785302183,0.47228589350308664,0.23113769468353595,0.0,0.9817828878602358,1.0
0.9863636363636363,0.9786950732356856,0.44165981407263283,0.24146640332102823,0.44165981407263283,0.9672003740636077,,1.0,,0.9816168226918551,0.36677992723313124,0.4411237790448775,0.44165981407263283,0.20118800258693526,0.0,0.9864118261908317,1.0
0.9909090909090909,0.9873501997336889,0.4522244626017217,0.27834541846180005,0.4522244626017217,0.961818179792681,,0.716431877746345,,0.9877270306631539,0.39702724825947205,0.4402040957721832,0.4522244626017217,0.2108050379621389,0.0,0.9908914439301179,1.0
0.9954545454545455,0.9946737683089215,0.4294913593993534,0.2675765984401006,0.4294913593993534,0.9568273103011161,,0.3494101180019129,,0.993856508212344,0.3890054840242509,0.4394313409771712,0.4294913593993534,0.21118962132881336,0.0,0.9955203822607137,1.0
0.9999999999999999,1.0,0.40325257701737377,0.2516746311950816,0.40325257701737377,0.9494216811252132,,0.2697639903890945,,1.0,0.39636283620517626,0.40511532605399286,0.40325257701737377,0.19711845428409802,0.0,0.9999999999999999,1.0
