created_at,value,Monthly_Percentage_Change,Annual_Percentage_Change,Rolling_3M_Average,Rolling_6M_Average,Rolling_12M_Average,MACD,RSI
2024-08-22 02:26:34.073385,1.0,,,,,,0.6341196071393573,
2024-08-22 02:26:34.196396,0.9887096774193549,0.5673815805476164,,,,,0.6297660343809512,
2024-08-22 02:26:34.269010,0.9209677419354838,0.4723141346249825,,1.0,,,0.6002832923674702,
2024-08-22 02:26:34.352255,0.9548387096774194,0.6454559910457306,,0.9835969537199768,,,0.5906305952734023,
2024-08-22 02:26:34.444536,0.9790322580645161,0.6277275170198054,,0.9800820152314004,,,0.5928926266120984,
2024-08-22 02:26:34.514074,0.9096774193548387,0.4689690563603626,,0.9759812536613944,0.9999999999999998,,0.5683913210114172,
2024-08-22 02:26:34.599738,0.9403225806451612,0.6401699781480918,,0.9707088459285295,0.988502175264139,,0.5617610220517444,
2024-08-22 02:26:34.692200,0.9241935483870967,0.5583729552982705,,0.9507908611599297,0.9760720944686139,,0.5511715529850265,
2024-08-22 02:26:34.791795,0.9161290322580644,0.5721828862607262,,0.9531341534856473,0.9751398384089496,,0.5407105425543742,
2024-08-22 02:26:34.899271,0.8999999999999999,0.5579813866003223,,0.9384885764499121,0.9645742697327531,,0.527359695320905,
2024-08-22 02:26:34.991307,0.9290322580645161,0.6376219000972456,,0.9402460456942004,0.9549409571162213,,0.5293111683750767,
2024-08-22 02:26:35.059198,0.7806451612903227,0.32809085088954704,,0.8910369068541303,0.9300807955251706,1.0,0.4748161135929144,
2024-08-22 02:26:35.121136,0.7209677419354839,0.47271940372242677,0.32448389286471324,0.8260105448154659,0.8878185208203853,0.970452604611443,0.41092424055677945,
2024-08-22 02:26:35.208692,0.6548387096774193,0.4555301616372055,0.28525873287367953,0.7264206209724665,0.8359229334990681,0.9350982066609737,0.3379105446282186,0.04773758301093173
2024-08-22 02:26:35.282797,0.6693548387096775,0.616246393947789,0.3354427335832236,0.6859988283538371,0.7883778744561836,0.9084543125533733,0.2896791345474847,0.07714743705632127
2024-08-22 02:26:35.359081,0.6193548387096774,0.48395703174949994,0.2796681168051196,0.6490919742237845,0.7343070229956494,0.8729291204099061,0.23653613236716003,0.05662147567240722
2024-08-22 02:26:35.463610,0.6774193548387097,0.7092134389187792,0.3064879232131542,0.6572934973637962,0.6858297078931013,0.840990606319385,0.2218205456645626,0.20221259711644857
2024-08-22 02:26:35.568354,0.6870967741935483,0.605944193769124,0.35530326735371587,0.6637375512595197,0.6678060907395895,0.8174210076857387,0.21872143843949043,0.15982029865856723
2024-08-22 02:26:35.652263,0.6838709677419357,0.5797313278726793,0.33400394932076904,0.6871704745166959,0.6606587942821627,0.7902647309991457,0.2197833673116641,0.11178857035291939
2024-08-22 02:26:35.722484,0.6693548387096775,0.5568431930162341,0.33346099335520374,0.6842413591095492,0.6634555624611558,0.7632792485055506,0.21973969268826365,0.15057511660700712
2024-08-22 02:26:35.805268,0.5129032258064516,0.26616636789088133,0.22540145139355855,0.6209724663151729,0.6333126165320075,0.7205807002561915,0.16409967325363795,0.0
2024-08-22 02:26:35.894039,0.5274193548387098,0.6194731051547483,0.24499678573494083,0.5641476274165201,0.615599751398384,0.681127241673783,0.13146086864678053,0.03450628406940276
2024-08-22 02:26:35.982784,0.5467741935483872,0.6300645532494638,0.24260274792975456,0.5196250732278852,0.5904288377874458,0.6406490179333904,0.11908072793371605,0.07386027209141571
2024-08-22 02:26:36.059152,0.6258064516129032,0.7625925247678825,0.3952984198816763,0.5606326889279439,0.5786202610316968,0.6242527754056364,0.1457255857346671,0.21031705677715284
2024-08-22 02:26:36.122826,0.6935483870967742,0.7290607139564811,0.49437020714411534,0.6209724663151729,0.5804847731510254,0.62134927412468,0.1982883669599778,0.26336237247688554
2024-08-22 02:26:36.201414,0.6564516129032258,0.5115800411685183,0.5180838265633432,0.6608084358523726,0.5779987569919205,0.6215200683176776,0.2301321747357742,0.35279314459268907
2024-08-22 02:26:36.288268,0.7370967741935484,0.7527008586721644,0.5738335034106192,0.7012302284710018,0.6211932877563704,0.6286934244235696,0.2907818206396149,0.5154673771558738
2024-08-22 02:26:36.371529,0.6935483870967742,0.5010666431308122,0.5814677859577924,0.7012302284710018,0.6532007458048479,0.6365499573014515,0.3254196787411506,0.5424376652371077
2024-08-22 02:26:36.462172,0.7564516129032259,0.7128714123105745,0.5829918530101162,0.7375512595196253,0.6935985083903045,0.6449188727583262,0.3803311693111257,0.5918198828506346
2024-08-22 02:26:36.553132,0.6838709677419357,0.4460341992022069,0.5140223954838508,0.7182190978324549,0.7047855811062773,0.6445772843723316,0.39825791489002904,0.565113625253364
2024-08-22 02:26:36.644340,0.614516129032258,0.44574081284042366,0.45879653802002407,0.6895137668424139,0.6895587321317587,0.6372331340734416,0.3882475929444626,0.4321803014074732
2024-08-22 02:26:36.708281,0.6064516129032258,0.5691166047809988,0.4636672060491143,0.6350322202694786,0.6799254195152269,0.6305721605465413,0.3800970135636071,0.4136318607109021
2024-08-22 02:26:36.796369,0.582258064516129,0.5345510957851493,0.582128647506978,0.598125366139426,0.6500932256059664,0.6379163108454315,0.36727699188634383,0.39482807245905194
2024-08-22 02:26:36.879534,0.49354838709677407,0.3933776394003182,0.4851093990865587,0.5541886350322202,0.6115599751398384,0.634329632792485,0.32606711374117464,0.33597388529474903
2024-08-22 02:26:36.971907,0.5516129032258066,0.7211128704342572,0.5211600753118039,0.5342706502636206,0.5720944686140459,0.6348420153714773,0.3196805446573008,0.5376217232527027
2024-08-22 02:26:37.046729,0.5919354838709678,0.675901416400107,0.4872801774430406,0.5377855887521968,0.5543816034804225,0.631255337318531,0.33380864771715196,0.5622026631881256
2024-08-22 02:26:37.144294,0.5225806451612904,0.43650301062145014,0.3748672913300043,0.5483304042179263,0.536668738346799,0.6131511528608029,0.32155664593099464,0.4744636601472376
2024-08-22 02:26:37.225968,0.4822580645161292,0.4946455298709812,0.3685262438661562,0.5231400117164616,0.5127408328154133,0.5947053800170794,0.29997099616317413,0.35499105968989986
2024-08-22 02:26:37.310979,0.44516129032258056,0.4993370983518717,0.28134004399302115,0.46983011130638574,0.486326911124922,0.5637916310845432,0.2725625274719501,0.2407617289136163
2024-08-22 02:26:37.408684,0.5806451612903225,0.9130917286011933,0.42304036759560837,0.4909197422378443,0.503107520198881,0.5518360375747224,0.30745183769129647,0.4282709094872661
2024-08-22 02:26:37.507124,0.6790322580645161,0.8004173030979767,0.45506460904152507,0.562390158172232,0.5276569297700435,0.5436379163108451,0.37644775386835194,0.4455294220029141
2024-08-22 02:26:37.589515,0.6403225806451613,0.5075719803477324,0.4803458217752007,0.6332747510251903,0.5369794903666871,0.5390264730999146,0.41851427955642834,0.4495705000293476
2024-08-22 02:26:37.695264,0.6596774193548387,0.6266455638782155,0.5562621017126519,0.6619800820152314,0.5633934120571784,0.5438087105038427,0.4613926920840132,0.4058059442455798
2024-08-22 02:26:37.799020,0.6338709677419354,0.5331064099870205,0.5408609336904224,0.6455770357352083,0.5926041019266626,0.5467122117847991,0.48700426437784416,0.4470872346538767
2024-08-22 02:26:37.950990,0.6080645161290323,0.5321541817835691,0.5398362987273725,0.6338605741066198,0.6239900559353637,0.5494449188727586,0.49879581572165244,0.4904131783175065
2024-08-22 02:26:38.015142,0.6387096774193548,0.6516666041468997,0.6556710350320734,0.6262448740480376,0.6351771286513359,0.5648163962425274,0.5213932024625313,0.5306033364345707
2024-08-22 02:26:38.107350,0.7048387096774194,0.7244158087041983,0.6571196894206562,0.6520210896309314,0.640149160969546,0.5810418445772842,0.5658818367211257,0.617028329175254
2024-08-22 02:26:38.196415,0.6870967741935483,0.5508064606386733,0.6013974319699908,0.6807264206209723,0.6491609695463019,0.5911187019641333,0.5946739140916171,0.7054313439237471
2024-08-22 02:26:38.296314,0.8677419354838709,0.9514464948844679,0.83991026637462,0.7639132981839486,0.6892479801118709,0.6276686592655847,0.6873384971693552,0.7867914598926126
2024-08-22 02:26:38.378688,0.7161290322580647,0.3128221713414142,0.7425529350393567,0.7680140597539545,0.705096333126165,0.6524338172502138,0.7008702081636353,0.5975145619902321
2024-08-22 02:26:38.456531,0.7387096774193549,0.6310314473759038,0.8085836233037913,0.7867603983596955,0.7302672467371036,0.6835183603757471,0.7194184309434964,0.680871459540866
2024-08-22 02:26:38.544267,0.7129032258064516,0.5358247456797692,0.6353691139523382,0.7305213825424722,0.7445618396519575,0.697523484201537,0.7230274245021076,0.6964488624162164
2024-08-22 02:26:38.606997,0.6483870967741936,0.45804158217049223,0.4910371093385895,0.705916813122437,0.7336855189558731,0.6942783945345861,0.699964230438674,0.6674452218244928
2024-08-22 02:26:38.698795,0.7354838709677418,0.7670131905224119,0.5985650843493242,0.7047451669595782,0.7430080795525171,0.7043552519214344,0.7147291144591635,0.6342699551991681
2024-08-22 02:26:38.796998,0.7532258064516129,0.620994358138669,0.5961154371637263,0.7193907439953137,0.72094468614046,0.7142613151152859,0.7322197452913554,0.5697624923165925
2024-08-22 02:26:38.872365,0.7403225806451614,0.5612733657886197,0.6086868282944299,0.75278265963679,0.7256059664387817,0.725533731853117,0.739829768969869,0.598339308624243
2024-08-22 02:26:38.937899,0.7129032258064516,0.5327288722009179,0.6089458411861702,0.7445811364967782,0.7206339341205714,0.73663535439795,0.7340144016114956,0.5505000681127854
2024-08-22 02:26:39.008479,0.6725806451612903,0.5061207313286267,0.5458775303822512,0.7152899824253077,0.7128651336233685,0.7402220324508966,0.7127713257608214,0.5352590906264624
2024-08-22 02:26:39.081798,0.6903225806451612,0.6224719227518776,0.5047569401059212,0.6971294669009959,0.7209446861404598,0.7386848847139196,0.7020729030039061,0.5788292722975139
2024-08-22 02:26:39.164267,0.7596774193548386,0.7261588258881173,0.5771866972467963,0.7141183362624489,0.7256059664387817,0.7463706233988046,0.7196599268343312,0.6114109540636813
2024-08-22 02:26:39.227360,0.7338709677419355,0.5364998875045492,0.41720050366167605,0.7363796133567663,0.7218769422001243,0.7321947053800173,0.7225130922030332,0.5261283807758848
2024-08-22 02:26:39.302703,0.7112903225806451,0.5419896225714175,0.5127553510245775,0.7439953134153486,0.7162834058421379,0.7316823228010247,0.715033999495732,0.5211698951250562
2024-08-22 02:26:39.369293,0.6870967741935483,0.538122403758005,0.4751412648557289,0.7176332747510253,0.7113113735239276,0.7262169086251071,0.6989231256574961,0.27321313069224984
2024-08-22 02:26:39.463066,0.6080645161290323,0.4264803379643103,0.4308390874793713,0.6719390743995312,0.6988812927284025,0.7151152860802732,0.6550871352102273,0.3451291187054284
2024-08-22 02:26:39.554281,0.5951612903225807,0.5587099276217774,0.47118080627566694,0.6297598125366141,0.680546923555003,0.7094790777113578,0.6155282403373827,0.29145777584054744
2024-08-22 02:26:39.613078,0.7419354838709677,0.9024352951639985,0.5219172303165022,0.649677797305214,0.6771286513362333,0.7101622544833477,0.6413431174706682,0.5311503012111586
2024-08-22 02:26:39.702931,0.75,0.6019785349626571,0.514136357787632,0.7012302284710018,0.6802361715351148,0.7098206660973527,0.6645958241793783,0.6271082733118695
2024-08-22 02:26:39.770788,0.6306451612903226,0.3547154217552074,0.4284682805452433,0.7141183362624489,0.6646985705407082,0.6982066609735265,0.6364429660232119,0.3702689059472447
2024-08-22 02:26:39.848877,0.4338709677419357,0.1728259247179273,0.28816086796659446,0.6022261277094317,0.6159105034182724,0.6686592655849704,0.5384828526085441,0.19660915056254974
2024-08-22 02:26:39.915689,0.39032258064516134,0.4802409361727654,0.2792157463446102,0.4715875805506736,0.5739589807333747,0.6387702818104182,0.4460310014779825,0.17986657359506691
2024-08-22 02:26:39.979284,0.5096774193548386,0.8873758567912167,0.3665154457322317,0.427650849443468,0.5574891236793036,0.6196413321947054,0.4217641583192654,0.33128136748337855
2024-08-22 02:26:40.056113,0.6693548387096775,0.9525733403984998,0.4449384732673229,0.5131810193321619,0.5435052827843381,0.6100768573868487,0.46674363706093913,0.4949540937328838
2024-08-22 02:26:40.115005,0.6645161290322581,0.5763530709622471,0.46067645917484434,0.6127709431751612,0.527035425730267,0.6027327070879589,0.502025570974377,0.47838187438984714
2024-08-22 02:26:40.186888,0.5919354838709678,0.43727054624033335,0.4188453453089297,0.642647920328061,0.5195773772529517,0.5900939368061486,0.503186203484332,0.37477987185478734
2024-08-22 02:26:40.252492,0.6274193548387097,0.6628687394144204,0.4669851494901678,0.6274165202108964,0.5568676196395277,0.5837745516652433,0.5192703067502731,0.42026240091919675
2024-08-22 02:26:40.316925,0.603225806451613,0.5353071364606174,0.5124532102778715,0.6051552431165789,0.5978868862647608,0.5832621690862512,0.5238515516118205,0.4192158252928109
2024-08-22 02:26:40.393391,0.4693548387096773,0.29951608243673755,0.4050085710520005,0.5606326889279439,0.5901180857675572,0.5699402220324508,0.4770765279010354,0.354897403533997
2024-08-22 02:26:40.470992,0.5629032258064517,0.8076477071403377,0.3728182629124568,0.5371997656707675,0.569608452454941,0.5509820666097354,0.47829155427101744,0.46812141173292554
2024-08-22 02:26:40.557464,0.5596774193548388,0.5791398772938782,0.36453656541812296,0.5213825424721735,0.5494095711622127,0.5308283518360377,0.47977543834351516,0.4741804666690771
2024-08-22 02:26:40.627475,0.5161290322580645,0.4900035257981666,0.4175436267572211,0.5383714118336264,0.5348042262274704,0.5187019641332196,0.46590458141816904,0.3358926686403213
2024-08-22 02:26:40.705034,0.5709677419354839,0.711446060351268,0.6542655653334168,0.5413005272407733,0.5239279055313859,0.5332194705380016,0.47810000609774805,0.3747420394092492
2024-08-22 02:26:40.800397,0.7032258064516128,0.8761687900403445,0.8420840933022493,0.5934387814879908,0.5431945307644499,0.5663535439795049,0.5404318223247729,0.5463955721033495
2024-08-22 02:26:40.866925,0.6790322580645161,0.5378652977599588,0.6768443917523203,0.6526069127123612,0.5835922933499067,0.5842869342442358,0.5810058734598252,0.6934494979392236
2024-08-22 02:26:40.960326,0.6725806451612903,0.5731392022181091,0.5194303936024687,0.6895137668424135,0.6047234307022995,0.5846285226302306,0.6109121888139978,0.732358090490775
2024-08-22 02:26:41.023491,0.7564516129032259,0.7574710429834641,0.5944896841659012,0.7088459285295842,0.6426351771286509,0.5943637916310849,0.6669483608759927,0.71116393673036
2024-08-22 02:26:41.103000,0.6661290322580644,0.41175857872910104,0.5827375417979045,0.7041593438781489,0.6715351149782471,0.6022203245089668,0.6756486457662982,0.4942510469255261
2024-08-22 02:26:41.185511,0.6193548387096774,0.4903471192682037,0.5097109628766198,0.6848271821909785,0.680857675574891,0.6013663535439795,0.6639556128906231,0.45687772265873094
2024-08-22 02:26:41.276276,0.5983870967741935,0.5418501382520241,0.5124385980541841,0.6274165202108962,0.6606587942821627,0.6008539709649874,0.646369186784267,0.5034366106759016
2024-08-22 02:26:41.360030,0.6177419354838709,0.6278513226031716,0.6614527723614325,0.6098418277680143,0.6488502175264139,0.6165670367207516,0.6399143190486608,0.4878742665224578
2024-08-22 02:26:41.451887,0.5693548387096774,0.48366927511548485,0.5225734707945647,0.5916813122437022,0.6289620882535736,0.6172502134927411,0.6161328809247202,0.4653338405528079
2024-08-22 02:26:41.514429,0.6516129032258065,0.7667777332553418,0.6004585908878608,0.6110134739308729,0.6087632069608448,0.6269854824935952,0.6294245642351218,0.6810659145966662
2024-08-22 02:26:41.594108,0.5387096774193549,0.35245182834090205,0.5379573063023784,0.582308142940832,0.5842137973896833,0.6293766011955595,0.5963560534088287,0.47350665599687813
2024-08-22 02:26:41.692940,0.5387096774193549,0.5862526465921841,0.48756571500055185,0.5711775043936734,0.5686761963952764,0.6259607173356108,0.5708780298694885,0.4765907479404662
2024-08-22 02:26:41.765261,0.4983870967741937,0.4957439365462954,0.3478557142003057,0.5155243116578795,0.5494095711622125,0.6042698548249359,0.5360888430136929,0.4797009209998562
2024-08-22 02:26:41.859585,0.4209677419354838,0.40710581442620053,0.3005154694933523,0.47275922671353265,0.5114978247358606,0.576942783945346,0.4800964469471418,0.35287021068220625
2024-08-22 02:26:41.938696,0.41129032258064524,0.5624468339735442,0.2968581943044779,0.4264792032806094,0.4810441267868242,0.5492741246797608,0.4342513764660947,0.16424231243578508
2024-08-22 02:26:42.005731,0.45806451612903243,0.7022284697005217,0.2791177094027042,0.4118336262448742,0.44375388440024865,0.5176771989752349,0.4186468045860189,0.25350770467640404
2024-08-22 02:26:42.090084,0.3354838709677419,0.29355856100296945,0.23728353158785975,0.3807850029291152,0.4045991298943441,0.48266438941075984,0.36160916954291744,0.1792661599273484
2024-08-22 02:26:42.179802,0.314516129032258,0.5308122265742452,0.2506411828328612,0.34563561804335075,0.3614045991298942,0.4503842869342445,0.31194188924097327,0.04485714190979295
2024-08-22 02:26:42.268382,0.20322580645161303,0.28648779892020093,0.16665808135999055,0.25307557117750445,0.3045369794903663,0.40853970964987196,0.23378653021943013,0.036471387785173226
2024-08-22 02:26:42.354320,0.15806451612903227,0.4512009279345744,0.11504061862677095,0.18863503222026956,0.25388440024860137,0.3598633646456022,0.15970160835035097,0.03709997622855726
2024-08-22 02:26:42.424117,0.10322580645161294,0.41458274812655094,0.09507816477916903,0.11189220855301685,0.19453076444996875,0.3105038428693423,0.08591841423935964,0.024437311679656293
2024-08-22 02:26:42.506361,0.1806451612903226,0.8432203544331074,0.1147350478869047,0.10369068541300519,0.1410814170292105,0.2606319385140905,0.06421144581085658,0.10839889486546384
2024-08-22 02:26:42.584415,0.20967741935483875,0.6750576632725027,0.21230722621789516,0.12243702401874612,0.11684275947793643,0.22578992314261304,0.06489414299438967,0.16982314911058566
2024-08-22 02:26:42.676236,0.32741935483870965,0.9361162202438535,0.32123575498394463,0.20386643233743407,0.11932877563704136,0.2034158838599487,0.11731746406195365,0.21422129789037847
2024-08-22 02:26:42.768360,0.12258064516129041,0.04079025395261504,0.1582902444300881,0.1827768014059753,0.10379117464263499,0.16362083689154572,0.08529310110295985,0.1688145146003917
2024-08-22 02:26:42.852060,0.0854838709677419,0.4656875024185566,0.1765656961052542,0.13766842413591085,0.08980733374766925,0.12809564474807855,0.052152625154381016,0.15286810780990523
2024-08-22 02:26:42.963440,0.16290322580645167,0.8483318278259644,0.26287109231515754,0.07791446983011119,0.10130515848353006,0.10179333902647314,0.06267303749796871,0.25150585746827214
2024-08-22 02:26:43.048113,0.1806451612903226,0.6415156686195373,0.2436885091067446,0.09900410076157018,0.10130515848353006,0.07241673783091374,0.08426906604154694,0.31041962692593394
2024-08-22 02:26:43.128311,0.1016129032258064,0.3445056567402046,0.26183973691868656,0.104862331575864,0.0804847731510252,0.0476515798462851,0.0769801251483021,0.27251939979924367
2024-08-22 02:26:43.209940,0.11774193548387091,0.6398826744275458,0.298256311929189,0.08845928529584068,0.040087010565568626,0.026814688300597744,0.08383797401206283,0.2427914543727996
2024-08-22 02:26:43.296192,0.24354838709677407,0.9972664410707285,0.5664095646640354,0.11130638547158755,0.06339341205717819,0.031084543125533548,0.14399318759364543,0.4287565029089886
2024-08-22 02:26:43.395013,0.3016129032258066,0.7532224475395125,0.7019241698523092,0.1839484475688341,0.10503418272218745,0.04628522630230569,0.21909862970477645,0.4880090264371326
2024-08-22 02:26:44.178158,0.3354838709677419,0.6785478167664893,0.8344475496511528,0.26303456356180444,0.13828464885021763,0.07087959009393674,0.2957322268697374,0.5999583713163641
2024-08-22 02:26:44.289018,0.25806451612903225,0.3815495572951779,0.6143158174737428,0.26830697129466896,0.15320074580484744,0.07907771135781361,0.3297759905475849,0.5724287702932348
2024-08-22 02:26:44.451686,0.2532258064516131,0.5725282349234077,0.570044715406123,0.25073227885178684,0.1824114356743316,0.0836891545687446,0.35805094139407395,0.6158911859388565
2024-08-22 02:26:44.572988,0.37903225806451624,0.9447167321876264,0.5733575729336345,0.26654950205038064,0.23275326289620857,0.08915456874466265,0.4318610016301361,0.6465966632871569
2024-08-22 02:26:44.676972,0.33225806451612905,0.46712101877341594,0.7975804599731505,0.29349736379613345,0.24984462399005558,0.11135781383432963,0.4739581077761936,0.5879431896067062
2024-08-22 02:26:44.777336,0.2806451612903227,0.4493973234361125,0.7890086242969339,0.30345635618043343,0.24580484773151,0.13202391118701984,0.4888633263724116,0.46030448518319556
2024-08-22 02:26:44.868328,0.36290322580645173,0.8147213393572774,0.7734730017906284,0.2975981253661396,0.25108763206960827,0.15320239111870215,0.533915433660741,0.7152413137194797
2024-08-22 02:26:44.992251,0.3935483870967742,0.6653809786963029,0.7851255813566862,0.31985940246045697,0.27719080174021116,0.17574722459436387,0.5821714369628362,0.7788562353322773
2024-08-22 02:26:45.067429,0.38064516129032255,0.5537862964079812,0.8991143352293426,0.35618043350908024,0.3017402113113734,0.20529461998292042,0.6155953371727951,0.7131321998620826
2024-08-22 02:26:45.166942,0.38064516129032255,0.5862526465921841,0.8707220972890508,0.3626244874048036,0.3020509633312616,0.23313407344150305,0.6419932563682514,0.700265309409468
2024-08-22 02:26:45.264571,0.35806451612903234,0.5288189673261086,0.6524359688603907,0.3497363796133567,0.30702299564947144,0.24526046114432098,0.6538785130788889,0.7788907594106761
2024-08-22 02:26:45.762049,0.38064516129032255,0.6447999983094022,0.6054716437979573,0.3497363796133567,0.32628962088253544,0.25362937660119544,0.671672296691619,0.7832958716098523
2024-08-22 02:26:45.921781,0.4193548387096775,0.684710382476886,0.6081120730227886,0.3637961335676626,0.3371659415786199,0.26251067463706246,0.7001118795421911,0.7159397196943345
2024-08-22 02:26:46.020344,0.2870967741935484,0.26047845382280355,0.5506503600264642,0.3380199179847686,0.31665630826600344,0.26558497011101645,0.6706425601395151,0.48119771147929913
2024-08-22 02:26:46.102531,0.30483870967741944,0.6352394847019768,0.5773237485832424,0.3104862331575865,0.3020509633312616,0.2710503842869343,0.6539791746637511,0.46249689096131874
2024-08-22 02:26:46.189889,0.29354838709677433,0.555576893370245,0.42697286361729037,0.26479203280609254,0.2852703542573023,0.2619982920580699,0.6363439230565339,0.5420128719673138
2024-08-22 02:26:46.303392,0.2854838709677421,0.5641164987393187,0.4655917353231351,0.264206209724663,0.27128651336233656,0.2570452604611444,0.6193920873298037,0.5377295668733427
2024-08-22 02:26:46.367373,0.34838709677419355,0.7601897989084361,0.5942588846227146,0.28002343292325726,0.26507147296457445,0.2642186165670366,0.6305341891900139,0.4543962258347052
2024-08-22 02:26:46.454794,0.39516129032258074,0.7085455885569814,0.5510404763703078,0.31693028705330983,0.2604101926662523,0.26763450042698556,0.6573408456374312,0.5853296485357139
2024-08-22 02:26:46.550860,0.39032258064516134,0.5740941073956843,0.5133648855936164,0.35500878734622143,0.28029832193909265,0.2672929120409906,0.6762127654049238,0.6653445179641075
2024-08-22 02:26:46.618965,0.44354838709677424,0.7205373214106716,0.5826536815055344,0.3895723491505564,0.3070229956494719,0.27395388556789046,0.7110427492802218,0.628582200407371
2024-08-22 02:26:46.744412,0.282258064516129,0.19665644438175262,0.4135679292145774,0.3485647334504979,0.3048477315102547,0.2635354397950469,0.6752606846322549,0.355874973653739
2024-08-22 02:26:46.806173,0.3193548387096774,0.6891349029536791,0.4753427764989382,0.3227885178676041,0.3113735239279054,0.2594363791631087,0.6610620555160464,0.4224506341070977
2024-08-22 02:26:46.895305,0.39193548387096766,0.7809112075103617,0.5285462407724282,0.30404217926186317,0.3197638284648847,0.2606319385140905,0.6776179904431026,0.5096280080334751
2024-08-22 02:26:46.986092,0.346774193548387,0.4724674839008469,0.44302444711368616,0.32747510251903933,0.31044126786824067,0.25294619982920574,0.672679165425789,0.48533838130448514
2024-08-22 02:26:47.080470,0.22096774193548385,0.2568667665415468,0.4414546088918264,0.29173989455184535,0.2778123057799873,0.24594363791631113,0.6198590511522868,0.34961742888849956
2024-08-22 02:26:47.162791,0.09354838709677415,0.2117938164456586,0.28009816419500866,0.1833626244874048,0.2103791174642633,0.22356959863364634,0.5295051059236741,0.22546759573972852
2024-08-22 02:26:47.246868,0.15322580645161288,0.7864618060614337,0.3579580549640471,0.11306385471587566,0.1855189558732131,0.20871050384286938,0.4829189076666056,0.37587809047121823
2024-08-22 02:26:47.326971,0.17419354838709677,0.6522220875547066,0.3898734457288415,0.09607498535442283,0.1575512740832814,0.19692570452604619,0.45622804093359237,0.3792602234515673
2024-08-22 02:26:47.418351,0.22096774193548385,0.7302686769323067,0.37940127189410877,0.1423550087873463,0.12461155997513962,0.18343296327924863,0.4553798775231443,0.4343835833694738
2024-08-22 02:26:47.500764,0.32096774193548394,0.8801317284793306,0.4398704095273278,0.20328060925600455,0.11963952765692976,0.17557643040136628,0.4953124978864246,0.5251102401939285
2024-08-22 02:26:47.600259,0.403225806451613,0.806550069945078,0.5301277166766049,0.2864674868189808,0.1547545059042883,0.1769427839453459,0.559899473550497,0.5394400374138228
2024-08-22 02:26:47.674034,0.40806451612903216,0.5983301288607075,0.4813833155172846,0.3544229642647919,0.2153511497824736,0.1731853116994022,0.6132134352958905,0.5076478446091826
2024-08-22 02:26:47.755157,0.42258064516129035,0.6223407410200428,0.6771087401964248,0.3913298183948447,0.2672467371037912,0.18804440649017917,0.6608193309065149,0.5229239172600433
2024-08-22 02:26:47.867142,0.4258064516129034,0.5941775037237613,0.6343822940330571,0.3995313415348566,0.31572405220633915,0.19931682322801048,0.6990570048427672,0.4824066576357725
2024-08-22 02:26:47.954927,0.4725806451612904,0.7008622623602395,0.6004566134055633,0.422964264792033,0.3642013673088875,0.20785653287788208,0.7463114990631209,0.6801527582914114
2024-08-22 02:26:48.067776,0.37419354838709684,0.35399337219750393,0.5462990623451304,0.40538957234915063,0.3744561839651954,0.2107600341588387,0.7441174339715783,0.546171508089798
2024-08-22 02:26:48.175032,0.35967741935483866,0.5491292379799194,0.6847236098076405,0.38137082601054495,0.3660658794282161,0.2254483347566183,0.735547449927488,0.46642072383785926
2024-08-22 02:26:48.255818,0.39193548387096766,0.6697760371075598,0.9293037153869123,0.3520796719390743,0.36295835922933484,0.2570452604611444,0.7401159814216155,0.5412199413172957
2024-08-22 02:26:48.329386,0.45645161290322567,0.7488028790083804,0.9099212863976933,0.381956649091974,0.36948415164698534,0.2891545687446626,0.7673649379435186,0.7459661255788815
2024-08-22 02:26:48.414551,0.5258064516129031,0.7520673776095866,0.9629186391577758,0.4422964264792032,0.3887507768800498,0.32638770281810414,0.8139387457110296,0.9940428867066945
2024-08-22 02:26:48.495782,0.5274193548387098,0.5899080589010596,0.887902570927876,0.4915055653192736,0.39931634555624607,0.35883859948761754,0.849000914254233,0.9689301081100622
2024-08-22 02:26:48.574189,0.36935483870967745,0.22845540889106836,0.5701210165181315,0.45987111892208576,0.3983840894965818,0.36396242527754064,0.8130724657816214,0.6975216011647527
2024-08-22 02:26:48.662186,0.3838709677419354,0.6235288264333052,0.496798699922278,0.408318687756298,0.4030453697949037,0.36191289496157153,0.7884814983384154,0.6720744616815881
2024-08-22 02:26:48.744469,0.44516129032258056,0.7417215917832031,0.5547219727041104,0.3784417106033978,0.4133001864512118,0.36584116140051215,0.7910896416716995,0.6382846038303354
2024-08-22 02:26:48.812638,0.46129032258064506,0.625162061117066,0.5559061794305317,0.4118336262448742,0.4142324425108763,0.3699402220324508,0.7975636161656637,0.5704740210434971
2024-08-22 02:26:48.889404,0.4258064516129034,0.5017410022195655,0.5167102381120611,0.42706502636203847,0.3949658172778121,0.3699402220324508,0.7870905513743459,0.5185638799443717
2024-08-22 02:26:48.971552,0.5564516129032258,0.9063691595995116,0.5983149028242869,0.4674868189806679,0.40055935363579853,0.3788215200683176,0.8275189563122306,0.6328584712246774
2024-08-22 02:26:49.058536,0.5499999999999998,0.5719597681678958,0.7020208308960735,0.49970708845928546,0.4353635798632691,0.3974380871050385,0.8545018954965152,0.6225172650685177
2024-08-22 02:26:49.128397,0.5661290322580645,0.6221547936448695,0.7370315458828283,0.5506736965436437,0.47047855811062744,0.41929974380871027,0.8793502854996701,0.5956350625073873
2024-08-22 02:26:49.203298,0.5177419354838708,0.47981185104115565,0.6473545835699245,0.536613942589338,0.4844623990055934,0.4326216908625107,0.8773655767556596,0.6594726710290557
2024-08-22 02:26:49.268759,0.44354838709677424,0.4170796306506266,0.5039953350534513,0.49794961921499714,0.48104412678682396,0.4312553373185313,0.8444293792633099,0.5842908114926177
2024-08-22 02:26:49.349379,0.37419354838709684,0.41872627964169873,0.3750876147888462,0.4282366725248977,0.4711000621504038,0.41520068317677183,0.7894845980525355,0.47977497273936554
2024-08-22 02:26:49.450146,0.4048387096774193,0.6646242869958535,0.40234529687691023,0.387229056824839,0.4418893722809196,0.4022203245089666,0.7564829916827771,0.4439840054512969
2024-08-22 02:26:49.530483,0.5241935483870968,0.8837671898247845,0.6805912108674772,0.4165202108963094,0.43691733996270954,0.41861656703672057,0.7752560611975685,0.4957289237936444
2024-08-22 02:26:49.608945,0.5032258064516129,0.5386746861404254,0.6414946068488453,0.4633860574106622,0.42479801118707283,0.4312553373185313,0.7802707073537495,0.4744636601472376
2024-08-22 02:26:49.715485,0.5096774193548386,0.6011263932282963,0.5808582348574963,0.5014645577035736,0.423244251087632,0.4380871050384283,0.7850217774381807,0.6605488664714175
2024-08-22 02:26:49.804928,0.4838709677419355,0.5270493021386383,0.5388763906770232,0.48681898066783835,0.43101305158483516,0.4404782237403926,0.7770734194947351,0.6116484778254877
2024-08-22 02:26:49.892446,0.5499999999999998,0.74099538815764,0.6421346851517611,0.503807850029291,0.46488502175264124,0.4536293766011954,0.7947164678378945,0.6163111397217085
2024-08-22 02:26:49.970668,0.5145161290322582,0.5072679230762764,0.4784188185163245,0.5055653192735795,0.48601615910503426,0.4491887275832622,0.7930265480660623,0.5560090605718371
2024-08-22 02:26:50.061563,0.5241935483870968,0.6083725774869155,0.49303421172706335,0.5202108963093145,0.48601615910503426,0.4464560204953032,0.7936232653320286,0.6100790569916332
2024-08-22 02:26:50.149084,0.5129032258064516,0.5606337448104677,0.46845225043118266,0.5067369654364385,0.48788067122436285,0.44081981212638777,0.7879195005946187,0.4363364433931869
2024-08-22 02:26:50.212410,0.5241935483870968,0.6120907810297345,0.5227734348811791,0.5102519039250147,0.4906774394033562,0.44150298889837747,0.7860516064681004,0.4614892321042663
2024-08-22 02:26:50.288110,0.5580645161290321,0.6631093519373327,0.6307198519406577,0.5225541886350323,0.5049720323182099,0.4536293766011956,0.7959174561333255,0.4864536333490912
2024-08-22 02:26:50.371698,0.5951612903225807,0.6683395532635907,0.7496235519782055,0.5524311657879323,0.5136730888750773,0.47702818104184463,0.8161078565046502,0.6034290357632884
2024-08-22 02:26:50.436009,0.6258064516129032,0.6522688039862988,0.7437309381786624,0.5893380199179848,0.5351149782473585,0.5004269854824936,0.8416694464348018,0.7685791076744543
2024-08-22 02:26:50.503474,0.7032258064516128,0.7494618664370943,0.6841481728897825,0.6420620972466317,0.569608452454941,0.5193851409052093,0.8891841631417206,0.9793997450916586
2024-08-22 02:26:50.601145,0.7758064516129031,0.7314146930888594,0.7757196249711544,0.7076742823667254,0.6202610316967059,0.5482493595217759,0.9514913279002792,1.0
2024-08-22 02:26:50.716300,0.7322580645161292,0.5031507043775743,0.7271722686106875,0.746338605741066,0.6603480422622745,0.5718189581554227,0.9798983588109442,0.8235647552078179
2024-08-22 02:26:50.796860,0.6935483870967742,0.5102936386140493,0.7189367978520456,0.7428236672524898,0.6864512119328774,0.5940222032450897,0.9832875458436716,0.7851524026467079
2024-08-22 02:26:50.889704,0.7403225806451614,0.680405062126372,0.6913209327014194,0.7299355594610429,0.7144188937228089,0.6141759180187873,1.0,0.8201068202754535
2024-08-22 02:26:50.964544,0.6564516129032258,0.42253286610125185,0.6504263065416178,0.7024018746338608,0.7203231821006837,0.6292058070025619,0.9765833997820106,0.7153990250417441
2024-08-22 02:26:51.056282,0.7435483870967741,0.7660167156385627,0.7218594194613412,0.7205623901581727,0.7280919825978869,0.6524338172502133,0.9879190434324822,0.7336173934266189
2024-08-22 02:26:51.124655,0.6951612903225806,0.4919955008961119,0.6886237325684705,0.7041593438781489,0.7125543816034801,0.6717335610589241,0.9741101743502414,0.713360606201478
2024-08-22 02:26:51.208620,0.6758064516129034,0.547334873439048,0.6585045252211226,0.7111892208553018,0.7016780609073958,0.6877882152006829,0.9519534558628062,0.6759008187700625
2024-08-22 02:26:51.291084,0.6000000000000001,0.43183434772912666,0.5549563959825075,0.6590509666080845,0.6836544437538843,0.6922288642186167,0.9017410339466498,0.5905249284161507
2024-08-22 02:26:51.391769,0.6451612903225807,0.6832049125092293,0.5611044904051619,0.6408904510837728,0.6653200745804846,0.697523484201537,0.8767652915495856,0.6208590244500735
2024-08-22 02:26:51.460208,0.6661290322580644,0.6298657770062964,0.5517460246227999,0.6373755125951964,0.6671845866998136,0.701793339026473,0.8625174157737494,0.6096362736842763
2024-08-22 02:26:51.689700,0.6870967741935483,0.6292447795305204,0.5034146063079858,0.6690099589923842,0.6563082660037289,0.7000853970964986,0.8568369326587144,0.595035245902244
2024-08-22 02:26:51.808298,0.6774193548387097,0.5666886904336692,0.4393272214468745,0.6807264206209723,0.6528899937849595,0.6896669513236551,0.8461166887270147,0.5538305186464767
2024-08-22 02:26:51.905590,0.6725806451612903,0.5764068730037142,0.4684445860534935,0.6830697129466904,0.6522684897451831,0.6833475661827497,0.8334358991594207,0.4597717224360973
2024-08-22 02:26:51.990121,0.6612903225806452,0.5632040163087425,0.4899474179645032,0.6736965436438197,0.6640770665009319,0.679931682322801,0.8168758241241799,0.34165345356392207
2024-08-22 02:26:52.078955,0.6290322580645162,0.5198928539079897,0.4271706046986726,0.6561218512009374,0.6609695463020506,0.6681468830059776,0.7893799351203445,0.3540923010171301
2024-08-22 02:26:52.157006,0.7209677419354839,0.7796280649365195,0.5715931989438777,0.6736965436438199,0.6715351149782471,0.674978650725875,0.8015187445064191,0.531941329417829
2024-08-22 02:26:52.244354,0.7016129032258065,0.5479924070931661,0.48304088373287535,0.6883421206795551,0.6743318831572405,0.6705380017079419,0.8016582576376802,0.4460167928798482
2024-08-22 02:26:52.315116,0.6451612903225807,0.4732280799081417,0.47527242367306566,0.6942003514938492,0.6681168427594777,0.6652433817250216,0.7780904266351172,0.48157968175001753
2024-08-22 02:26:52.397923,0.6419354838709677,0.5795429342207822,0.4882729216005372,0.665495020503808,0.6622125543816033,0.6616567036720751,0.7567410307449195,0.3301164071910986
2024-08-22 02:26:52.505674,0.6645161290322581,0.6333252389527991,0.5737960700781822,0.6520210896309314,0.6628340584213797,0.6684884713919725,0.7473240464491212,0.4438725422001033
2024-08-22 02:26:52.578682,0.6000000000000001,0.45382411294609437,0.477993358298594,0.6356180433509079,0.6572405220633932,0.6637062339880446,0.7137784296000728,0.37761174678410814
2024-08-22 02:26:52.671773,0.7064516129032257,0.8147829876823625,0.5507866657369636,0.6590509666080845,0.6544437538844001,0.6679760888129804,0.727636430030647,0.655239866483775
2024-08-22 02:26:52.775046,0.7774193548387098,0.7278862339629275,0.5919698317019542,0.700058582308143,0.6690490988191422,0.6775405636208371,0.7647934334774228,0.6840736849121182
2024-08-22 02:26:52.874972,0.782258064516129,0.595476792927614,0.6046348293033587,0.7662565905096662,0.6954630205096333,0.6886421861656704,0.7942817023468479,0.666388345969268
2024-08-22 02:26:52.942915,0.7467741935483871,0.5188149283415461,0.5791373616623625,0.7809021675454014,0.7156619018023616,0.6964987190435525,0.8018771805997664,0.581824086536114
2024-08-22 02:26:53.029690,0.7564516129032259,0.6050649242690118,0.5973957294030777,0.7732864674868193,0.7333747669359849,0.7065755764304011,0.8096479204488425,0.6092411278559418
2024-08-22 02:26:53.118488,0.7580645161290323,0.589368612089739,0.628572812211966,0.7644991212653783,0.7638284648850213,0.7202391118701963,0.814357723246973,0.6191162627994053
2024-08-22 02:26:53.184427,0.7596774193548386,0.5893653997541747,0.5482491053609255,0.7691857059168133,0.7740832815413299,0.724338172502135,0.8166156830245839,0.6401100567310004
2024-08-22 02:26:53.300942,0.7258064516129032,0.5209521502896636,0.5366750157087687,0.7580550673696546,0.7641392169049097,0.7269000853970966,0.8032442941946698,0.637335133158975
2024-08-22 02:26:53.389096,0.7000000000000002,0.5354000896720857,0.5637235921712713,0.7369654364381958,0.7482908638906149,0.7327070879590092,0.7808897645461784,0.46254865412765234
2024-08-22 02:26:53.459529,0.7548387096774194,0.6961654937896662,0.613718010473198,0.7352079671939075,0.749844623990056,0.7446626814688302,0.7828488623557361,0.5791123463837157
2024-08-22 02:26:53.552233,0.7274193548387096,0.5332265105991837,0.5699277538331095,0.7357937902753372,0.7442510876320696,0.7513236549957301,0.772115885346347,0.6316746999927809
2024-08-22 02:26:53.619548,0.8177419354838711,0.7640494412917924,0.7093749209977203,0.778558875219684,0.7557489123679304,0.7743808710503843,0.7969628326830853,0.7390231636245304
2024-08-22 02:26:54.016298,0.782258064516129,0.520288244926962,0.579066467784223,0.7885178676039833,0.7600994406463639,0.7824081981212638,0.8008913937199519,0.655473015582929
2024-08-22 02:26:54.148763,0.7403225806451614,0.5065535250232484,0.48756274712650793,0.7932044522554192,0.7628962088253572,0.7784799316823225,0.785898379873185,0.6936883431848242
2024-08-22 02:26:54.234210,0.7370967741935484,0.5799557319579175,0.4813344088408729,0.7639132981839486,0.7700435052827843,0.7736976942783942,0.7711781660482061,0.5503096645024375
2024-08-22 02:26:54.317683,0.8016129032258066,0.712454133201624,0.5606479521860892,0.7709431751611017,0.7790553138595402,0.7795046968403074,0.7829608727089679,0.5397743546242433
2024-08-22 02:26:54.383849,0.8290322580645162,0.6377363974860905,0.5745030153656886,0.803163444639719,0.7986326911124919,0.7871904355251924,0.8010691036961175,0.5753357119888952
2024-08-22 02:26:54.466455,0.7870967741935484,0.5088328884606236,0.5398035169404176,0.8213239601640309,0.7927284027346175,0.7902647309991464,0.797183492688164,0.563626225777047
2024-08-22 02:26:54.551492,0.7741935483870968,0.56180430191906,0.5282449860335371,0.8113649677797304,0.7911746426351771,0.7918018787361232,0.7873054209375409,0.5262735306912362
2024-08-22 02:26:54.615370,0.7774193548387098,0.5924146273414308,0.5586292658800254,0.7926186291739895,0.798321939092604,0.797267292912041,0.7790643615847134,0.528798767039086
2024-08-22 02:26:54.699297,0.7725806451612904,0.5770285002567539,0.57666869759682,0.7873462214411252,0.8051584835301429,0.8049530315969258,0.7690900821816745,0.518150371608859
2024-08-22 02:26:54.800411,0.7451612903225806,0.533822309880004,0.5089965740406059,0.7768014059753957,0.7942821628340584,0.8039282664389411,0.7491643883267927,0.5290191205908746
2024-08-22 02:26:54.913693,0.8080645161290321,0.7086595614758664,0.5821398457283302,0.7879320445225543,0.7902423865755126,0.8124679760888132,0.7564976577390545,0.6612654813420008
2024-08-22 02:26:54.996007,0.7838709677419353,0.5410073333984151,0.49075800983590373,0.7920328060925602,0.7896208825357365,0.8088812980358666,0.7515193905957098,0.5442280747032924
2024-08-22 02:26:55.074925,0.7661290322580645,0.552567985092753,0.504076013372351,0.7996485061511426,0.7880671224362956,0.8071733561058925,0.7394398209547159,0.5611969462943187
2024-08-22 02:26:55.160380,0.7790322580645161,0.611026969194283,0.5478544584297613,0.7891036906854131,0.788377874456184,0.8112724167378311,0.7337510520332112,0.42038108475311653
2024-08-22 02:26:55.228359,0.6645161290322581,0.3681699301463146,0.45819278653550416,0.745752782659637,0.7675574891236792,0.8035866780529464,0.6840009717144621,0.3035812005336044
2024-08-22 02:26:55.299884,0.7064516129032257,0.6723311934621422,0.44306550684342993,0.7240773286467489,0.7600994406463639,0.7935098206660973,0.6606249530622528,0.44156427515257357
2024-08-22 02:26:55.399163,0.7806451612903227,0.7343241242979612,0.47989156542385264,0.724663151728178,0.7548166563082659,0.7883859948761742,0.6706175457223598,0.5593515572273595
2024-08-22 02:26:55.597242,0.7612903225806451,0.5494310543101006,0.4965568593774629,0.7598125366139431,0.7504661280298319,0.7856532877882154,0.6705673015758299,0.43447646579954224
2024-08-22 02:26:55.664291,0.8064516129032258,0.673230399554801,0.5421076082520906,0.7961335676625662,0.7582349285270353,0.7890691716481641,0.6875268691962296,0.4633537621578623
2024-08-22 02:26:55.746742,0.7774193548387098,0.5319039763838289,0.5167102381120611,0.7949619214997069,0.7579241765071474,0.7890691716481637,0.6890107485792452,0.48236215538847127
2024-08-22 02:26:55.817488,0.7806451612903227,0.5924020774824708,0.5230660661859193,0.8019917984768602,0.7802983219390927,0.7899231426131512,0.6907916699990209,0.5074392613445677
2024-08-22 02:26:55.920602,0.6419354838709677,0.3223645685705856,0.4339179795266844,0.7422378441710608,0.7678682411435673,0.7789923142613153,0.6380543922976556,0.330991652227445
2024-08-22 02:26:55.996690,0.6967741935483871,0.7005717994679622,0.43092751239433935,0.7129466900995899,0.7517091361093844,0.7672075149444921,0.6178370963022384,0.41122547470785553
2024-08-22 02:26:56.115657,0.7338709677419355,0.6607650103733101,0.47758386362655936,0.6959578207381371,0.7464263517712866,0.7619128949615712,0.6164874863677142,0.4846539042928102
2024-08-22 02:26:56.205262,0.7548387096774194,0.6273540260400383,0.5077755735397225,0.7369654364381958,0.7364822871348662,0.7607173356105892,0.6237162420674524,0.43378601610182765
2024-08-22 02:26:56.277864,0.7951612903225806,0.6642322583465967,0.5293701682937645,0.7727006444053898,0.7399005593536356,0.7624252775405636,0.6450468281069417,0.51042412409155
2024-08-22 02:26:56.386693,0.8032258064516129,0.6014559223582002,0.6340616830353989,0.797891036906854,0.7442510876320696,0.7771135781383434,0.6647439938089872,0.5411013778083428
2024-08-22 02:26:56.464576,0.8225806451612903,0.6225577035115931,0.6122346750566493,0.8224956063268892,0.7790553138595402,0.7894107600341589,0.6872905178660059,0.5482080134299244
2024-08-22 02:26:56.551567,0.6306451612903226,0.23050502531637146,0.39909253920137583,0.7627416520210896,0.7663144810441267,0.773526900085397,0.63033850026875,0.46191778333262046
2024-08-22 02:26:56.614424,0.3516129032258064,0.0,0.19150893280053172,0.5987111892208553,0.6926662523306397,0.7301451750640475,0.47816562216901703,0.21813427332376778
2024-08-22 02:26:56.705402,0.35967741935483866,0.6072789040234571,0.1719917332014414,0.4305799648506151,0.6165320074580483,0.6828351836037576,0.3638288054934718,0.1416447231481402
2024-08-22 02:26:56.799453,0.4532258064516128,0.8284704790867745,0.2619865125426618,0.3661394258933802,0.5506525792417651,0.6485055508112725,0.31340137552248915,0.2569481135591528
2024-08-22 02:26:56.890046,0.36290322580645173,0.36975488505655396,0.18915127017800237,0.37024018746338594,0.46581727781230553,0.6042698548249359,0.24271903187246685,0.1666527843668406
2024-08-22 02:26:56.967326,0.3887096774193548,0.6528870315219679,0.29913566295922533,0.3807850029291152,0.38222498446239883,0.5774551665243381,0.20175255616729437,0.20660708165803487
2024-08-22 02:26:57.040254,0.49032258064516143,0.8429602656599895,0.34579574721263545,0.39425893380199184,0.3551895587321314,0.5555935098206661,0.21376572918373654,0.29943121763193825
2024-08-22 02:26:57.114709,0.5129032258064516,0.6388287509949596,0.3381840121958122,0.44874048037492675,0.3862647607209446,0.5321947053800171,0.23667526242517645,0.3990734831932359
2024-08-22 02:26:57.204235,0.4338709677419357,0.40538570552933445,0.260873713075463,0.4651435266549503,0.40055935363579853,0.49820666097352695,0.22867859790337702,0.30193273761605477
2024-08-22 02:26:57.264368,0.4951612903225806,0.7354543131084028,0.28360688317124705,0.4669009958992384,0.4086389061528899,0.4664389410760035,0.2506674959521223,0.3240289186049674
2024-08-22 02:26:57.322071,0.467741935483871,0.5226475664915342,0.2573415041770109,0.4504979496192151,0.4288377874456182,0.4309137489325363,0.2616921272942735,0.29019112702028416
2024-08-22 02:26:57.394557,0.4322580645161289,0.5021689092796795,0.21853002512149755,0.44991212653778556,0.4372280919825977,0.38958155422715635,0.26089118953639384,0.2342943718981012
2024-08-22 02:26:57.480391,0.5629032258064517,0.904701886094266,0.4580482990007474,0.47451669595782076,0.45121193287756345,0.3824081981212637,0.31489404570375895,0.341435159242511
2024-08-22 02:26:57.553871,0.6177419354838709,0.7071697246633836,0.8026959450509721,0.5289982425307557,0.4714108141702922,0.41058923996584107,0.3819877987119781,0.3683698460503585
2024-08-22 02:26:57.644810,0.5306451612903227,0.40160257793412607,0.6991638211097279,0.5647334504979499,0.49005593536357983,0.4286934244235696,0.40384272224228046,0.4283356941865585
2024-08-22 02:26:57.753896,0.5725806451612903,0.6809494315685433,0.6346242766879213,0.5682483889865261,0.5049720323182099,0.4413321947053803,0.43976017668516487,0.6916722886721219
2024-08-22 02:26:57.821698,0.5032258064516129,0.43440126134466794,0.6660467745354344,0.5266549502050383,0.5118085767557488,0.4561912894961573,0.4433721792137134,0.6151630807388001
2024-08-22 02:26:57.900222,0.32741935483870965,0.18094305075811734,0.4528912054525,0.4528412419449327,0.49160969546302047,0.44970111016225456,0.3805845083490445,0.40245257505033816
2024-08-22 02:26:57.993972,0.3677419354838709,0.6936271333322571,0.3990736629858549,0.3784417106033978,0.4540087010565568,0.43672075149444933,0.34982965173799674,0.501127058827416
2024-08-22 02:26:58.084368,0.3500000000000001,0.5406302891218007,0.36305304395190746,0.3227885178676041,0.4024238657551271,0.41947053800170786,0.3221324093101433,0.46631537405869383
2024-08-22 02:26:58.182446,0.2806451612903227,0.40517463489535527,0.3629719312176045,0.30579964850615104,0.35425730267246736,0.4032450896669513,0.2772443247448099,0.323590434105015
2024-08-22 02:26:58.285229,0.33225806451612905,0.7296055518565562,0.3609585840562917,0.29291154071470393,0.30795525170913596,0.38599487617421,0.2660445992019522,0.3522533124711176
2024-08-22 02:26:58.424262,0.27741935483870983,0.4408438657388578,0.33082720754288353,0.26654950205038086,0.2644499689247979,0.3658411614005126,0.24031854761604488,0.36836627801794675
2024-08-22 02:26:58.511819,0.2064516129032259,0.3885557642205214,0.2898535204550273,0.23960164030462805,0.2411435674331881,0.341929974380871,0.1972852560747161,0.2618632408494741
2024-08-22 02:26:58.616732,0.15161290322580645,0.42278353945452696,0.14292915460244043,0.17398945518453413,0.19950279676817884,0.29837745516652436,0.14740195868518807,0.24690701928742909
2024-08-22 02:26:58.693183,0.2451612903225806,0.8810733416992367,0.1911464412660892,0.16227299355594604,0.17930391547545033,0.25892399658411613,0.14993870304722057,0.35759809255739505
2024-08-22 02:26:58.762687,0.13548387096774195,0.2713489678116664,0.1489232314401026,0.13649677797305204,0.15133623368551863,0.21707941929974384,0.11515206227141617,0.17142292737603582
2024-08-22 02:26:58.851242,0.0,0.15195961981309003,0.0,0.08142940831868761,0.0873213175885641,0.1564474807856533,0.041568858589702495,0.061731745569586494
2024-08-22 02:26:58.934230,0.024193548387096753,0.6768337636061096,0.0615280612058437,0.0011716461628588082,0.038533250466127766,0.1057216054654142,0.0,0.1179534417564505
2024-08-22 02:26:59.006700,0.1322580645161291,0.979063963092702,0.3025125033179864,0.0,0.02423865755127408,0.085055508112724,0.01632815090523576,0.18775721153416147
2024-08-22 02:26:59.108279,0.13870967741935492,0.6070043343387878,0.2739699888890874,0.050380785002929085,0.021752641392168703,0.060802732707087914,0.03864897606597517,0.2251333268388534
2024-08-22 02:26:59.230394,0.1596774193548387,0.6532352700950868,0.3119018780707078,0.09958992384299947,0.005282784338098034,0.04064901793339004,0.07100799869564,0.3494492006129871
2024-08-22 02:26:59.322848,0.10806451612903234,0.424950713122757,0.31914582914444334,0.0908025776215583,0.0,0.02237403928266435,0.08287568871440676,0.27139433947113756
2024-08-22 02:26:59.391904,0.15806451612903227,0.7513328716028647,0.3263378828981294,0.09783245459871115,0.03045369794903663,0.003928266438940842,0.11773582635634483,0.3362968792962966
2024-08-22 02:26:59.469265,0.24032258064516143,0.8437574942906343,0.47411673193972004,0.12712360867018158,0.07209446861404589,0.0,0.18265150269777186,0.46394370341291546
2024-08-22 02:26:59.568328,0.27258064516129044,0.6792995053635509,0.5979575575568369,0.18687756297598146,0.09912989434431285,0.007002561912895056,0.25109507805211606,0.44687131648407297
2024-08-22 02:26:59.658210,0.19354838709677424,0.36510293390248083,0.5711820387154241,0.19976567076742835,0.10969546302050959,0.011443210930828451,0.27860890446633024,0.4282966718238268
2024-08-22 02:26:59.746217,0.22096774193548385,0.6690418395619013,0.48807976717199725,0.19273579379027528,0.12150403977625834,0.008881298035866791,0.31478968760496207,0.5098227957035645
2024-08-22 02:26:59.824123,0.14516129032258063,0.36347334258096,0.5294959004770758,0.14645577035735202,0.1286513362336854,0.009906063193851233,0.3175444110454998,0.49184753726468866
2024-08-22 02:26:59.976420,0.2290322580645161,0.8523666626782922,0.8701400409807108,0.15934387814879913,0.14232442510876298,0.03415883859948754,0.3556511908990187,0.483538147501701
2024-08-22 02:27:00.076289,0.346774193548387,0.9295767141942893,1.0,0.20503807850029265,0.16283405842137944,0.0683176771989753,0.43408190382591993,0.6757912614860222
2024-08-22 02:27:00.204752,0.3129032258064517,0.49757183273239736,0.7561960926283524,0.26596367896895157,0.17060285891858262,0.08744662681468829,0.4847493817562615,0.7954856839489316
2024-08-22 02:27:00.312260,0.2870967741935484,0.5166417977822509,0.7120879592575434,0.28705330990041034,0.18862647607209415,0.10315969257045277,0.5161973250673816,0.7473273623328834
2024-08-22 02:27:00.464377,0.2225806451612904,0.4081186898293023,0.5977359047858445,0.24194493263034567,0.18893722809198255,0.10982066609735264,0.5173023121426357,0.5881684448100509
2024-08-22 02:27:00.576265,0.18225806451612903,0.4679387528958343,0.6176726231131656,0.19449326303456338,0.1960845245494094,0.11767719897523476,0.5039508198450185,0.5392160151352452
2024-08-22 02:27:00.704256,0.3177419354838711,1.0,0.722734723980427,0.2056239015817224,0.21317588564325662,0.13458582408198128,0.5472165270408595,0.6301069048221666
2024-08-22 02:27:00.817736,0.467741935483871,0.9891241856785088,0.7870807008200168,0.2946690099589925,0.2364822871348662,0.15866780529461977,0.6399448331651607,0.7697349068905069
2024-08-22 02:27:00.896745,0.4338709677419357,0.5059908973393391,0.7027298400345489,0.3860574106619802,0.25978868862647597,0.17574722459436387,0.699468112838887,0.7096352200451304
2024-08-22 02:27:00.979714,0.47419354838709693,0.6844116377212753,0.8659650410376919,0.4428822495606327,0.29583592293349903,0.20546541417591802,0.7609069228378097,0.6853786748487395
2024-08-22 02:27:01.058079,0.43870967741935485,0.5025925049336469,0.7804521587969822,0.43233743409490344,0.3374766935985083,0.2285226302305723,0.7939152157022594,0.6304405153607885
2024-08-22 02:27:01.223572,0.3080645161290323,0.2694534031496987,0.7297468225578333,0.3866432337434095,0.36171535114978237,0.24577284372331354,0.7675783250348014,0.5843125051972328
2024-08-22 02:27:01.297247,0.29354838709677433,0.5469265465861388,0.5942473805956401,0.3210310486233158,0.35705407085146046,0.252604611443211,0.7398256612253857,0.5531690014785271
