created_at,updated_at,id,value
2024-08-14 15:01:35.129925,2024-08-14 15:01:35.129925,0.0,0.0543478260869561
2024-08-14 15:01:35.135572,2024-08-14 15:01:35.135572,0.0010893246187363835,0.08695652173912993
2024-08-14 15:01:35.138671,2024-08-14 15:01:35.138671,0.0021786492374727675,0.04347826086956452
2024-08-14 15:01:35.142789,2024-08-14 15:01:35.142789,0.003267973856209151,0.09782608695652151
2024-08-14 15:01:35.146782,2024-08-14 15:01:35.146782,0.004357298474945534,0.02173913043478226
2024-08-14 15:01:35.154368,2024-08-14 15:01:35.154368,0.005446623093681918,0.11956521739130466
2024-08-14 15:01:35.157375,2024-08-14 15:01:35.157375,0.006535947712418302,0.13043478260869534
2024-08-14 15:01:35.169202,2024-08-14 15:01:35.169202,0.007625272331154685,0.08695652173912993
2024-08-14 15:01:35.178778,2024-08-14 15:01:35.178778,0.008714596949891068,0.08695652173912993
2024-08-14 15:01:35.184817,2024-08-14 15:01:35.184817,0.00980392156862745,0.06521739130434767
2024-08-14 15:01:35.189962,2024-08-14 15:01:35.189962,0.010893246187363835,0.06521739130434767
2024-08-14 15:01:35.193101,2024-08-14 15:01:35.193101,0.01198257080610022,0.10869565217391308
2024-08-14 15:01:35.195890,2024-08-14 15:01:35.195890,0.013071895424836602,0.06521739130434767
2024-08-14 15:01:35.201393,2024-08-14 15:01:35.201393,0.014161220043572986,0.09782608695652151
2024-08-14 15:01:35.207478,2024-08-14 15:01:35.207478,0.015250544662309368,0.08695652173912993
2024-08-14 15:01:35.210073,2024-08-14 15:01:35.210073,0.016339869281045753,0.07608695652173836
2024-08-14 15:01:35.221531,2024-08-14 15:01:35.221531,0.017429193899782137,0.09782608695652151
2024-08-14 15:01:35.228690,2024-08-14 15:01:35.228690,0.01851851851851852,0.0543478260869561
2024-08-14 15:01:35.231469,2024-08-14 15:01:35.231469,0.0196078431372549,0.08695652173912993
2024-08-14 15:01:35.234462,2024-08-14 15:01:35.234462,0.020697167755991286,0.11956521739130466
2024-08-14 15:01:35.237150,2024-08-14 15:01:35.237150,0.02178649237472767,0.10869565217391308
2024-08-14 15:01:35.239775,2024-08-14 15:01:35.239775,0.022875816993464054,0.16304347826086918
2024-08-14 15:01:35.242986,2024-08-14 15:01:35.242986,0.02396514161220044,0.14130434782608692
2024-08-14 15:01:35.247729,2024-08-14 15:01:35.247729,0.025054466230936823,0.11956521739130466
2024-08-14 15:01:35.250693,2024-08-14 15:01:35.250693,0.026143790849673203,0.08695652173912993
2024-08-14 15:01:35.253456,2024-08-14 15:01:35.253456,0.027233115468409588,0.08695652173912993
2024-08-14 15:01:35.255977,2024-08-14 15:01:35.255977,0.028322440087145972,0.07608695652173836
2024-08-14 15:01:35.258744,2024-08-14 15:01:35.258744,0.029411764705882356,0.11956521739130466
2024-08-14 15:01:35.261392,2024-08-14 15:01:35.261392,0.030501089324618737,0.10869565217391308
2024-08-14 15:01:35.274835,2024-08-14 15:01:35.274835,0.03159041394335512,0.14130434782608692
2024-08-14 15:01:35.280311,2024-08-14 15:01:35.280311,0.032679738562091505,0.10869565217391308
2024-08-14 15:01:35.283349,2024-08-14 15:01:35.283349,0.03376906318082789,0.1521739130434776
2024-08-14 15:01:35.285922,2024-08-14 15:01:35.285922,0.034858387799564274,0.11956521739130466
2024-08-14 15:01:35.289417,2024-08-14 15:01:35.289417,0.03594771241830066,0.14130434782608692
2024-08-14 15:01:35.295537,2024-08-14 15:01:35.295537,0.03703703703703704,0.13043478260869534
2024-08-14 15:01:35.300005,2024-08-14 15:01:35.300005,0.038126361655773426,0.11956521739130466
2024-08-14 15:01:35.303131,2024-08-14 15:01:35.303131,0.03921568627450981,0.10869565217391308
2024-08-14 15:01:35.307131,2024-08-14 15:01:35.307131,0.04030501089324619,0.10869565217391308
2024-08-14 15:01:35.309971,2024-08-14 15:01:35.309971,0.04139433551198257,0.18478260869565144
2024-08-14 15:01:35.320587,2024-08-14 15:01:35.320587,0.042483660130718956,0.10869565217391308
2024-08-14 15:01:35.324233,2024-08-14 15:01:35.324233,0.04357298474945534,0.14130434782608692
2024-08-14 15:01:35.329914,2024-08-14 15:01:35.329914,0.044662309368191724,0.09782608695652151
2024-08-14 15:01:35.333050,2024-08-14 15:01:35.333050,0.04575163398692811,0.14130434782608692
2024-08-14 15:01:35.338906,2024-08-14 15:01:35.338906,0.04684095860566449,0.11956521739130466
2024-08-14 15:01:35.341674,2024-08-14 15:01:35.341674,0.04793028322440088,0.10869565217391308
2024-08-14 15:01:35.344792,2024-08-14 15:01:35.344792,0.04901960784313726,0.14130434782608692
2024-08-14 15:01:35.348146,2024-08-14 15:01:35.348146,0.050108932461873645,0.11956521739130466
2024-08-14 15:01:35.374736,2024-08-14 15:01:35.374736,0.05119825708061003,0.16304347826086918
2024-08-14 15:01:35.377379,2024-08-14 15:01:35.377379,0.05228758169934641,0.1521739130434776
2024-08-14 15:01:35.380030,2024-08-14 15:01:35.380030,0.05337690631808279,0.1521739130434776
2024-08-14 15:01:35.382930,2024-08-14 15:01:35.382930,0.054466230936819175,0.08695652173912993
2024-08-14 15:01:35.385730,2024-08-14 15:01:35.385730,0.05555555555555556,0.07608695652173836
2024-08-14 15:01:35.388629,2024-08-14 15:01:35.388629,0.056644880174291944,0.10869565217391308
2024-08-14 15:01:35.391335,2024-08-14 15:01:35.391335,0.05773420479302833,0.10869565217391308
2024-08-14 15:01:35.393952,2024-08-14 15:01:35.393952,0.05882352941176471,0.08695652173912993
2024-08-14 15:01:35.396680,2024-08-14 15:01:35.396680,0.059912854030501096,0.06521739130434767
2024-08-14 15:01:35.399544,2024-08-14 15:01:35.399544,0.06100217864923748,0.11956521739130466
2024-08-14 15:01:35.405351,2024-08-14 15:01:35.405351,0.06209150326797386,0.06521739130434767
2024-08-14 15:01:35.408278,2024-08-14 15:01:35.408278,0.06318082788671024,0.10869565217391308
2024-08-14 15:01:35.422957,2024-08-14 15:01:35.422957,0.06427015250544663,0.11956521739130466
2024-08-14 15:01:35.426667,2024-08-14 15:01:35.426667,0.06535947712418301,0.1521739130434776
2024-08-14 15:01:35.430653,2024-08-14 15:01:35.430653,0.0664488017429194,0.1521739130434776
2024-08-14 15:01:35.434478,2024-08-14 15:01:35.434478,0.06753812636165578,0.16304347826086918
2024-08-14 15:01:35.438717,2024-08-14 15:01:35.438717,0.06862745098039216,0.10869565217391308
2024-08-14 15:01:35.446780,2024-08-14 15:01:35.446780,0.06971677559912855,0.0543478260869561
2024-08-14 15:01:35.450725,2024-08-14 15:01:35.450725,0.07080610021786493,0.08695652173912993
2024-08-14 15:01:35.454645,2024-08-14 15:01:35.454645,0.07189542483660132,0.08695652173912993
2024-08-14 15:01:35.458758,2024-08-14 15:01:35.458758,0.0729847494553377,0.0543478260869561
2024-08-14 15:01:35.462602,2024-08-14 15:01:35.462602,0.07407407407407408,0.04347826086956452
2024-08-14 15:01:35.475074,2024-08-14 15:01:35.475074,0.07516339869281047,0.04347826086956452
2024-08-14 15:01:35.478858,2024-08-14 15:01:35.478858,0.07625272331154685,0.0543478260869561
2024-08-14 15:01:35.484927,2024-08-14 15:01:35.484927,0.07734204793028324,0.02173913043478226
2024-08-14 15:01:35.490665,2024-08-14 15:01:35.490665,0.07843137254901962,0.0543478260869561
2024-08-14 15:01:35.494660,2024-08-14 15:01:35.494660,0.079520697167756,0.13043478260869534
2024-08-14 15:01:35.502799,2024-08-14 15:01:35.502799,0.08061002178649238,0.10869565217391308
2024-08-14 15:01:35.506745,2024-08-14 15:01:35.506745,0.08169934640522876,0.11956521739130466
2024-08-14 15:01:35.510965,2024-08-14 15:01:35.510965,0.08278867102396514,0.08695652173912993
2024-08-14 15:01:35.514743,2024-08-14 15:01:35.514743,0.08387799564270153,0.04347826086956452
2024-08-14 15:01:35.519321,2024-08-14 15:01:35.519321,0.08496732026143791,0.032608695652173836
2024-08-14 15:01:35.525493,2024-08-14 15:01:35.525493,0.0860566448801743,0.06521739130434767
2024-08-14 15:01:35.528219,2024-08-14 15:01:35.528219,0.08714596949891068,0.11956521739130466
2024-08-14 15:01:35.534662,2024-08-14 15:01:35.534662,0.08823529411764706,0.07608695652173836
2024-08-14 15:01:35.542773,2024-08-14 15:01:35.542773,0.08932461873638345,0.0543478260869561
2024-08-14 15:01:35.546880,2024-08-14 15:01:35.546880,0.09041394335511983,0.0
2024-08-14 15:01:35.550622,2024-08-14 15:01:35.550622,0.09150326797385622,0.0543478260869561
2024-08-14 15:01:35.554692,2024-08-14 15:01:35.554692,0.0925925925925926,0.032608695652173836
2024-08-14 15:01:35.566666,2024-08-14 15:01:35.566666,0.09368191721132899,0.04347826086956452
2024-08-14 15:01:35.571353,2024-08-14 15:01:35.571353,0.09477124183006537,0.09782608695652151
2024-08-14 15:01:35.574897,2024-08-14 15:01:35.574897,0.09586056644880175,0.07608695652173836
2024-08-14 15:01:35.577453,2024-08-14 15:01:35.577453,0.09694989106753814,0.07608695652173836
2024-08-14 15:01:35.584850,2024-08-14 15:01:35.584850,0.09803921568627452,0.13043478260869534
2024-08-14 15:01:35.596946,2024-08-14 15:01:35.596946,0.0991285403050109,0.17391304347826075
2024-08-14 15:01:35.605068,2024-08-14 15:01:35.605068,0.10021786492374729,0.17391304347826075
2024-08-14 15:01:35.610736,2024-08-14 15:01:35.610736,0.10130718954248367,0.18478260869565144
2024-08-14 15:01:35.614870,2024-08-14 15:01:35.614870,0.10239651416122006,0.19565217391304301
2024-08-14 15:01:35.623818,2024-08-14 15:01:35.623818,0.10348583877995644,0.22826086956521774
2024-08-14 15:01:35.626634,2024-08-14 15:01:35.626634,0.10457516339869281,0.22826086956521774
2024-08-14 15:01:35.629666,2024-08-14 15:01:35.629666,0.1056644880174292,0.19565217391304301
2024-08-14 15:01:35.633485,2024-08-14 15:01:35.633485,0.10675381263616558,0.18478260869565144
2024-08-14 15:01:35.642625,2024-08-14 15:01:35.642625,0.10784313725490197,0.19565217391304301
2024-08-14 15:01:35.654588,2024-08-14 15:01:35.654588,0.10893246187363835,0.22826086956521774
2024-08-14 15:01:35.662839,2024-08-14 15:01:35.662839,0.11002178649237473,0.21739130434782616
2024-08-14 15:01:35.666719,2024-08-14 15:01:35.666719,0.11111111111111112,0.21739130434782616
2024-08-14 15:01:35.690631,2024-08-14 15:01:35.690631,0.1122004357298475,0.2065217391304346
2024-08-14 15:01:35.693483,2024-08-14 15:01:35.693483,0.11328976034858389,0.2065217391304346
2024-08-14 15:01:35.696077,2024-08-14 15:01:35.696077,0.11437908496732027,0.18478260869565144
2024-08-14 15:01:35.698732,2024-08-14 15:01:35.698732,0.11546840958605666,0.18478260869565144
2024-08-14 15:01:35.701272,2024-08-14 15:01:35.701272,0.11655773420479304,0.18478260869565144
2024-08-14 15:01:35.703911,2024-08-14 15:01:35.703911,0.11764705882352942,0.1521739130434776
2024-08-14 15:01:35.706658,2024-08-14 15:01:35.706658,0.11873638344226581,0.19565217391304301
2024-08-14 15:01:35.709585,2024-08-14 15:01:35.709585,0.11982570806100219,0.18478260869565144
2024-08-14 15:01:35.712122,2024-08-14 15:01:35.712122,0.12091503267973858,0.1521739130434776
2024-08-14 15:01:35.714727,2024-08-14 15:01:35.714727,0.12200435729847496,0.1521739130434776
2024-08-14 15:01:35.717336,2024-08-14 15:01:35.717336,0.12309368191721135,0.18478260869565144
2024-08-14 15:01:35.720175,2024-08-14 15:01:35.720175,0.12418300653594773,0.2065217391304346
2024-08-14 15:01:35.723140,2024-08-14 15:01:35.723140,0.1252723311546841,0.13043478260869534
2024-08-14 15:01:35.727317,2024-08-14 15:01:35.727317,0.1263616557734205,0.16304347826086918
2024-08-14 15:01:35.731207,2024-08-14 15:01:35.731207,0.12745098039215688,0.1521739130434776
2024-08-14 15:01:35.733939,2024-08-14 15:01:35.733939,0.12854030501089328,0.1521739130434776
2024-08-14 15:01:35.738248,2024-08-14 15:01:35.738248,0.12962962962962965,0.16304347826086918
2024-08-14 15:01:35.741044,2024-08-14 15:01:35.741044,0.13071895424836605,0.13043478260869534
2024-08-14 15:01:35.745316,2024-08-14 15:01:35.745316,0.13180827886710242,0.13043478260869534
2024-08-14 15:01:35.750217,2024-08-14 15:01:35.750217,0.13289760348583882,0.13043478260869534
2024-08-14 15:01:35.754707,2024-08-14 15:01:35.754707,0.1339869281045752,0.16304347826086918
2024-08-14 15:01:35.758752,2024-08-14 15:01:35.758752,0.13507625272331159,0.18478260869565144
2024-08-14 15:01:35.762875,2024-08-14 15:01:35.762875,0.13616557734204796,0.1521739130434776
2024-08-14 15:01:35.774884,2024-08-14 15:01:35.774884,0.13725490196078435,0.16304347826086918
2024-08-14 15:01:35.779195,2024-08-14 15:01:35.779195,0.13834422657952072,0.18478260869565144
2024-08-14 15:01:35.782362,2024-08-14 15:01:35.782362,0.1394335511982571,0.17391304347826075
2024-08-14 15:01:35.785197,2024-08-14 15:01:35.785197,0.1405228758169935,0.16304347826086918
2024-08-14 15:01:35.790864,2024-08-14 15:01:35.790864,0.14161220043572986,0.11956521739130466
2024-08-14 15:01:35.794782,2024-08-14 15:01:35.794782,0.14270152505446626,0.11956521739130466
2024-08-14 15:01:35.797557,2024-08-14 15:01:35.797557,0.14379084967320263,0.13043478260869534
2024-08-14 15:01:35.800412,2024-08-14 15:01:35.800412,0.14488017429193903,0.09782608695652151
2024-08-14 15:01:35.803575,2024-08-14 15:01:35.803575,0.1459694989106754,0.13043478260869534
2024-08-14 15:01:35.806586,2024-08-14 15:01:35.806586,0.1470588235294118,0.14130434782608692
2024-08-14 15:01:35.810799,2024-08-14 15:01:35.810799,0.14814814814814817,0.11956521739130466
2024-08-14 15:01:35.814646,2024-08-14 15:01:35.814646,0.14923747276688457,0.11956521739130466
2024-08-14 15:01:35.818644,2024-08-14 15:01:35.818644,0.15032679738562094,0.14130434782608692
2024-08-14 15:01:35.822696,2024-08-14 15:01:35.822696,0.15141612200435733,0.11956521739130466
2024-08-14 15:01:35.825465,2024-08-14 15:01:35.825465,0.1525054466230937,0.13043478260869534
2024-08-14 15:01:35.828227,2024-08-14 15:01:35.828227,0.1535947712418301,0.14130434782608692
2024-08-14 15:01:35.830868,2024-08-14 15:01:35.830868,0.15468409586056647,0.10869565217391308
2024-08-14 15:01:35.833764,2024-08-14 15:01:35.833764,0.15577342047930287,0.1521739130434776
2024-08-14 15:01:35.836414,2024-08-14 15:01:35.836414,0.15686274509803924,0.10869565217391308
2024-08-14 15:01:35.842650,2024-08-14 15:01:35.842650,0.15795206971677564,0.10869565217391308
2024-08-14 15:01:35.845822,2024-08-14 15:01:35.845822,0.159041394335512,0.04347826086956452
2024-08-14 15:01:35.874657,2024-08-14 15:01:35.874657,0.1601307189542484,0.1521739130434776
2024-08-14 15:01:35.878688,2024-08-14 15:01:35.878688,0.16122004357298478,0.1521739130434776
2024-08-14 15:01:35.882652,2024-08-14 15:01:35.882652,0.16230936819172115,0.17391304347826075
2024-08-14 15:01:35.887265,2024-08-14 15:01:35.887265,0.16339869281045755,0.1521739130434776
2024-08-14 15:01:35.891764,2024-08-14 15:01:35.891764,0.16448801742919392,0.1521739130434776
2024-08-14 15:01:35.898923,2024-08-14 15:01:35.898923,0.16557734204793031,0.17391304347826075
2024-08-14 15:01:35.903948,2024-08-14 15:01:35.903948,0.16666666666666669,0.14130434782608692
2024-08-14 15:01:35.906708,2024-08-14 15:01:35.906708,0.16775599128540308,0.18478260869565144
2024-08-14 15:01:35.912871,2024-08-14 15:01:35.912871,0.16884531590413945,0.17391304347826075
2024-08-14 15:01:35.917469,2024-08-14 15:01:35.917469,0.16993464052287585,0.16304347826086918
2024-08-14 15:01:35.920361,2024-08-14 15:01:35.920361,0.17102396514161222,0.16304347826086918
2024-08-14 15:01:35.972801,2024-08-14 15:01:35.972801,0.17211328976034862,0.17391304347826075
2024-08-14 15:01:35.975568,2024-08-14 15:01:35.975568,0.173202614379085,0.13043478260869534
2024-08-14 15:01:35.979428,2024-08-14 15:01:35.979428,0.1742919389978214,0.14130434782608692
2024-08-14 15:01:35.982504,2024-08-14 15:01:35.982504,0.17538126361655776,0.17391304347826075
2024-08-14 15:01:35.986716,2024-08-14 15:01:35.986716,0.17647058823529416,0.13043478260869534
2024-08-14 15:01:35.989211,2024-08-14 15:01:35.989211,0.17755991285403053,0.13043478260869534
2024-08-14 15:01:35.991836,2024-08-14 15:01:35.991836,0.17864923747276693,0.09782608695652151
2024-08-14 15:01:35.994658,2024-08-14 15:01:35.994658,0.1797385620915033,0.10869565217391308
2024-08-14 15:01:35.998840,2024-08-14 15:01:35.998840,0.1808278867102397,0.10869565217391308
2024-08-14 15:01:36.001590,2024-08-14 15:01:36.001590,0.18191721132897606,0.07608695652173836
2024-08-14 15:01:36.004217,2024-08-14 15:01:36.004217,0.18300653594771246,0.07608695652173836
2024-08-14 15:01:36.007324,2024-08-14 15:01:36.007324,0.18409586056644883,0.09782608695652151
2024-08-14 15:01:36.011021,2024-08-14 15:01:36.011021,0.1851851851851852,0.08695652173912993
2024-08-14 15:01:36.014638,2024-08-14 15:01:36.014638,0.1862745098039216,0.06521739130434767
2024-08-14 15:01:36.017582,2024-08-14 15:01:36.017582,0.18736383442265797,0.08695652173912993
2024-08-14 15:01:36.023417,2024-08-14 15:01:36.023417,0.18845315904139437,0.07608695652173836
2024-08-14 15:01:36.026265,2024-08-14 15:01:36.026265,0.18954248366013074,0.04347826086956452
2024-08-14 15:01:36.074812,2024-08-14 15:01:36.074812,0.19063180827886714,0.09782608695652151
2024-08-14 15:01:36.078500,2024-08-14 15:01:36.078500,0.1917211328976035,0.09782608695652151
2024-08-14 15:01:36.082305,2024-08-14 15:01:36.082305,0.1928104575163399,0.06521739130434767
2024-08-14 15:01:36.085333,2024-08-14 15:01:36.085333,0.19389978213507628,0.04347826086956452
2024-08-14 15:01:36.089276,2024-08-14 15:01:36.089276,0.19498910675381267,0.032608695652173836
2024-08-14 15:01:36.095710,2024-08-14 15:01:36.095710,0.19607843137254904,0.0543478260869561
2024-08-14 15:01:36.099853,2024-08-14 15:01:36.099853,0.19716775599128544,0.0543478260869561
2024-08-14 15:01:36.102799,2024-08-14 15:01:36.102799,0.1982570806100218,0.0543478260869561
2024-08-14 15:01:36.105783,2024-08-14 15:01:36.105783,0.1993464052287582,0.07608695652173836
2024-08-14 15:01:36.108959,2024-08-14 15:01:36.108959,0.20043572984749458,0.07608695652173836
2024-08-14 15:01:36.112978,2024-08-14 15:01:36.112978,0.20152505446623098,0.04347826086956452
2024-08-14 15:01:36.116492,2024-08-14 15:01:36.116492,0.20261437908496735,0.06521739130434767
2024-08-14 15:01:36.124555,2024-08-14 15:01:36.124555,0.20370370370370375,0.04347826086956452
2024-08-14 15:01:36.129267,2024-08-14 15:01:36.129267,0.20479302832244012,0.06521739130434767
2024-08-14 15:01:36.136418,2024-08-14 15:01:36.136418,0.20588235294117652,0.07608695652173836
2024-08-14 15:01:36.139687,2024-08-14 15:01:36.139687,0.2069716775599129,0.07608695652173836
2024-08-14 15:01:36.142781,2024-08-14 15:01:36.142781,0.20806100217864928,0.04347826086956452
2024-08-14 15:01:36.145403,2024-08-14 15:01:36.145403,0.20915032679738566,0.0543478260869561
2024-08-14 15:01:36.148114,2024-08-14 15:01:36.148114,0.21023965141612203,0.07608695652173836
2024-08-14 15:01:36.154978,2024-08-14 15:01:36.154978,0.21132897603485842,0.06521739130434767
2024-08-14 15:01:36.162618,2024-08-14 15:01:36.162618,0.2124183006535948,0.10869565217391308
2024-08-14 15:01:36.166309,2024-08-14 15:01:36.166309,0.2135076252723312,0.10869565217391308
2024-08-14 15:01:36.169208,2024-08-14 15:01:36.169208,0.21459694989106756,0.06521739130434767
2024-08-14 15:01:36.173701,2024-08-14 15:01:36.173701,0.21568627450980396,0.0543478260869561
2024-08-14 15:01:36.177082,2024-08-14 15:01:36.177082,0.21677559912854033,0.0543478260869561
2024-08-14 15:01:36.179909,2024-08-14 15:01:36.179909,0.21786492374727673,0.06521739130434767
2024-08-14 15:01:36.182631,2024-08-14 15:01:36.182631,0.2189542483660131,0.0543478260869561
2024-08-14 15:01:36.185094,2024-08-14 15:01:36.185094,0.2200435729847495,0.04347826086956452
2024-08-14 15:01:36.188360,2024-08-14 15:01:36.188360,0.22113289760348587,0.0543478260869561
2024-08-14 15:01:36.191371,2024-08-14 15:01:36.191371,0.22222222222222227,0.0543478260869561
2024-08-14 15:01:36.194197,2024-08-14 15:01:36.194197,0.22331154684095864,0.06521739130434767
2024-08-14 15:01:36.196809,2024-08-14 15:01:36.196809,0.22440087145969503,0.06521739130434767
2024-08-14 15:01:36.199746,2024-08-14 15:01:36.199746,0.2254901960784314,0.07608695652173836
2024-08-14 15:01:36.202677,2024-08-14 15:01:36.202677,0.2265795206971678,0.09782608695652151
2024-08-14 15:01:36.206036,2024-08-14 15:01:36.206036,0.22766884531590417,0.07608695652173836
2024-08-14 15:01:36.209065,2024-08-14 15:01:36.209065,0.22875816993464057,0.10869565217391308
2024-08-14 15:01:36.212143,2024-08-14 15:01:36.212143,0.22984749455337694,0.08695652173912993
2024-08-14 15:01:36.215259,2024-08-14 15:01:36.215259,0.23093681917211334,0.06521739130434767
2024-08-14 15:01:36.217942,2024-08-14 15:01:36.217942,0.2320261437908497,0.08695652173912993
2024-08-14 15:01:36.221842,2024-08-14 15:01:36.221842,0.23311546840958608,0.07608695652173836
2024-08-14 15:01:36.225070,2024-08-14 15:01:36.225070,0.23420479302832248,0.09782608695652151
2024-08-14 15:01:36.228261,2024-08-14 15:01:36.228261,0.23529411764705885,0.09782608695652151
2024-08-14 15:01:36.231261,2024-08-14 15:01:36.231261,0.23638344226579525,0.07608695652173836
2024-08-14 15:01:36.234405,2024-08-14 15:01:36.234405,0.23747276688453162,0.07608695652173836
2024-08-14 15:01:36.272499,2024-08-14 15:01:36.272499,0.23856209150326801,0.09782608695652151
2024-08-14 15:01:36.275852,2024-08-14 15:01:36.275852,0.23965141612200438,0.09782608695652151
2024-08-14 15:01:36.281654,2024-08-14 15:01:36.281654,0.24074074074074078,0.10869565217391308
2024-08-14 15:01:36.285564,2024-08-14 15:01:36.285564,0.24183006535947715,0.10869565217391308
2024-08-14 15:01:36.288365,2024-08-14 15:01:36.288365,0.24291938997821355,0.13043478260869534
2024-08-14 15:01:36.291326,2024-08-14 15:01:36.291326,0.24400871459694992,0.13043478260869534
2024-08-14 15:01:36.294018,2024-08-14 15:01:36.294018,0.24509803921568632,0.13043478260869534
2024-08-14 15:01:36.296919,2024-08-14 15:01:36.296919,0.2461873638344227,0.16304347826086918
2024-08-14 15:01:36.300701,2024-08-14 15:01:36.300701,0.2472766884531591,0.1521739130434776
2024-08-14 15:01:36.304498,2024-08-14 15:01:36.304498,0.24836601307189546,0.1521739130434776
2024-08-14 15:01:36.307311,2024-08-14 15:01:36.307311,0.24945533769063186,0.13043478260869534
2024-08-14 15:01:36.310300,2024-08-14 15:01:36.310300,0.2505446623093682,0.10869565217391308
2024-08-14 15:01:36.313313,2024-08-14 15:01:36.313313,0.25163398692810457,0.14130434782608692
2024-08-14 15:01:36.316296,2024-08-14 15:01:36.316296,0.25272331154684097,0.13043478260869534
2024-08-14 15:01:36.323032,2024-08-14 15:01:36.323032,0.25381263616557737,0.16304347826086918
2024-08-14 15:01:36.328058,2024-08-14 15:01:36.328058,0.2549019607843137,0.16304347826086918
2024-08-14 15:01:36.335560,2024-08-14 15:01:36.335560,0.2559912854030501,0.17391304347826075
2024-08-14 15:01:36.341278,2024-08-14 15:01:36.341278,0.2570806100217865,0.17391304347826075
2024-08-14 15:01:36.372332,2024-08-14 15:01:36.372332,0.2581699346405229,0.19565217391304301
2024-08-14 15:01:36.375184,2024-08-14 15:01:36.375184,0.25925925925925924,0.18478260869565144
2024-08-14 15:01:36.378329,2024-08-14 15:01:36.378329,0.26034858387799564,0.19565217391304301
2024-08-14 15:01:36.381036,2024-08-14 15:01:36.381036,0.26143790849673204,0.11956521739130466
2024-08-14 15:01:36.390972,2024-08-14 15:01:36.390972,0.26252723311546844,0.16304347826086918
2024-08-14 15:01:36.393659,2024-08-14 15:01:36.393659,0.2636165577342048,0.16304347826086918
2024-08-14 15:01:36.396407,2024-08-14 15:01:36.396407,0.2647058823529412,0.1521739130434776
2024-08-14 15:01:36.409725,2024-08-14 15:01:36.409725,0.2657952069716776,0.19565217391304301
2024-08-14 15:01:36.422724,2024-08-14 15:01:36.422724,0.266884531590414,0.2065217391304346
2024-08-14 15:01:36.434788,2024-08-14 15:01:36.434788,0.2679738562091503,0.18478260869565144
2024-08-14 15:01:36.444046,2024-08-14 15:01:36.444046,0.2690631808278867,0.16304347826086918
2024-08-14 15:01:36.447270,2024-08-14 15:01:36.447270,0.2701525054466231,0.1521739130434776
2024-08-14 15:01:36.450021,2024-08-14 15:01:36.450021,0.2712418300653595,0.1521739130434776
2024-08-14 15:01:36.452829,2024-08-14 15:01:36.452829,0.27233115468409586,0.16304347826086918
2024-08-14 15:01:36.456386,2024-08-14 15:01:36.456386,0.27342047930283225,0.17391304347826075
2024-08-14 15:01:36.461161,2024-08-14 15:01:36.461161,0.27450980392156865,0.16304347826086918
2024-08-14 15:01:36.463721,2024-08-14 15:01:36.463721,0.27559912854030505,0.2065217391304346
2024-08-14 15:01:36.467007,2024-08-14 15:01:36.467007,0.2766884531590414,0.19565217391304301
2024-08-14 15:01:36.469673,2024-08-14 15:01:36.469673,0.2777777777777778,0.2065217391304346
2024-08-14 15:01:36.472360,2024-08-14 15:01:36.472360,0.2788671023965142,0.18478260869565144
2024-08-14 15:01:36.475124,2024-08-14 15:01:36.475124,0.27995642701525053,0.21739130434782616
2024-08-14 15:01:36.477672,2024-08-14 15:01:36.477672,0.28104575163398693,0.21739130434782616
2024-08-14 15:01:36.480916,2024-08-14 15:01:36.480916,0.2821350762527233,0.23913043478260843
2024-08-14 15:01:36.483810,2024-08-14 15:01:36.483810,0.2832244008714597,0.23913043478260843
2024-08-14 15:01:36.487314,2024-08-14 15:01:36.487314,0.28431372549019607,0.25
2024-08-14 15:01:36.492816,2024-08-14 15:01:36.492816,0.28540305010893247,0.22826086956521774
2024-08-14 15:01:36.499346,2024-08-14 15:01:36.499346,0.28649237472766886,0.22826086956521774
2024-08-14 15:01:36.502224,2024-08-14 15:01:36.502224,0.28758169934640526,0.25
2024-08-14 15:01:36.506802,2024-08-14 15:01:36.506802,0.2886710239651416,0.25
2024-08-14 15:01:36.510563,2024-08-14 15:01:36.510563,0.289760348583878,0.27173913043478226
2024-08-14 15:01:36.513354,2024-08-14 15:01:36.513354,0.2908496732026144,0.27173913043478226
2024-08-14 15:01:36.516099,2024-08-14 15:01:36.516099,0.2919389978213508,0.23913043478260843
2024-08-14 15:01:36.522814,2024-08-14 15:01:36.522814,0.29302832244008714,0.22826086956521774
2024-08-14 15:01:36.526728,2024-08-14 15:01:36.526728,0.29411764705882354,0.25
2024-08-14 15:01:36.530629,2024-08-14 15:01:36.530629,0.29520697167755994,0.23913043478260843
2024-08-14 15:01:36.538707,2024-08-14 15:01:36.538707,0.29629629629629634,0.22826086956521774
2024-08-14 15:01:36.544946,2024-08-14 15:01:36.544946,0.2973856209150327,0.25
2024-08-14 15:01:36.554660,2024-08-14 15:01:36.554660,0.2984749455337691,0.25
2024-08-14 15:01:36.579343,2024-08-14 15:01:36.579343,0.2995642701525055,0.25
2024-08-14 15:01:36.585223,2024-08-14 15:01:36.585223,0.30065359477124187,0.25
2024-08-14 15:01:36.590803,2024-08-14 15:01:36.590803,0.3017429193899782,0.21739130434782616
2024-08-14 15:01:36.597821,2024-08-14 15:01:36.597821,0.3028322440087146,0.2065217391304346
2024-08-14 15:01:36.626933,2024-08-14 15:01:36.626933,0.303921568627451,0.21739130434782616
2024-08-14 15:01:36.633447,2024-08-14 15:01:36.633447,0.30501089324618735,0.22826086956521774
2024-08-14 15:01:36.636416,2024-08-14 15:01:36.636416,0.30610021786492375,0.18478260869565144
2024-08-14 15:01:36.639647,2024-08-14 15:01:36.639647,0.30718954248366015,0.21739130434782616
2024-08-14 15:01:36.643451,2024-08-14 15:01:36.643451,0.30827886710239655,0.22826086956521774
2024-08-14 15:01:36.646901,2024-08-14 15:01:36.646901,0.3093681917211329,0.21739130434782616
2024-08-14 15:01:36.650062,2024-08-14 15:01:36.650062,0.3104575163398693,0.21739130434782616
2024-08-14 15:01:36.654771,2024-08-14 15:01:36.654771,0.3115468409586057,0.25
2024-08-14 15:01:36.660832,2024-08-14 15:01:36.660832,0.3126361655773421,0.25
2024-08-14 15:01:36.666685,2024-08-14 15:01:36.666685,0.3137254901960784,0.22826086956521774
2024-08-14 15:01:36.687024,2024-08-14 15:01:36.687024,0.3148148148148148,0.22826086956521774
2024-08-14 15:01:36.690717,2024-08-14 15:01:36.690717,0.3159041394335512,0.2608695652173907
2024-08-14 15:01:36.697840,2024-08-14 15:01:36.697840,0.3169934640522876,0.25
2024-08-14 15:01:36.701022,2024-08-14 15:01:36.701022,0.31808278867102396,0.25
2024-08-14 15:01:36.714782,2024-08-14 15:01:36.714782,0.31917211328976036,0.25
2024-08-14 15:01:36.718726,2024-08-14 15:01:36.718726,0.32026143790849676,0.25
2024-08-14 15:01:36.742785,2024-08-14 15:01:36.742785,0.32135076252723316,0.27173913043478226
2024-08-14 15:01:36.753476,2024-08-14 15:01:36.753476,0.3224400871459695,0.25
2024-08-14 15:01:36.757476,2024-08-14 15:01:36.757476,0.3235294117647059,0.23913043478260843
2024-08-14 15:01:36.763833,2024-08-14 15:01:36.763833,0.3246187363834423,0.23913043478260843
2024-08-14 15:01:36.771587,2024-08-14 15:01:36.771587,0.32570806100217864,0.2608695652173907
2024-08-14 15:01:36.775540,2024-08-14 15:01:36.775540,0.32679738562091504,0.2065217391304346
2024-08-14 15:01:36.781729,2024-08-14 15:01:36.781729,0.32788671023965144,0.2608695652173907
2024-08-14 15:01:36.785453,2024-08-14 15:01:36.785453,0.32897603485838783,0.2934782608695645
2024-08-14 15:01:36.789461,2024-08-14 15:01:36.789461,0.3300653594771242,0.2934782608695645
2024-08-14 15:01:36.793274,2024-08-14 15:01:36.793274,0.3311546840958606,0.27173913043478226
2024-08-14 15:01:36.798723,2024-08-14 15:01:36.798723,0.332244008714597,0.3043478260869561
2024-08-14 15:01:36.802930,2024-08-14 15:01:36.802930,0.33333333333333337,0.3043478260869561
2024-08-14 15:01:36.809060,2024-08-14 15:01:36.809060,0.3344226579520697,0.28260869565217384
2024-08-14 15:01:36.812915,2024-08-14 15:01:36.812915,0.3355119825708061,0.2934782608695645
2024-08-14 15:01:36.816478,2024-08-14 15:01:36.816478,0.3366013071895425,0.3043478260869561
2024-08-14 15:01:36.819625,2024-08-14 15:01:36.819625,0.3376906318082789,0.3369565217391308
2024-08-14 15:01:36.822498,2024-08-14 15:01:36.822498,0.33877995642701525,0.3369565217391308
2024-08-14 15:01:36.825913,2024-08-14 15:01:36.825913,0.33986928104575165,0.3478260869565215
2024-08-14 15:01:36.830010,2024-08-14 15:01:36.830010,0.34095860566448805,0.3586956521739131
2024-08-14 15:01:36.834036,2024-08-14 15:01:36.834036,0.34204793028322444,0.3478260869565215
2024-08-14 15:01:36.838718,2024-08-14 15:01:36.838718,0.3431372549019608,0.32608695652173925
2024-08-14 15:01:36.842249,2024-08-14 15:01:36.842249,0.3442265795206972,0.3369565217391308
2024-08-14 15:01:36.852930,2024-08-14 15:01:36.852930,0.3453159041394336,0.3369565217391308
2024-08-14 15:01:36.856675,2024-08-14 15:01:36.856675,0.34640522875817,0.3586956521739131
2024-08-14 15:01:36.870718,2024-08-14 15:01:36.870718,0.3474945533769063,0.3369565217391308
2024-08-14 15:01:36.878697,2024-08-14 15:01:36.878697,0.3485838779956427,0.3586956521739131
2024-08-14 15:01:36.882479,2024-08-14 15:01:36.882479,0.3496732026143791,0.3478260869565215
2024-08-14 15:01:36.885868,2024-08-14 15:01:36.885868,0.35076252723311546,0.3478260869565215
2024-08-14 15:01:36.888646,2024-08-14 15:01:36.888646,0.35185185185185186,0.3369565217391308
2024-08-14 15:01:36.894569,2024-08-14 15:01:36.894569,0.35294117647058826,0.3586956521739131
2024-08-14 15:01:36.897234,2024-08-14 15:01:36.897234,0.35403050108932466,0.31521739130434767
2024-08-14 15:01:36.918642,2024-08-14 15:01:36.918642,0.355119825708061,0.3369565217391308
2024-08-14 15:01:36.922745,2024-08-14 15:01:36.922745,0.3562091503267974,0.3478260869565215
2024-08-14 15:01:36.926015,2024-08-14 15:01:36.926015,0.3572984749455338,0.36956521739130377
2024-08-14 15:01:36.930154,2024-08-14 15:01:36.930154,0.3583877995642702,0.3369565217391308
2024-08-14 15:01:36.933032,2024-08-14 15:01:36.933032,0.35947712418300654,0.3478260869565215
2024-08-14 15:01:36.935586,2024-08-14 15:01:36.935586,0.36056644880174293,0.3478260869565215
2024-08-14 15:01:36.938540,2024-08-14 15:01:36.938540,0.36165577342047933,0.3369565217391308
2024-08-14 15:01:36.942487,2024-08-14 15:01:36.942487,0.36274509803921573,0.3369565217391308
2024-08-14 15:01:36.945215,2024-08-14 15:01:36.945215,0.3638344226579521,0.32608695652173925
2024-08-14 15:01:36.974723,2024-08-14 15:01:36.974723,0.36492374727668847,0.32608695652173925
2024-08-14 15:01:36.978734,2024-08-14 15:01:36.978734,0.36601307189542487,0.3478260869565215
2024-08-14 15:01:36.982680,2024-08-14 15:01:36.982680,0.36710239651416127,0.3478260869565215
2024-08-14 15:01:36.987298,2024-08-14 15:01:36.987298,0.3681917211328976,0.3478260869565215
2024-08-14 15:01:36.990561,2024-08-14 15:01:36.990561,0.369281045751634,0.38043478260869534
2024-08-14 15:01:36.993472,2024-08-14 15:01:36.993472,0.3703703703703704,0.36956521739130377
2024-08-14 15:01:36.999707,2024-08-14 15:01:36.999707,0.37145969498910675,0.36956521739130377
2024-08-14 15:01:37.004537,2024-08-14 15:01:37.004537,0.37254901960784315,0.4021739130434776
2024-08-14 15:01:37.008201,2024-08-14 15:01:37.008201,0.37363834422657954,0.4021739130434776
2024-08-14 15:01:37.014852,2024-08-14 15:01:37.014852,0.37472766884531594,0.38043478260869534
2024-08-14 15:01:37.018706,2024-08-14 15:01:37.018706,0.3758169934640523,0.38043478260869534
2024-08-14 15:01:37.023078,2024-08-14 15:01:37.023078,0.3769063180827887,0.4130434782608692
2024-08-14 15:01:37.026625,2024-08-14 15:01:37.026625,0.3779956427015251,0.4021739130434776
2024-08-14 15:01:37.029466,2024-08-14 15:01:37.029466,0.3790849673202615,0.38043478260869534
2024-08-14 15:01:37.038766,2024-08-14 15:01:37.038766,0.3801742919389978,0.4130434782608692
2024-08-14 15:01:37.041416,2024-08-14 15:01:37.041416,0.3812636165577342,0.42391304347826075
2024-08-14 15:01:37.050728,2024-08-14 15:01:37.050728,0.3823529411764706,0.43478260869565233
2024-08-14 15:01:37.054654,2024-08-14 15:01:37.054654,0.383442265795207,0.4456521739130439
2024-08-14 15:01:37.074835,2024-08-14 15:01:37.074835,0.38453159041394336,0.46739130434782616
2024-08-14 15:01:37.078654,2024-08-14 15:01:37.078654,0.38562091503267976,0.43478260869565233
2024-08-14 15:01:37.082825,2024-08-14 15:01:37.082825,0.38671023965141615,0.4565217391304346
2024-08-14 15:01:37.086763,2024-08-14 15:01:37.086763,0.38779956427015255,0.4565217391304346
2024-08-14 15:01:37.090635,2024-08-14 15:01:37.090635,0.3888888888888889,0.46739130434782616
2024-08-14 15:01:37.094720,2024-08-14 15:01:37.094720,0.3899782135076253,0.5108695652173907
2024-08-14 15:01:37.104622,2024-08-14 15:01:37.104622,0.3910675381263617,0.5
2024-08-14 15:01:37.109668,2024-08-14 15:01:37.109668,0.3921568627450981,0.5108695652173907
2024-08-14 15:01:37.112456,2024-08-14 15:01:37.112456,0.39324618736383443,0.5
2024-08-14 15:01:37.117670,2024-08-14 15:01:37.117670,0.39433551198257083,0.5108695652173907
2024-08-14 15:01:37.120765,2024-08-14 15:01:37.120765,0.39542483660130723,0.5326086956521738
2024-08-14 15:01:37.123969,2024-08-14 15:01:37.123969,0.39651416122004357,0.5434782608695654
2024-08-14 15:01:37.126924,2024-08-14 15:01:37.126924,0.39760348583877997,0.5652173913043477
2024-08-14 15:01:37.130029,2024-08-14 15:01:37.130029,0.39869281045751637,0.554347826086957
2024-08-14 15:01:37.134180,2024-08-14 15:01:37.134180,0.39978213507625276,0.554347826086957
2024-08-14 15:01:37.136976,2024-08-14 15:01:37.136976,0.4008714596949891,0.5652173913043477
2024-08-14 15:01:37.139984,2024-08-14 15:01:37.139984,0.4019607843137255,0.5652173913043477
2024-08-14 15:01:37.143320,2024-08-14 15:01:37.143320,0.4030501089324619,0.5869565217391299
2024-08-14 15:01:37.174521,2024-08-14 15:01:37.174521,0.4041394335511983,0.5978260869565215
2024-08-14 15:01:37.178750,2024-08-14 15:01:37.178750,0.40522875816993464,0.5978260869565215
2024-08-14 15:01:37.182025,2024-08-14 15:01:37.182025,0.40631808278867104,0.6195652173913038
2024-08-14 15:01:37.185494,2024-08-14 15:01:37.185494,0.40740740740740744,0.6195652173913038
2024-08-14 15:01:37.190859,2024-08-14 15:01:37.190859,0.40849673202614384,0.5869565217391299
2024-08-14 15:01:37.196149,2024-08-14 15:01:37.196149,0.4095860566448802,0.5652173913043477
2024-08-14 15:01:37.207305,2024-08-14 15:01:37.207305,0.4106753812636166,0.5869565217391299
2024-08-14 15:01:37.211951,2024-08-14 15:01:37.211951,0.411764705882353,0.5978260869565215
2024-08-14 15:01:37.215174,2024-08-14 15:01:37.215174,0.4128540305010894,0.5978260869565215
2024-08-14 15:01:37.223188,2024-08-14 15:01:37.223188,0.4139433551198257,0.6195652173913038
2024-08-14 15:01:37.231596,2024-08-14 15:01:37.231596,0.4150326797385621,0.6086956521739131
2024-08-14 15:01:37.236368,2024-08-14 15:01:37.236368,0.4161220043572985,0.6086956521739131
2024-08-14 15:01:37.239538,2024-08-14 15:01:37.239538,0.4172113289760349,0.6304347826086953
2024-08-14 15:01:37.247040,2024-08-14 15:01:37.247040,0.41830065359477125,0.6413043478260869
2024-08-14 15:01:37.250415,2024-08-14 15:01:37.250415,0.41938997821350765,0.6413043478260869
2024-08-14 15:01:37.253173,2024-08-14 15:01:37.253173,0.42047930283224405,0.6086956521739131
2024-08-14 15:01:37.256194,2024-08-14 15:01:37.256194,0.4215686274509804,0.6195652173913038
2024-08-14 15:01:37.258798,2024-08-14 15:01:37.258798,0.4226579520697168,0.6304347826086953
2024-08-14 15:01:37.273186,2024-08-14 15:01:37.273186,0.4237472766884532,0.6086956521739131
2024-08-14 15:01:37.276003,2024-08-14 15:01:37.276003,0.4248366013071896,0.6195652173913038
2024-08-14 15:01:37.281921,2024-08-14 15:01:37.281921,0.42592592592592593,0.6086956521739131
2024-08-14 15:01:37.289402,2024-08-14 15:01:37.289402,0.42701525054466233,0.5978260869565215
2024-08-14 15:01:37.293634,2024-08-14 15:01:37.293634,0.4281045751633987,0.6086956521739131
2024-08-14 15:01:37.305054,2024-08-14 15:01:37.305054,0.4291938997821351,0.6195652173913038
2024-08-14 15:01:37.309288,2024-08-14 15:01:37.309288,0.43028322440087147,0.5978260869565215
2024-08-14 15:01:37.322515,2024-08-14 15:01:37.322515,0.43137254901960786,0.6304347826086953
2024-08-14 15:01:37.328182,2024-08-14 15:01:37.328182,0.43246187363834426,0.6304347826086953
2024-08-14 15:01:37.333981,2024-08-14 15:01:37.333981,0.43355119825708066,0.6521739130434776
2024-08-14 15:01:37.338457,2024-08-14 15:01:37.338457,0.434640522875817,0.6630434782608701
2024-08-14 15:01:37.341270,2024-08-14 15:01:37.341270,0.4357298474945534,0.6739130434782608
2024-08-14 15:01:37.345086,2024-08-14 15:01:37.345086,0.4368191721132898,0.6086956521739131
2024-08-14 15:01:37.348083,2024-08-14 15:01:37.348083,0.4379084967320262,0.6195652173913038
2024-08-14 15:01:37.372564,2024-08-14 15:01:37.372564,0.43899782135076254,0.6195652173913038
2024-08-14 15:01:37.375626,2024-08-14 15:01:37.375626,0.44008714596949894,0.5869565217391299
2024-08-14 15:01:37.379573,2024-08-14 15:01:37.379573,0.44117647058823534,0.6195652173913038
2024-08-14 15:01:37.383045,2024-08-14 15:01:37.383045,0.4422657952069717,0.6304347826086953
2024-08-14 15:01:37.386632,2024-08-14 15:01:37.386632,0.4433551198257081,0.5978260869565215
2024-08-14 15:01:37.396386,2024-08-14 15:01:37.396386,0.4444444444444445,0.6086956521739131
2024-08-14 15:01:37.399131,2024-08-14 15:01:37.399131,0.4455337690631809,0.6195652173913038
2024-08-14 15:01:37.403286,2024-08-14 15:01:37.403286,0.4466230936819172,0.6195652173913038
2024-08-14 15:01:37.406647,2024-08-14 15:01:37.406647,0.4477124183006536,0.6304347826086953
2024-08-14 15:01:37.410989,2024-08-14 15:01:37.410989,0.44880174291939,0.6630434782608701
2024-08-14 15:01:37.417016,2024-08-14 15:01:37.417016,0.4498910675381264,0.6304347826086953
2024-08-14 15:01:37.427833,2024-08-14 15:01:37.427833,0.45098039215686275,0.6413043478260869
2024-08-14 15:01:37.430671,2024-08-14 15:01:37.430671,0.45206971677559915,0.6521739130434776
2024-08-14 15:01:37.434867,2024-08-14 15:01:37.434867,0.45315904139433555,0.6521739130434776
2024-08-14 15:01:37.437918,2024-08-14 15:01:37.437918,0.45424836601307195,0.6521739130434776
2024-08-14 15:01:37.442732,2024-08-14 15:01:37.442732,0.4553376906318083,0.6630434782608701
2024-08-14 15:01:37.446661,2024-08-14 15:01:37.446661,0.4564270152505447,0.6521739130434776
2024-08-14 15:01:37.450740,2024-08-14 15:01:37.450740,0.4575163398692811,0.6304347826086953
2024-08-14 15:01:37.458650,2024-08-14 15:01:37.458650,0.4586056644880175,0.6195652173913038
2024-08-14 15:01:37.462657,2024-08-14 15:01:37.462657,0.4596949891067538,0.6086956521739131
2024-08-14 15:01:37.472328,2024-08-14 15:01:37.472328,0.4607843137254902,0.6195652173913038
2024-08-14 15:01:37.478369,2024-08-14 15:01:37.478369,0.4618736383442266,0.6086956521739131
2024-08-14 15:01:37.481787,2024-08-14 15:01:37.481787,0.462962962962963,0.6739130434782608
2024-08-14 15:01:37.485147,2024-08-14 15:01:37.485147,0.46405228758169936,0.6521739130434776
2024-08-14 15:01:37.487841,2024-08-14 15:01:37.487841,0.46514161220043576,0.6739130434782608
2024-08-14 15:01:37.491448,2024-08-14 15:01:37.491448,0.46623093681917216,0.6739130434782608
2024-08-14 15:01:37.495297,2024-08-14 15:01:37.495297,0.4673202614379085,0.6413043478260869
2024-08-14 15:01:37.499411,2024-08-14 15:01:37.499411,0.4684095860566449,0.6521739130434776
2024-08-14 15:01:37.502722,2024-08-14 15:01:37.502722,0.4694989106753813,0.6521739130434776
2024-08-14 15:01:37.506012,2024-08-14 15:01:37.506012,0.4705882352941177,0.6304347826086953
2024-08-14 15:01:37.511053,2024-08-14 15:01:37.511053,0.47167755991285404,0.6521739130434776
2024-08-14 15:01:37.518708,2024-08-14 15:01:37.518708,0.47276688453159044,0.6521739130434776
2024-08-14 15:01:37.522755,2024-08-14 15:01:37.522755,0.47385620915032683,0.6739130434782608
2024-08-14 15:01:37.528466,2024-08-14 15:01:37.528466,0.47494553376906323,0.6956521739130439
2024-08-14 15:01:37.533624,2024-08-14 15:01:37.533624,0.4760348583877996,0.7065217391304346
2024-08-14 15:01:37.540714,2024-08-14 15:01:37.540714,0.477124183006536,0.7065217391304346
2024-08-14 15:01:37.546678,2024-08-14 15:01:37.546678,0.47821350762527237,0.6847826086956532
2024-08-14 15:01:37.550300,2024-08-14 15:01:37.550300,0.47930283224400877,0.6847826086956532
2024-08-14 15:01:37.559722,2024-08-14 15:01:37.559722,0.4803921568627451,0.6847826086956532
2024-08-14 15:01:37.588115,2024-08-14 15:01:37.588115,0.4814814814814815,0.6956521739130439
2024-08-14 15:01:37.610781,2024-08-14 15:01:37.610781,0.4825708061002179,0.7065217391304346
2024-08-14 15:01:37.616506,2024-08-14 15:01:37.616506,0.4836601307189543,0.7173913043478262
2024-08-14 15:01:37.621299,2024-08-14 15:01:37.621299,0.48474945533769065,0.7173913043478262
2024-08-14 15:01:37.626733,2024-08-14 15:01:37.626733,0.48583877995642705,0.7391304347826093
2024-08-14 15:01:37.630845,2024-08-14 15:01:37.630845,0.48692810457516345,0.7391304347826093
2024-08-14 15:01:37.637371,2024-08-14 15:01:37.637371,0.4880174291938998,0.7282608695652169
2024-08-14 15:01:37.643255,2024-08-14 15:01:37.643255,0.4891067538126362,0.7065217391304346
2024-08-14 15:01:37.650734,2024-08-14 15:01:37.650734,0.4901960784313726,0.7173913043478262
2024-08-14 15:01:37.656624,2024-08-14 15:01:37.656624,0.491285403050109,0.7065217391304346
2024-08-14 15:01:37.659844,2024-08-14 15:01:37.659844,0.4923747276688453,0.7391304347826093
2024-08-14 15:01:37.663075,2024-08-14 15:01:37.663075,0.4934640522875817,0.75
2024-08-14 15:01:37.666618,2024-08-14 15:01:37.666618,0.4945533769063181,0.7391304347826093
2024-08-14 15:01:37.671268,2024-08-14 15:01:37.671268,0.4956427015250545,0.75
2024-08-14 15:01:37.678675,2024-08-14 15:01:37.678675,0.49673202614379086,0.7391304347826093
2024-08-14 15:01:37.686732,2024-08-14 15:01:37.686732,0.49782135076252726,0.75
2024-08-14 15:01:37.690573,2024-08-14 15:01:37.690573,0.4989106753812636,0.7608695652173907
2024-08-14 15:01:37.693968,2024-08-14 15:01:37.693968,0.5000000000000001,0.7608695652173907
2024-08-14 15:01:37.710706,2024-08-14 15:01:37.710706,0.5010893246187365,0.7717391304347831
2024-08-14 15:01:37.718570,2024-08-14 15:01:37.718570,0.5021786492374729,0.7934782608695663
2024-08-14 15:01:37.722748,2024-08-14 15:01:37.722748,0.5032679738562092,0.7934782608695663
2024-08-14 15:01:37.728546,2024-08-14 15:01:37.728546,0.5043572984749456,0.7826086956521738
2024-08-14 15:01:37.733182,2024-08-14 15:01:37.733182,0.505446623093682,0.7934782608695663
2024-08-14 15:01:37.736794,2024-08-14 15:01:37.736794,0.5065359477124184,0.7934782608695663
2024-08-14 15:01:37.740561,2024-08-14 15:01:37.740561,0.5076252723311547,0.7934782608695663
2024-08-14 15:01:37.744436,2024-08-14 15:01:37.744436,0.5087145969498912,0.7826086956521738
2024-08-14 15:01:37.748207,2024-08-14 15:01:37.748207,0.5098039215686275,0.7934782608695663
2024-08-14 15:01:37.752018,2024-08-14 15:01:37.752018,0.5108932461873639,0.804347826086957
2024-08-14 15:01:37.764499,2024-08-14 15:01:37.764499,0.5119825708061003,0.804347826086957
2024-08-14 15:01:37.767539,2024-08-14 15:01:37.767539,0.5130718954248367,0.7934782608695663
2024-08-14 15:01:37.774696,2024-08-14 15:01:37.774696,0.5141612200435731,0.8260869565217392
2024-08-14 15:01:37.778640,2024-08-14 15:01:37.778640,0.5152505446623095,0.804347826086957
2024-08-14 15:01:37.782613,2024-08-14 15:01:37.782613,0.5163398692810458,0.8152173913043477
2024-08-14 15:01:37.790842,2024-08-14 15:01:37.790842,0.5174291938997823,0.8260869565217392
2024-08-14 15:01:37.794436,2024-08-14 15:01:37.794436,0.5185185185185186,0.804347826086957
2024-08-14 15:01:37.798012,2024-08-14 15:01:37.798012,0.5196078431372549,0.8260869565217392
2024-08-14 15:01:37.805266,2024-08-14 15:01:37.805266,0.5206971677559914,0.8260869565217392
2024-08-14 15:01:37.815391,2024-08-14 15:01:37.815391,0.5217864923747277,0.8260869565217392
2024-08-14 15:01:37.818781,2024-08-14 15:01:37.818781,0.5228758169934642,0.8369565217391299
2024-08-14 15:01:37.822741,2024-08-14 15:01:37.822741,0.5239651416122005,0.8478260869565224
2024-08-14 15:01:37.826664,2024-08-14 15:01:37.826664,0.5250544662309369,0.8260869565217392
2024-08-14 15:01:37.829902,2024-08-14 15:01:37.829902,0.5261437908496733,0.8369565217391299
2024-08-14 15:01:37.833592,2024-08-14 15:01:37.833592,0.5272331154684097,0.8260869565217392
2024-08-14 15:01:37.837084,2024-08-14 15:01:37.837084,0.528322440087146,0.8369565217391299
2024-08-14 15:01:37.846698,2024-08-14 15:01:37.846698,0.5294117647058825,0.8478260869565224
2024-08-14 15:01:37.850671,2024-08-14 15:01:37.850671,0.5305010893246188,0.8695652173913038
2024-08-14 15:01:37.854752,2024-08-14 15:01:37.854752,0.5315904139433553,0.8478260869565224
2024-08-14 15:01:37.857822,2024-08-14 15:01:37.857822,0.5326797385620916,0.8586956521739131
2024-08-14 15:01:37.866682,2024-08-14 15:01:37.866682,0.533769063180828,0.8804347826086962
2024-08-14 15:01:37.870171,2024-08-14 15:01:37.870171,0.5348583877995644,0.8695652173913038
2024-08-14 15:01:37.875933,2024-08-14 15:01:37.875933,0.5359477124183007,0.9130434782608701
2024-08-14 15:01:37.878832,2024-08-14 15:01:37.878832,0.5370370370370371,0.8913043478260869
2024-08-14 15:01:37.884669,2024-08-14 15:01:37.884669,0.5381263616557735,0.8913043478260869
2024-08-14 15:01:37.895333,2024-08-14 15:01:37.895333,0.5392156862745099,0.9021739130434794
2024-08-14 15:01:37.906704,2024-08-14 15:01:37.906704,0.5403050108932462,0.8913043478260869
2024-08-14 15:01:37.947622,2024-08-14 15:01:37.947622,0.5413943355119827,0.9130434782608701
2024-08-14 15:01:37.954781,2024-08-14 15:01:37.954781,0.542483660130719,0.9130434782608701
2024-08-14 15:01:37.958810,2024-08-14 15:01:37.958810,0.5435729847494555,0.9130434782608701
2024-08-14 15:01:37.963187,2024-08-14 15:01:37.963187,0.5446623093681918,0.9021739130434794
2024-08-14 15:01:37.969348,2024-08-14 15:01:37.969348,0.5457516339869282,0.9130434782608701
2024-08-14 15:01:37.974753,2024-08-14 15:01:37.974753,0.5468409586056646,0.9239130434782608
2024-08-14 15:01:37.984139,2024-08-14 15:01:37.984139,0.547930283224401,0.9130434782608701
2024-08-14 15:01:37.990638,2024-08-14 15:01:37.990638,0.5490196078431373,0.945652173913043
2024-08-14 15:01:37.995175,2024-08-14 15:01:37.995175,0.5501089324618738,0.9347826086956523
2024-08-14 15:01:38.002861,2024-08-14 15:01:38.002861,0.5511982570806101,0.9347826086956523
2024-08-14 15:01:38.010658,2024-08-14 15:01:38.010658,0.5522875816993466,0.9239130434782608
2024-08-14 15:01:38.014151,2024-08-14 15:01:38.014151,0.5533769063180829,0.9239130434782608
2024-08-14 15:01:38.018667,2024-08-14 15:01:38.018667,0.5544662309368192,0.9021739130434794
2024-08-14 15:01:38.023073,2024-08-14 15:01:38.023073,0.5555555555555557,0.9130434782608701
2024-08-14 15:01:38.028893,2024-08-14 15:01:38.028893,0.556644880174292,0.9130434782608701
2024-08-14 15:01:38.031596,2024-08-14 15:01:38.031596,0.5577342047930284,0.9021739130434794
2024-08-14 15:01:38.034444,2024-08-14 15:01:38.034444,0.5588235294117648,0.9021739130434794
2024-08-14 15:01:38.042726,2024-08-14 15:01:38.042726,0.5599128540305012,0.9021739130434794
2024-08-14 15:01:38.046674,2024-08-14 15:01:38.046674,0.5610021786492375,0.9021739130434794
2024-08-14 15:01:38.059037,2024-08-14 15:01:38.059037,0.562091503267974,0.8804347826086962
2024-08-14 15:01:38.066613,2024-08-14 15:01:38.066613,0.5631808278867103,0.8804347826086962
2024-08-14 15:01:38.070851,2024-08-14 15:01:38.070851,0.5642701525054468,0.8913043478260869
2024-08-14 15:01:38.075078,2024-08-14 15:01:38.075078,0.5653594771241831,0.9021739130434794
2024-08-14 15:01:38.079850,2024-08-14 15:01:38.079850,0.5664488017429194,0.8804347826086962
2024-08-14 15:01:38.091636,2024-08-14 15:01:38.091636,0.5675381263616559,0.8804347826086962
2024-08-14 15:01:38.096345,2024-08-14 15:01:38.096345,0.5686274509803922,0.8695652173913038
2024-08-14 15:01:38.100208,2024-08-14 15:01:38.100208,0.5697167755991286,0.8586956521739131
2024-08-14 15:01:38.105269,2024-08-14 15:01:38.105269,0.570806100217865,0.8804347826086962
2024-08-14 15:01:38.108344,2024-08-14 15:01:38.108344,0.5718954248366014,0.8695652173913038
2024-08-14 15:01:38.115915,2024-08-14 15:01:38.115915,0.5729847494553378,0.8695652173913038
2024-08-14 15:01:38.130814,2024-08-14 15:01:38.130814,0.5740740740740742,0.8586956521739131
2024-08-14 15:01:38.140008,2024-08-14 15:01:38.140008,0.5751633986928105,0.8913043478260869
2024-08-14 15:01:38.151437,2024-08-14 15:01:38.151437,0.576252723311547,0.8804347826086962
2024-08-14 15:01:38.166728,2024-08-14 15:01:38.166728,0.5773420479302833,0.9021739130434794
2024-08-14 15:01:38.170585,2024-08-14 15:01:38.170585,0.5784313725490197,0.9130434782608701
2024-08-14 15:01:38.174652,2024-08-14 15:01:38.174652,0.5795206971677561,0.9239130434782608
2024-08-14 15:01:38.178642,2024-08-14 15:01:38.178642,0.5806100217864925,0.9347826086956523
2024-08-14 15:01:38.183150,2024-08-14 15:01:38.183150,0.5816993464052288,0.9347826086956523
2024-08-14 15:01:38.185829,2024-08-14 15:01:38.185829,0.5827886710239653,0.9239130434782608
2024-08-14 15:01:38.188384,2024-08-14 15:01:38.188384,0.5838779956427016,0.9130434782608701
2024-08-14 15:01:38.191021,2024-08-14 15:01:38.191021,0.584967320261438,0.8804347826086962
2024-08-14 15:01:38.193832,2024-08-14 15:01:38.193832,0.5860566448801744,0.8913043478260869
2024-08-14 15:01:38.196482,2024-08-14 15:01:38.196482,0.5871459694989107,0.8913043478260869
2024-08-14 15:01:38.203399,2024-08-14 15:01:38.203399,0.5882352941176472,0.8804347826086962
2024-08-14 15:01:38.214693,2024-08-14 15:01:38.214693,0.5893246187363835,0.8804347826086962
2024-08-14 15:01:38.226772,2024-08-14 15:01:38.226772,0.5904139433551199,0.8804347826086962
2024-08-14 15:01:38.230631,2024-08-14 15:01:38.230631,0.5915032679738563,0.8695652173913038
2024-08-14 15:01:38.234872,2024-08-14 15:01:38.234872,0.5925925925925927,0.9021739130434794
2024-08-14 15:01:38.244928,2024-08-14 15:01:38.244928,0.5936819172113291,0.9130434782608701
2024-08-14 15:01:38.248216,2024-08-14 15:01:38.248216,0.5947712418300655,0.9021739130434794
2024-08-14 15:01:38.253607,2024-08-14 15:01:38.253607,0.5958605664488018,0.9021739130434794
2024-08-14 15:01:38.258658,2024-08-14 15:01:38.258658,0.5969498910675383,0.8804347826086962
2024-08-14 15:01:38.262706,2024-08-14 15:01:38.262706,0.5980392156862746,0.8913043478260869
2024-08-14 15:01:38.266768,2024-08-14 15:01:38.266768,0.599128540305011,0.8913043478260869
2024-08-14 15:01:38.272090,2024-08-14 15:01:38.272090,0.6002178649237474,0.9021739130434794
2024-08-14 15:01:38.282739,2024-08-14 15:01:38.282739,0.6013071895424837,0.9239130434782608
2024-08-14 15:01:38.295246,2024-08-14 15:01:38.295246,0.6023965141612202,0.9239130434782608
2024-08-14 15:01:38.302809,2024-08-14 15:01:38.302809,0.6034858387799565,0.9130434782608701
2024-08-14 15:01:38.315650,2024-08-14 15:01:38.315650,0.6045751633986929,0.9130434782608701
2024-08-14 15:01:38.322794,2024-08-14 15:01:38.322794,0.6056644880174293,0.9239130434782608
2024-08-14 15:01:38.326785,2024-08-14 15:01:38.326785,0.6067538126361657,0.9021739130434794
2024-08-14 15:01:38.341284,2024-08-14 15:01:38.341284,0.607843137254902,0.9021739130434794
2024-08-14 15:01:38.350719,2024-08-14 15:01:38.350719,0.6089324618736385,0.9239130434782608
2024-08-14 15:01:38.355368,2024-08-14 15:01:38.355368,0.6100217864923748,0.9239130434782608
2024-08-14 15:01:38.363054,2024-08-14 15:01:38.363054,0.6111111111111112,0.9347826086956523
2024-08-14 15:01:38.371552,2024-08-14 15:01:38.371552,0.6122004357298476,0.9347826086956523
2024-08-14 15:01:38.378735,2024-08-14 15:01:38.378735,0.613289760348584,0.9347826086956523
2024-08-14 15:01:38.382376,2024-08-14 15:01:38.382376,0.6143790849673204,0.945652173913043
2024-08-14 15:01:38.385148,2024-08-14 15:01:38.385148,0.6154684095860568,0.945652173913043
2024-08-14 15:01:38.388172,2024-08-14 15:01:38.388172,0.6165577342047931,0.9347826086956523
2024-08-14 15:01:38.390842,2024-08-14 15:01:38.390842,0.6176470588235295,0.9565217391304355
2024-08-14 15:01:38.393521,2024-08-14 15:01:38.393521,0.6187363834422659,0.9130434782608701
2024-08-14 15:01:38.401705,2024-08-14 15:01:38.401705,0.6198257080610022,0.9130434782608701
2024-08-14 15:01:38.404874,2024-08-14 15:01:38.404874,0.6209150326797387,0.9239130434782608
2024-08-14 15:01:38.412136,2024-08-14 15:01:38.412136,0.622004357298475,0.9239130434782608
2024-08-14 15:01:38.415060,2024-08-14 15:01:38.415060,0.6230936819172115,0.9239130434782608
2024-08-14 15:01:38.419563,2024-08-14 15:01:38.419563,0.6241830065359478,0.9239130434782608
2024-08-14 15:01:38.422764,2024-08-14 15:01:38.422764,0.6252723311546842,0.9130434782608701
2024-08-14 15:01:38.427212,2024-08-14 15:01:38.427212,0.6263616557734206,0.9021739130434794
2024-08-14 15:01:38.430400,2024-08-14 15:01:38.430400,0.627450980392157,0.9021739130434794
2024-08-14 15:01:38.433360,2024-08-14 15:01:38.433360,0.6285403050108933,0.9239130434782608
2024-08-14 15:01:38.436807,2024-08-14 15:01:38.436807,0.6296296296296298,0.9239130434782608
2024-08-14 15:01:38.442570,2024-08-14 15:01:38.442570,0.6307189542483661,0.9347826086956523
2024-08-14 15:01:38.456772,2024-08-14 15:01:38.456772,0.6318082788671024,0.9347826086956523
2024-08-14 15:01:38.461806,2024-08-14 15:01:38.461806,0.6328976034858389,0.9347826086956523
2024-08-14 15:01:38.470713,2024-08-14 15:01:38.470713,0.6339869281045752,0.9565217391304355
2024-08-14 15:01:38.475654,2024-08-14 15:01:38.475654,0.6350762527233117,0.9347826086956523
2024-08-14 15:01:38.479745,2024-08-14 15:01:38.479745,0.636165577342048,0.9565217391304355
2024-08-14 15:01:38.482651,2024-08-14 15:01:38.482651,0.6372549019607844,0.9673913043478262
2024-08-14 15:01:38.485264,2024-08-14 15:01:38.485264,0.6383442265795208,0.9673913043478262
2024-08-14 15:01:38.488690,2024-08-14 15:01:38.488690,0.6394335511982572,0.9673913043478262
2024-08-14 15:01:38.494622,2024-08-14 15:01:38.494622,0.6405228758169935,0.9673913043478262
2024-08-14 15:01:38.501049,2024-08-14 15:01:38.501049,0.64161220043573,0.9565217391304355
2024-08-14 15:01:38.504661,2024-08-14 15:01:38.504661,0.6427015250544663,0.9782608695652169
2024-08-14 15:01:38.507609,2024-08-14 15:01:38.507609,0.6437908496732028,0.9782608695652169
2024-08-14 15:01:38.514670,2024-08-14 15:01:38.514670,0.6448801742919391,0.9782608695652169
2024-08-14 15:01:38.518933,2024-08-14 15:01:38.518933,0.6459694989106755,0.9782608695652169
2024-08-14 15:01:38.529061,2024-08-14 15:01:38.529061,0.6470588235294119,0.9891304347826093
2024-08-14 15:01:38.533231,2024-08-14 15:01:38.533231,0.6481481481481483,0.9891304347826093
2024-08-14 15:01:38.536261,2024-08-14 15:01:38.536261,0.6492374727668846,0.9782608695652169
2024-08-14 15:01:38.539736,2024-08-14 15:01:38.539736,0.650326797385621,0.9782608695652169
2024-08-14 15:01:38.542578,2024-08-14 15:01:38.542578,0.6514161220043574,0.9891304347826093
2024-08-14 15:01:38.546993,2024-08-14 15:01:38.546993,0.6525054466230937,0.9891304347826093
2024-08-14 15:01:38.550720,2024-08-14 15:01:38.550720,0.6535947712418302,0.9782608695652169
2024-08-14 15:01:38.555042,2024-08-14 15:01:38.555042,0.6546840958605665,0.9782608695652169
2024-08-14 15:01:38.558019,2024-08-14 15:01:38.558019,0.655773420479303,0.9782608695652169
2024-08-14 15:01:38.563704,2024-08-14 15:01:38.563704,0.6568627450980393,0.9673913043478262
2024-08-14 15:01:38.572310,2024-08-14 15:01:38.572310,0.6579520697167757,0.9673913043478262
2024-08-14 15:01:38.575138,2024-08-14 15:01:38.575138,0.6590413943355121,0.9673913043478262
2024-08-14 15:01:38.579169,2024-08-14 15:01:38.579169,0.6601307189542485,0.9673913043478262
2024-08-14 15:01:38.582616,2024-08-14 15:01:38.582616,0.6612200435729848,0.9673913043478262
2024-08-14 15:01:38.586909,2024-08-14 15:01:38.586909,0.6623093681917213,0.9891304347826093
2024-08-14 15:01:38.590599,2024-08-14 15:01:38.590599,0.6633986928104576,0.9891304347826093
2024-08-14 15:01:38.598634,2024-08-14 15:01:38.598634,0.6644880174291941,0.9782608695652169
2024-08-14 15:01:38.606676,2024-08-14 15:01:38.606676,0.6655773420479304,0.9891304347826093
2024-08-14 15:01:38.614693,2024-08-14 15:01:38.614693,0.6666666666666667,0.9891304347826093
2024-08-14 15:01:38.618628,2024-08-14 15:01:38.618628,0.6677559912854032,0.9891304347826093
2024-08-14 15:01:38.630668,2024-08-14 15:01:38.630668,0.6688453159041395,0.9673913043478262
2024-08-14 15:01:38.638670,2024-08-14 15:01:38.638670,0.6699346405228759,0.9782608695652169
2024-08-14 15:01:38.644793,2024-08-14 15:01:38.644793,0.6710239651416123,0.9782608695652169
2024-08-14 15:01:38.648828,2024-08-14 15:01:38.648828,0.6721132897603487,0.9782608695652169
2024-08-14 15:01:38.662722,2024-08-14 15:01:38.662722,0.673202614379085,0.9782608695652169
2024-08-14 15:01:38.666676,2024-08-14 15:01:38.666676,0.6742919389978215,0.9673913043478262
2024-08-14 15:01:38.673405,2024-08-14 15:01:38.673405,0.6753812636165578,0.9673913043478262
2024-08-14 15:01:38.678990,2024-08-14 15:01:38.678990,0.6764705882352943,0.9673913043478262
2024-08-14 15:01:38.682312,2024-08-14 15:01:38.682312,0.6775599128540306,0.9782608695652169
2024-08-14 15:01:38.687234,2024-08-14 15:01:38.687234,0.678649237472767,0.9782608695652169
2024-08-14 15:01:38.690735,2024-08-14 15:01:38.690735,0.6797385620915034,1.0
2024-08-14 15:01:38.695005,2024-08-14 15:01:38.695005,0.6808278867102397,1.0
2024-08-14 15:01:38.702695,2024-08-14 15:01:38.702695,0.6819172113289761,1.0
2024-08-14 15:01:38.708407,2024-08-14 15:01:38.708407,0.6830065359477125,1.0
2024-08-14 15:01:38.712213,2024-08-14 15:01:38.712213,0.6840958605664489,0.9782608695652169
2024-08-14 15:01:38.716835,2024-08-14 15:01:38.716835,0.6851851851851853,0.9782608695652169
2024-08-14 15:01:38.723345,2024-08-14 15:01:38.723345,0.6862745098039217,0.9565217391304355
2024-08-14 15:01:38.726668,2024-08-14 15:01:38.726668,0.687363834422658,0.9565217391304355
2024-08-14 15:01:38.734757,2024-08-14 15:01:38.734757,0.6884531590413945,0.9565217391304355
2024-08-14 15:01:38.738788,2024-08-14 15:01:38.738788,0.6895424836601308,0.945652173913043
2024-08-14 15:01:38.742832,2024-08-14 15:01:38.742832,0.6906318082788672,0.9565217391304355
2024-08-14 15:01:38.746646,2024-08-14 15:01:38.746646,0.6917211328976036,0.9673913043478262
2024-08-14 15:01:38.754777,2024-08-14 15:01:38.754777,0.69281045751634,0.9891304347826093
2024-08-14 15:01:38.758691,2024-08-14 15:01:38.758691,0.6938997821350764,0.9782608695652169
2024-08-14 15:01:38.763582,2024-08-14 15:01:38.763582,0.6949891067538128,0.9891304347826093
2024-08-14 15:01:38.774691,2024-08-14 15:01:38.774691,0.6960784313725491,0.9565217391304355
2024-08-14 15:01:38.782707,2024-08-14 15:01:38.782707,0.6971677559912856,0.9347826086956523
2024-08-14 15:01:38.786805,2024-08-14 15:01:38.786805,0.6982570806100219,0.9347826086956523
2024-08-14 15:01:38.790674,2024-08-14 15:01:38.790674,0.6993464052287582,0.945652173913043
2024-08-14 15:01:38.794751,2024-08-14 15:01:38.794751,0.7004357298474947,0.9130434782608701
2024-08-14 15:01:38.798663,2024-08-14 15:01:38.798663,0.701525054466231,0.945652173913043
2024-08-14 15:01:38.802682,2024-08-14 15:01:38.802682,0.7026143790849674,0.9347826086956523
2024-08-14 15:01:38.806646,2024-08-14 15:01:38.806646,0.7037037037037038,0.9347826086956523
2024-08-14 15:01:38.817491,2024-08-14 15:01:38.817491,0.7047930283224402,0.9347826086956523
2024-08-14 15:01:38.822690,2024-08-14 15:01:38.822690,0.7058823529411766,0.9130434782608701
2024-08-14 15:01:38.834648,2024-08-14 15:01:38.834648,0.706971677559913,0.945652173913043
2024-08-14 15:01:38.838640,2024-08-14 15:01:38.838640,0.7080610021786493,0.9239130434782608
2024-08-14 15:01:38.842775,2024-08-14 15:01:38.842775,0.7091503267973858,0.9347826086956523
2024-08-14 15:01:38.852527,2024-08-14 15:01:38.852527,0.7102396514161221,0.9347826086956523
2024-08-14 15:01:38.858620,2024-08-14 15:01:38.858620,0.7113289760348585,0.9239130434782608
2024-08-14 15:01:38.865588,2024-08-14 15:01:38.865588,0.7124183006535949,0.9130434782608701
2024-08-14 15:01:38.874190,2024-08-14 15:01:38.874190,0.7135076252723312,0.9239130434782608
2024-08-14 15:01:38.878789,2024-08-14 15:01:38.878789,0.7145969498910677,0.9347826086956523
2024-08-14 15:01:38.883617,2024-08-14 15:01:38.883617,0.715686274509804,0.9239130434782608
2024-08-14 15:01:38.894329,2024-08-14 15:01:38.894329,0.7167755991285404,0.9021739130434794
2024-08-14 15:01:38.901362,2024-08-14 15:01:38.901362,0.7178649237472768,0.8913043478260869
2024-08-14 15:01:38.906670,2024-08-14 15:01:38.906670,0.7189542483660132,0.9021739130434794
2024-08-14 15:01:38.910703,2024-08-14 15:01:38.910703,0.7200435729847495,0.9021739130434794
2024-08-14 15:01:38.925674,2024-08-14 15:01:38.925674,0.721132897603486,0.8913043478260869
2024-08-14 15:01:38.934785,2024-08-14 15:01:38.934785,0.7222222222222223,0.9021739130434794
2024-08-14 15:01:38.939746,2024-08-14 15:01:38.939746,0.7233115468409587,0.9021739130434794
2024-08-14 15:01:38.942708,2024-08-14 15:01:38.942708,0.7244008714596951,0.9130434782608701
2024-08-14 15:01:38.946392,2024-08-14 15:01:38.946392,0.7254901960784315,0.8804347826086962
2024-08-14 15:01:38.949580,2024-08-14 15:01:38.949580,0.7265795206971679,0.8695652173913038
2024-08-14 15:01:38.957401,2024-08-14 15:01:38.957401,0.7276688453159043,0.8695652173913038
2024-08-14 15:01:38.962058,2024-08-14 15:01:38.962058,0.7287581699346406,0.8695652173913038
2024-08-14 15:01:38.967219,2024-08-14 15:01:38.967219,0.729847494553377,0.8695652173913038
2024-08-14 15:01:38.970138,2024-08-14 15:01:38.970138,0.7309368191721134,0.8478260869565224
2024-08-14 15:01:38.974660,2024-08-14 15:01:38.974660,0.7320261437908497,0.8695652173913038
2024-08-14 15:01:38.978889,2024-08-14 15:01:38.978889,0.7331154684095862,0.8586956521739131
2024-08-14 15:01:38.982713,2024-08-14 15:01:38.982713,0.7342047930283225,0.8586956521739131
2024-08-14 15:01:38.986394,2024-08-14 15:01:38.986394,0.735294117647059,0.8478260869565224
2024-08-14 15:01:39.000871,2024-08-14 15:01:39.000871,0.7363834422657953,0.8586956521739131
2024-08-14 15:01:39.006781,2024-08-14 15:01:39.006781,0.7374727668845317,0.8695652173913038
2024-08-14 15:01:39.010665,2024-08-14 15:01:39.010665,0.7385620915032681,0.8695652173913038
2024-08-14 15:01:39.015854,2024-08-14 15:01:39.015854,0.7396514161220045,0.8586956521739131
2024-08-14 15:01:39.023316,2024-08-14 15:01:39.023316,0.7407407407407408,0.8369565217391299
2024-08-14 15:01:39.030923,2024-08-14 15:01:39.030923,0.7418300653594773,0.8478260869565224
2024-08-14 15:01:39.034696,2024-08-14 15:01:39.034696,0.7429193899782136,0.8586956521739131
2024-08-14 15:01:39.038689,2024-08-14 15:01:39.038689,0.74400871459695,0.8478260869565224
2024-08-14 15:01:39.042930,2024-08-14 15:01:39.042930,0.7450980392156864,0.8369565217391299
2024-08-14 15:01:39.045661,2024-08-14 15:01:39.045661,0.7461873638344227,0.8478260869565224
2024-08-14 15:01:39.048979,2024-08-14 15:01:39.048979,0.7472766884531592,0.8478260869565224
2024-08-14 15:01:39.054687,2024-08-14 15:01:39.054687,0.7483660130718955,0.8695652173913038
2024-08-14 15:01:39.062805,2024-08-14 15:01:39.062805,0.7494553376906319,0.8695652173913038
2024-08-14 15:01:39.066729,2024-08-14 15:01:39.066729,0.7505446623093683,0.8695652173913038
2024-08-14 15:01:39.070629,2024-08-14 15:01:39.070629,0.7516339869281047,0.8695652173913038
2024-08-14 15:01:39.074807,2024-08-14 15:01:39.074807,0.752723311546841,0.8804347826086962
2024-08-14 15:01:39.078625,2024-08-14 15:01:39.078625,0.7538126361655775,0.8695652173913038
2024-08-14 15:01:39.082837,2024-08-14 15:01:39.082837,0.7549019607843138,0.8695652173913038
2024-08-14 15:01:39.086615,2024-08-14 15:01:39.086615,0.7559912854030503,0.8586956521739131
2024-08-14 15:01:39.089311,2024-08-14 15:01:39.089311,0.7570806100217866,0.8586956521739131
2024-08-14 15:01:39.092838,2024-08-14 15:01:39.092838,0.758169934640523,0.8586956521739131
2024-08-14 15:01:39.099032,2024-08-14 15:01:39.099032,0.7592592592592594,0.8695652173913038
2024-08-14 15:01:39.105294,2024-08-14 15:01:39.105294,0.7603485838779958,0.8804347826086962
2024-08-14 15:01:39.114680,2024-08-14 15:01:39.114680,0.7614379084967321,0.8695652173913038
2024-08-14 15:01:39.119319,2024-08-14 15:01:39.119319,0.7625272331154686,0.8695652173913038
2024-08-14 15:01:39.122821,2024-08-14 15:01:39.122821,0.7636165577342049,0.8804347826086962
2024-08-14 15:01:39.126693,2024-08-14 15:01:39.126693,0.7647058823529413,0.8695652173913038
2024-08-14 15:01:39.130620,2024-08-14 15:01:39.130620,0.7657952069716777,0.8804347826086962
2024-08-14 15:01:39.134677,2024-08-14 15:01:39.134677,0.766884531590414,0.8695652173913038
2024-08-14 15:01:39.141081,2024-08-14 15:01:39.141081,0.7679738562091505,0.8804347826086962
2024-08-14 15:01:39.144537,2024-08-14 15:01:39.144537,0.7690631808278868,0.8913043478260869
2024-08-14 15:01:39.148141,2024-08-14 15:01:39.148141,0.7701525054466232,0.9021739130434794
2024-08-14 15:01:39.151221,2024-08-14 15:01:39.151221,0.7712418300653596,0.9021739130434794
2024-08-14 15:01:39.154536,2024-08-14 15:01:39.154536,0.772331154684096,0.8913043478260869
2024-08-14 15:01:39.159053,2024-08-14 15:01:39.159053,0.7734204793028323,0.8804347826086962
2024-08-14 15:01:39.161753,2024-08-14 15:01:39.161753,0.7745098039215688,0.8478260869565224
2024-08-14 15:01:39.165288,2024-08-14 15:01:39.165288,0.7755991285403051,0.8586956521739131
2024-08-14 15:01:39.175555,2024-08-14 15:01:39.175555,0.7766884531590416,0.8586956521739131
2024-08-14 15:01:39.180491,2024-08-14 15:01:39.180491,0.7777777777777779,0.8586956521739131
2024-08-14 15:01:39.183542,2024-08-14 15:01:39.183542,0.7788671023965142,0.8369565217391299
2024-08-14 15:01:39.191542,2024-08-14 15:01:39.191542,0.7799564270152507,0.8586956521739131
2024-08-14 15:01:39.195927,2024-08-14 15:01:39.195927,0.781045751633987,0.8369565217391299
2024-08-14 15:01:39.199808,2024-08-14 15:01:39.199808,0.7821350762527234,0.8586956521739131
2024-08-14 15:01:39.206631,2024-08-14 15:01:39.206631,0.7832244008714598,0.8586956521739131
2024-08-14 15:01:39.212567,2024-08-14 15:01:39.212567,0.7843137254901962,0.8804347826086962
2024-08-14 15:01:39.218915,2024-08-14 15:01:39.218915,0.7854030501089326,0.8586956521739131
2024-08-14 15:01:39.222703,2024-08-14 15:01:39.222703,0.786492374727669,0.8695652173913038
2024-08-14 15:01:39.228337,2024-08-14 15:01:39.228337,0.7875816993464053,0.8478260869565224
2024-08-14 15:01:39.239434,2024-08-14 15:01:39.239434,0.7886710239651418,0.8695652173913038
2024-08-14 15:01:39.251269,2024-08-14 15:01:39.251269,0.7897603485838781,0.8695652173913038
2024-08-14 15:01:39.259223,2024-08-14 15:01:39.259223,0.7908496732026145,0.8695652173913038
2024-08-14 15:01:39.275172,2024-08-14 15:01:39.275172,0.7919389978213509,0.8695652173913038
2024-08-14 15:01:39.294897,2024-08-14 15:01:39.294897,0.7930283224400873,0.8586956521739131
2024-08-14 15:01:39.298785,2024-08-14 15:01:39.298785,0.7941176470588236,0.8586956521739131
2024-08-14 15:01:39.314728,2024-08-14 15:01:39.314728,0.79520697167756,0.8478260869565224
2024-08-14 15:01:39.318651,2024-08-14 15:01:39.318651,0.7962962962962964,0.8369565217391299
2024-08-14 15:01:39.327641,2024-08-14 15:01:39.327641,0.7973856209150328,0.8260869565217392
2024-08-14 15:01:39.334432,2024-08-14 15:01:39.334432,0.7984749455337692,0.8369565217391299
2024-08-14 15:01:39.343585,2024-08-14 15:01:39.343585,0.7995642701525055,0.8152173913043477
2024-08-14 15:01:39.349785,2024-08-14 15:01:39.349785,0.800653594771242,0.8260869565217392
2024-08-14 15:01:39.353631,2024-08-14 15:01:39.353631,0.8017429193899783,0.8260869565217392
2024-08-14 15:01:39.361294,2024-08-14 15:01:39.361294,0.8028322440087147,0.8260869565217392
2024-08-14 15:01:39.363941,2024-08-14 15:01:39.363941,0.8039215686274511,0.804347826086957
2024-08-14 15:01:39.366604,2024-08-14 15:01:39.366604,0.8050108932461875,0.7934782608695663
2024-08-14 15:01:39.369209,2024-08-14 15:01:39.369209,0.8061002178649239,0.7608695652173907
2024-08-14 15:01:39.372182,2024-08-14 15:01:39.372182,0.8071895424836603,0.75
2024-08-14 15:01:39.374781,2024-08-14 15:01:39.374781,0.8082788671023966,0.75
2024-08-14 15:01:39.377455,2024-08-14 15:01:39.377455,0.8093681917211331,0.7065217391304346
2024-08-14 15:01:39.380162,2024-08-14 15:01:39.380162,0.8104575163398694,0.7282608695652169
2024-08-14 15:01:39.382823,2024-08-14 15:01:39.382823,0.8115468409586057,0.7391304347826093
2024-08-14 15:01:39.385521,2024-08-14 15:01:39.385521,0.8126361655773422,0.7391304347826093
2024-08-14 15:01:39.391898,2024-08-14 15:01:39.391898,0.8137254901960785,0.7717391304347831
2024-08-14 15:01:39.394955,2024-08-14 15:01:39.394955,0.8148148148148149,0.7391304347826093
2024-08-14 15:01:39.402846,2024-08-14 15:01:39.402846,0.8159041394335513,0.7065217391304346
2024-08-14 15:01:39.411205,2024-08-14 15:01:39.411205,0.8169934640522877,0.7065217391304346
2024-08-14 15:01:39.414764,2024-08-14 15:01:39.414764,0.8180827886710241,0.7173913043478262
2024-08-14 15:01:39.418344,2024-08-14 15:01:39.418344,0.8191721132897605,0.7065217391304346
2024-08-14 15:01:39.436940,2024-08-14 15:01:39.436940,0.8202614379084968,0.6847826086956532
2024-08-14 15:01:39.444175,2024-08-14 15:01:39.444175,0.8213507625272333,0.7065217391304346
2024-08-14 15:01:39.451590,2024-08-14 15:01:39.451590,0.8224400871459696,0.6739130434782608
2024-08-14 15:01:39.459911,2024-08-14 15:01:39.459911,0.823529411764706,0.6630434782608701
2024-08-14 15:01:39.466707,2024-08-14 15:01:39.466707,0.8246187363834424,0.6521739130434776
2024-08-14 15:01:39.470830,2024-08-14 15:01:39.470830,0.8257080610021788,0.6630434782608701
2024-08-14 15:01:39.474843,2024-08-14 15:01:39.474843,0.8267973856209152,0.6630434782608701
2024-08-14 15:01:39.478354,2024-08-14 15:01:39.478354,0.8278867102396515,0.6521739130434776
2024-08-14 15:01:39.481783,2024-08-14 15:01:39.481783,0.8289760348583879,0.6413043478260869
2024-08-14 15:01:39.484466,2024-08-14 15:01:39.484466,0.8300653594771243,0.6413043478260869
2024-08-14 15:01:39.487455,2024-08-14 15:01:39.487455,0.8311546840958607,0.6521739130434776
2024-08-14 15:01:39.490319,2024-08-14 15:01:39.490319,0.832244008714597,0.6630434782608701
2024-08-14 15:01:39.493011,2024-08-14 15:01:39.493011,0.8333333333333335,0.6521739130434776
2024-08-14 15:01:39.496088,2024-08-14 15:01:39.496088,0.8344226579520698,0.6521739130434776
2024-08-14 15:01:39.500071,2024-08-14 15:01:39.500071,0.8355119825708063,0.6413043478260869
2024-08-14 15:01:39.502890,2024-08-14 15:01:39.502890,0.8366013071895426,0.6086956521739131
2024-08-14 15:01:39.506130,2024-08-14 15:01:39.506130,0.837690631808279,0.6195652173913038
2024-08-14 15:01:39.508742,2024-08-14 15:01:39.508742,0.8387799564270154,0.6195652173913038
2024-08-14 15:01:39.513141,2024-08-14 15:01:39.513141,0.8398692810457518,0.6086956521739131
2024-08-14 15:01:39.515958,2024-08-14 15:01:39.515958,0.8409586056644881,0.6086956521739131
2024-08-14 15:01:39.518784,2024-08-14 15:01:39.518784,0.8420479302832246,0.6195652173913038
2024-08-14 15:01:39.525140,2024-08-14 15:01:39.525140,0.8431372549019609,0.6086956521739131
2024-08-14 15:01:39.531925,2024-08-14 15:01:39.531925,0.8442265795206972,0.5869565217391299
2024-08-14 15:01:39.536668,2024-08-14 15:01:39.536668,0.8453159041394337,0.5978260869565215
2024-08-14 15:01:39.540785,2024-08-14 15:01:39.540785,0.84640522875817,0.6195652173913038
2024-08-14 15:01:39.551986,2024-08-14 15:01:39.551986,0.8474945533769065,0.5978260869565215
2024-08-14 15:01:39.555742,2024-08-14 15:01:39.555742,0.8485838779956428,0.6086956521739131
2024-08-14 15:01:39.559913,2024-08-14 15:01:39.559913,0.8496732026143792,0.6086956521739131
2024-08-14 15:01:39.572299,2024-08-14 15:01:39.572299,0.8507625272331156,0.5760869565217392
2024-08-14 15:01:39.577799,2024-08-14 15:01:39.577799,0.851851851851852,0.5652173913043477
2024-08-14 15:01:39.580946,2024-08-14 15:01:39.580946,0.8529411764705883,0.5760869565217392
2024-08-14 15:01:39.586699,2024-08-14 15:01:39.586699,0.8540305010893248,0.5760869565217392
2024-08-14 15:01:39.589841,2024-08-14 15:01:39.589841,0.8551198257080611,0.5760869565217392
2024-08-14 15:01:39.592512,2024-08-14 15:01:39.592512,0.8562091503267976,0.5652173913043477
2024-08-14 15:01:39.598727,2024-08-14 15:01:39.598727,0.8572984749455339,0.5652173913043477
2024-08-14 15:01:39.601996,2024-08-14 15:01:39.601996,0.8583877995642702,0.554347826086957
2024-08-14 15:01:39.605159,2024-08-14 15:01:39.605159,0.8594771241830067,0.5108695652173907
2024-08-14 15:01:39.609507,2024-08-14 15:01:39.609507,0.860566448801743,0.5326086956521738
2024-08-14 15:01:39.614703,2024-08-14 15:01:39.614703,0.8616557734204794,0.5217391304347823
2024-08-14 15:01:39.617417,2024-08-14 15:01:39.617417,0.8627450980392158,0.5217391304347823
2024-08-14 15:01:39.620209,2024-08-14 15:01:39.620209,0.8638344226579522,0.5217391304347823
2024-08-14 15:01:39.626692,2024-08-14 15:01:39.626692,0.8649237472766885,0.5434782608695654
2024-08-14 15:01:39.631214,2024-08-14 15:01:39.631214,0.866013071895425,0.5108695652173907
2024-08-14 15:01:39.635555,2024-08-14 15:01:39.635555,0.8671023965141613,0.5217391304347823
2024-08-14 15:01:39.638734,2024-08-14 15:01:39.638734,0.8681917211328978,0.5108695652173907
2024-08-14 15:01:39.643610,2024-08-14 15:01:39.643610,0.8692810457516341,0.5217391304347823
2024-08-14 15:01:39.650685,2024-08-14 15:01:39.650685,0.8703703703703705,0.5217391304347823
2024-08-14 15:01:39.658467,2024-08-14 15:01:39.658467,0.8714596949891069,0.5108695652173907
2024-08-14 15:01:39.661674,2024-08-14 15:01:39.661674,0.8725490196078433,0.5217391304347823
2024-08-14 15:01:39.668081,2024-08-14 15:01:39.668081,0.8736383442265796,0.5217391304347823
2024-08-14 15:01:39.673351,2024-08-14 15:01:39.673351,0.874727668845316,0.5108695652173907
2024-08-14 15:01:39.675977,2024-08-14 15:01:39.675977,0.8758169934640524,0.5217391304347823
2024-08-14 15:01:39.679687,2024-08-14 15:01:39.679687,0.8769063180827888,0.5
2024-08-14 15:01:39.683272,2024-08-14 15:01:39.683272,0.8779956427015252,0.4891304347826084
2024-08-14 15:01:39.687068,2024-08-14 15:01:39.687068,0.8790849673202615,0.5108695652173907
2024-08-14 15:01:39.689831,2024-08-14 15:01:39.689831,0.880174291938998,0.5217391304347823
2024-08-14 15:01:39.692477,2024-08-14 15:01:39.692477,0.8812636165577343,0.5
2024-08-14 15:01:39.702924,2024-08-14 15:01:39.702924,0.8823529411764707,0.4891304347826084
2024-08-14 15:01:39.710777,2024-08-14 15:01:39.710777,0.8834422657952071,0.4891304347826084
2024-08-14 15:01:39.718830,2024-08-14 15:01:39.718830,0.8845315904139435,0.46739130434782616
2024-08-14 15:01:39.723213,2024-08-14 15:01:39.723213,0.8856209150326798,0.47826086956521685
2024-08-14 15:01:39.732981,2024-08-14 15:01:39.732981,0.8867102396514163,0.47826086956521685
2024-08-14 15:01:39.740773,2024-08-14 15:01:39.740773,0.8877995642701526,0.5
2024-08-14 15:01:39.750690,2024-08-14 15:01:39.750690,0.8888888888888891,0.5
2024-08-14 15:01:39.755994,2024-08-14 15:01:39.755994,0.8899782135076254,0.5108695652173907
2024-08-14 15:01:39.758658,2024-08-14 15:01:39.758658,0.8910675381263617,0.5326086956521738
2024-08-14 15:01:39.761652,2024-08-14 15:01:39.761652,0.8921568627450982,0.5217391304347823
2024-08-14 15:01:39.776101,2024-08-14 15:01:39.776101,0.8932461873638345,0.5
2024-08-14 15:01:39.779247,2024-08-14 15:01:39.779247,0.8943355119825709,0.5
2024-08-14 15:01:39.782931,2024-08-14 15:01:39.782931,0.8954248366013073,0.5108695652173907
2024-08-14 15:01:39.786462,2024-08-14 15:01:39.786462,0.8965141612200437,0.5217391304347823
2024-08-14 15:01:39.810925,2024-08-14 15:01:39.810925,0.8976034858387801,0.5217391304347823
2024-08-14 15:01:39.826848,2024-08-14 15:01:39.826848,0.8986928104575165,0.5108695652173907
2024-08-14 15:01:39.830648,2024-08-14 15:01:39.830648,0.8997821350762528,0.5
2024-08-14 15:01:39.835067,2024-08-14 15:01:39.835067,0.9008714596949893,0.5
2024-08-14 15:01:39.838674,2024-08-14 15:01:39.838674,0.9019607843137256,0.5108695652173907
2024-08-14 15:01:39.842180,2024-08-14 15:01:39.842180,0.903050108932462,0.5217391304347823
2024-08-14 15:01:39.845985,2024-08-14 15:01:39.845985,0.9041394335511984,0.5217391304347823
2024-08-14 15:01:39.850340,2024-08-14 15:01:39.850340,0.9052287581699348,0.5326086956521738
2024-08-14 15:01:39.853086,2024-08-14 15:01:39.853086,0.9063180827886711,0.5108695652173907
2024-08-14 15:01:39.856247,2024-08-14 15:01:39.856247,0.9074074074074076,0.5108695652173907
2024-08-14 15:01:39.859407,2024-08-14 15:01:39.859407,0.9084967320261439,0.5217391304347823
2024-08-14 15:01:39.863405,2024-08-14 15:01:39.863405,0.9095860566448803,0.5217391304347823
2024-08-14 15:01:39.868103,2024-08-14 15:01:39.868103,0.9106753812636167,0.5434782608695654
2024-08-14 15:01:39.872037,2024-08-14 15:01:39.872037,0.911764705882353,0.5
2024-08-14 15:01:39.878090,2024-08-14 15:01:39.878090,0.9128540305010895,0.5
2024-08-14 15:01:39.881767,2024-08-14 15:01:39.881767,0.9139433551198258,0.5
2024-08-14 15:01:39.894801,2024-08-14 15:01:39.894801,0.9150326797385622,0.5
2024-08-14 15:01:39.902684,2024-08-14 15:01:39.902684,0.9161220043572986,0.5326086956521738
2024-08-14 15:01:39.926709,2024-08-14 15:01:39.926709,0.917211328976035,0.5217391304347823
2024-08-14 15:01:39.930697,2024-08-14 15:01:39.930697,0.9183006535947714,0.5217391304347823
2024-08-14 15:01:39.946632,2024-08-14 15:01:39.946632,0.9193899782135078,0.5217391304347823
2024-08-14 15:01:39.958246,2024-08-14 15:01:39.958246,0.9204793028322441,0.5326086956521738
2024-08-14 15:01:39.962594,2024-08-14 15:01:39.962594,0.9215686274509806,0.5326086956521738
2024-08-14 15:01:39.969194,2024-08-14 15:01:39.969194,0.9226579520697169,0.4891304347826084
2024-08-14 15:01:39.975656,2024-08-14 15:01:39.975656,0.9237472766884532,0.5108695652173907
2024-08-14 15:01:39.981121,2024-08-14 15:01:39.981121,0.9248366013071897,0.5217391304347823
2024-08-14 15:01:39.986655,2024-08-14 15:01:39.986655,0.925925925925926,0.5217391304347823
2024-08-14 15:01:39.994972,2024-08-14 15:01:39.994972,0.9270152505446625,0.5326086956521738
2024-08-14 15:01:40.000739,2024-08-14 15:01:40.000739,0.9281045751633988,0.5434782608695654
2024-08-14 15:01:40.004540,2024-08-14 15:01:40.004540,0.9291938997821352,0.5434782608695654
2024-08-14 15:01:40.012190,2024-08-14 15:01:40.012190,0.9302832244008716,0.5326086956521738
2024-08-14 15:01:40.019968,2024-08-14 15:01:40.019968,0.931372549019608,0.5108695652173907
2024-08-14 15:01:40.023880,2024-08-14 15:01:40.023880,0.9324618736383443,0.5217391304347823
2024-08-14 15:01:40.034688,2024-08-14 15:01:40.034688,0.9335511982570808,0.5326086956521738
2024-08-14 15:01:40.042755,2024-08-14 15:01:40.042755,0.9346405228758171,0.5434782608695654
2024-08-14 15:01:40.056959,2024-08-14 15:01:40.056959,0.9357298474945535,0.5434782608695654
2024-08-14 15:01:40.090737,2024-08-14 15:01:40.090737,0.9368191721132899,0.554347826086957
2024-08-14 15:01:40.094838,2024-08-14 15:01:40.094838,0.9379084967320263,0.5652173913043477
2024-08-14 15:01:40.109230,2024-08-14 15:01:40.109230,0.9389978213507627,0.5652173913043477
2024-08-14 15:01:40.113698,2024-08-14 15:01:40.113698,0.940087145969499,0.5652173913043477
2024-08-14 15:01:40.116349,2024-08-14 15:01:40.116349,0.9411764705882354,0.5652173913043477
2024-08-14 15:01:40.122637,2024-08-14 15:01:40.122637,0.9422657952069718,0.5652173913043477
2024-08-14 15:01:40.126642,2024-08-14 15:01:40.126642,0.9433551198257082,0.4891304347826084
2024-08-14 15:01:40.129584,2024-08-14 15:01:40.129584,0.9444444444444445,0.21739130434782616
2024-08-14 15:01:40.132660,2024-08-14 15:01:40.132660,0.945533769063181,0.2934782608695645
2024-08-14 15:01:40.137733,2024-08-14 15:01:40.137733,0.9466230936819173,0.36956521739130377
2024-08-14 15:01:40.142646,2024-08-14 15:01:40.142646,0.9477124183006538,0.36956521739130377
2024-08-14 15:01:40.167049,2024-08-14 15:01:40.167049,0.9488017429193901,0.3913043478260869
2024-08-14 15:01:40.171891,2024-08-14 15:01:40.171891,0.9498910675381265,0.36956521739130377
2024-08-14 15:01:40.176237,2024-08-14 15:01:40.176237,0.9509803921568629,0.3913043478260869
2024-08-14 15:01:40.179323,2024-08-14 15:01:40.179323,0.9520697167755993,0.36956521739130377
2024-08-14 15:01:40.186686,2024-08-14 15:01:40.186686,0.9531590413943356,0.36956521739130377
2024-08-14 15:01:40.191694,2024-08-14 15:01:40.191694,0.9542483660130721,0.3478260869565215
2024-08-14 15:01:40.195574,2024-08-14 15:01:40.195574,0.9553376906318084,0.3586956521739131
2024-08-14 15:01:40.198911,2024-08-14 15:01:40.198911,0.9564270152505447,0.36956521739130377
2024-08-14 15:01:40.274824,2024-08-14 15:01:40.274824,0.9575163398692812,0.38043478260869534
2024-08-14 15:01:40.280295,2024-08-14 15:01:40.280295,0.9586056644880175,0.36956521739130377
2024-08-14 15:01:40.283811,2024-08-14 15:01:40.283811,0.959694989106754,0.3913043478260869
2024-08-14 15:01:40.292679,2024-08-14 15:01:40.292679,0.9607843137254903,0.4021739130434776
2024-08-14 15:01:40.296272,2024-08-14 15:01:40.296272,0.9618736383442267,0.4021739130434776
2024-08-14 15:01:40.300986,2024-08-14 15:01:40.300986,0.9629629629629631,0.3913043478260869
2024-08-14 15:01:40.306593,2024-08-14 15:01:40.306593,0.9640522875816995,0.4021739130434776
2024-08-14 15:01:40.309454,2024-08-14 15:01:40.309454,0.9651416122004358,0.4130434782608692
2024-08-14 15:01:40.313435,2024-08-14 15:01:40.313435,0.9662309368191723,0.42391304347826075
2024-08-14 15:01:40.316489,2024-08-14 15:01:40.316489,0.9673202614379086,0.4456521739130439
2024-08-14 15:01:40.322815,2024-08-14 15:01:40.322815,0.9684095860566451,0.4456521739130439
2024-08-14 15:01:40.326673,2024-08-14 15:01:40.326673,0.9694989106753814,0.4565217391304346
2024-08-14 15:01:40.329531,2024-08-14 15:01:40.329531,0.9705882352941178,0.4456521739130439
2024-08-14 15:01:40.332722,2024-08-14 15:01:40.332722,0.9716775599128542,0.4565217391304346
2024-08-14 15:01:40.335575,2024-08-14 15:01:40.335575,0.9727668845315905,0.4456521739130439
2024-08-14 15:01:40.339870,2024-08-14 15:01:40.339870,0.9738562091503269,0.43478260869565233
2024-08-14 15:01:40.343720,2024-08-14 15:01:40.343720,0.9749455337690633,0.46739130434782616
2024-08-14 15:01:40.347124,2024-08-14 15:01:40.347124,0.9760348583877997,0.4565217391304346
2024-08-14 15:01:40.375121,2024-08-14 15:01:40.375121,0.977124183006536,0.4565217391304346
2024-08-14 15:01:40.377948,2024-08-14 15:01:40.377948,0.9782135076252725,0.43478260869565233
2024-08-14 15:01:40.382758,2024-08-14 15:01:40.382758,0.9793028322440088,0.4565217391304346
2024-08-14 15:01:40.390778,2024-08-14 15:01:40.390778,0.9803921568627453,0.46739130434782616
2024-08-14 15:01:40.403647,2024-08-14 15:01:40.403647,0.9814814814814816,0.47826086956521685
2024-08-14 15:01:40.407042,2024-08-14 15:01:40.407042,0.982570806100218,0.4891304347826084
2024-08-14 15:01:40.414672,2024-08-14 15:01:40.414672,0.9836601307189544,0.4891304347826084
2024-08-14 15:01:40.417634,2024-08-14 15:01:40.417634,0.9847494553376908,0.4891304347826084
2024-08-14 15:01:40.423172,2024-08-14 15:01:40.423172,0.9858387799564271,0.4891304347826084
2024-08-14 15:01:40.426746,2024-08-14 15:01:40.426746,0.9869281045751636,0.4891304347826084
2024-08-14 15:01:40.432462,2024-08-14 15:01:40.432462,0.9880174291938999,0.5108695652173907
2024-08-14 15:01:40.439320,2024-08-14 15:01:40.439320,0.9891067538126364,0.5108695652173907
2024-08-14 15:01:40.442893,2024-08-14 15:01:40.442893,0.9901960784313727,0.5
2024-08-14 15:01:40.447256,2024-08-14 15:01:40.447256,0.991285403050109,0.5108695652173907
2024-08-14 15:01:40.455537,2024-08-14 15:01:40.455537,0.9923747276688455,0.47826086956521685
2024-08-14 15:01:40.462889,2024-08-14 15:01:40.462889,0.9934640522875818,0.47826086956521685
2024-08-14 15:01:40.472072,2024-08-14 15:01:40.472072,0.9945533769063182,0.47826086956521685
2024-08-14 15:01:40.477214,2024-08-14 15:01:40.477214,0.9956427015250546,0.5
2024-08-14 15:01:40.482801,2024-08-14 15:01:40.482801,0.996732026143791,0.5
2024-08-14 15:01:40.489079,2024-08-14 15:01:40.489079,0.9978213507625274,0.47826086956521685
2024-08-14 15:01:40.494840,2024-08-14 15:01:40.494840,0.9989106753812637,0.4891304347826084
2024-08-14 15:01:40.502781,2024-08-14 15:01:40.502781,1.0,0.5
